a,1820,1
all,1998,14
angriote,1803,1068
akosh,1850,531
a,1817,1
airspace,1867,1
application,1900,4
a,1826,2
application,1996,5
application,1845,1
arobynn,2012,1001
alokotan,1915,509
action,1809,2
an,1810,1
arlbery,1796,871
a,1874,1
a,1903,1
are,1727,1
a,1856,1
an,1567,1
as,1475,10
a,1874,1
action,1472,1
a,1818,1
action,2008,2
and,1819,1
airfare,1892,1
a,1816,1
action,1847,1
are,1611,1
app,1991,2
a,1819,1
an,1804,1
ancillarylaws,1936,888
a,1821,1
application,2001,4
angakok,1872,9
all,1989,1
annaline,1824,1509
a,1813,1
actionscript,1993,1
a,1819,1
are,1480,1
a,1813,1
application,1842,1
arrelsford,1895,6
airspace,1930,2
and,1771,1
albayzar,1807,2387
are,1711,1
alias,1986,3
a,1599,1
appendixes,1813,1
a,1827,1
application,1756,1
angakok,1872,9
ashcroft,1789,1
a,1850,1
akakiievich,1943,725
airworthiness,1941,1
alpatych,1904,550
airworthiness,1960,1
adfts,1942,906
alias,1751,1
a,1813,1
at,1890,1
all,1477,1
airworthiness,1789,3922
a,1812,1
all,1979,1
appendixes,1813,1
a,1820,1
application,2010,47
a,1822,1
app,2006,1
a,1907,1
arrelsford,1898,1163
a,1877,1
a,1832,1
airspace,1889,1
arpeley,1849,681
an,1823,1
alpacuna,1832,1002
application,1900,18
aleytys,1977,600
airspace,1867,1
all,1995,8
accserv,1989,587
all,1994,2
akaka,1627,1
app,1878,1
action,1900,2
application,1840,1
an,1472,12
action,2009,1
a,2003,3
a,1868,1
a,1754,1
akaka,1991,1
a,1859,2
arcadiapublishing,2008,522
a,1832,1
alokotan,1915,509
action,1989,1
action,1815,1
action,2008,1
app,1900,3
and,1809,1
airfare,1965,6
a,1851,1
as,1992,7
a,1832,1
an,1826,1
akaka,1627,1
application,1785,1
a,1834,1
a,1836,1
alvord,1808,682
an,1475,3
ahhhhhhhhhhhhhhhhhhhhhhhhhhhhhhhhhhhhhhhhhhhhhhhhhhhhhhhhhhhhhhhhhhhhhhhh,2019,269
a,1816,1
a,1878,1
a,1864,1
amiloun,1810,41
a,1867,1
at,1984,1
a,1861,1
application,1808,1
akaka,1789,1680
app,1874,1
application,2000,6
a,1845,1
a,1766,1
action,1826,1
a,1807,1
a,1876,1
all,1477,2
application,1845,1
atripla,2006,573
airworthiness,1930,1
award,1501,458
app,1971,21
a,1884,1
acefrs,1947,2830
a,1903,1
all,1476,3
a,1813,1
a,1908,2
application,1792,1
a,1840,1
and,1781,1
an,1777,1
a,1854,1
arkadevich,1904,20
at,1882,1
application,1827,4
application,1912,2
a,1827,1
acid,1475,60
an,1804,1
a,1814,1
a,1499,1
a,1867,1
app,1991,2
a,1850,1
an,1845,1
application,1822,1
a,1819,1
a,1868,1
a,1865,2
aptivus,2005,1033
a,1811,1
a,1799,1
alcaldia,1890,1
application,2008,14
a,1820,1
alekseyevna,1886,8
alias,1849,1
application,1984,1
a,1853,1
a,1866,1
all,1475,19
an,1601,1
application,1839,1
application,1472,1
appendixes,1829,3
action,1726,1
app,1824,1
akaka,1860,1
action,1820,1
action,2008,1
aeroassisted,1962,103
amiloun,1810,41
and,1720,1
an,1878,1
an,1866,1
a,1816,1
a,1884,1
alias,1993,6
alvord,1851,1
a,1857,1
app,2007,1
a,1986,3
and,1781,1
an,1826,1
and,1489,2
a,1800,1
and,1501,1
app,1971,33
a,1812,1
a,1847,1
akaloshia,2017,50
ascmb,1968,1148
application,1839,1
app,1971,8
a,1871,2
anisya,1886,27
a,1837,1
application,1833,3
an,1912,1
a,1609,1
acid,1728,1
a,1811,1
a,1850,1
a,1827,1
action,1860,1
an,1845,1
an,1710,1
a,1831,1
an,1764,1
a,1850,2
acid,1764,1
all,1989,1
airfare,1918,2
airspace,1938,1
annenkov,1862,1
a,1703,1
alias,1674,1
a,1831,1
alvord,1849,1
alekseyevna,1886,711
all,1499,1
a,1853,1
akosh,1850,520
all,1885,1
actionscript,2001,2
a,1832,1
an,1878,1
action,1820,2
a,1812,1
award,1716,1
as,1994,2
a,1845,1
action,1856,1
a,1898,1
app,1971,51
app,1971,15
a,1817,1
agcap,1941,663
alias,1794,1
app,2007,13
airworthiness,1941,1
a,1857,1
ambell,1705,1
action,2008,1
action,2008,1
alekseyevna,1886,8
a,1838,1
all,1998,12
alias,1776,1
application,1795,1
a,1832,1
a,1852,1
a,1811,1
a,1851,1
all,1810,1
a,1802,1
a,1889,1
application,2000,3
all,1859,1
appendixes,1813,1
aggageers,1867,18
all,1823,1
all,1989,1
a,1819,1
application,1855,3
a,1834,1
appendixes,1893,1
a,1874,1
a,1819,1
appendixes,1907,1
all,1823,1
action,2008,2
actionscript,1900,550
and,1994,3
app,1874,1
appendixes,1829,1
application,2000,3
a,1858,1
anisya,1899,347
action,1800,1
annenkov,1893,2
an,1794,1
airspace,1912,3
a,1816,1
action,2008,1
action,1829,1
a,1884,4
and,1816,1
application,1900,2
action,1853,5
arbor,1861,1
archimate,1970,719
application,1934,1
all,1989,1
agafbo,1832,577
application,1888,1
a,1818,1
artnewsletter,1923,534
application,1841,1
arbor,1861,1
action,1853,5
avitronic,1961,900
app,1873,1
application,2002,11
a,1838,1
a,1826,1
airworthiness,1832,1
a,1720,1
app,1971,7
a,1819,1
acid,1728,1
an,1538,1
application,1900,3
an,1470,1
a,1926,2
action,2001,1
a,1804,1
ashcroft,1789,1
app,2007,13
anhydrocryptopine,1916,151
a,1809,1
alias,1879,1
a,1873,1
acid,1782,4
application,1785,1
a,1832,1
action,1998,1
a,1819,1
a,1819,1
application,1996,5
a,1851,1
an,1862,1
a,1833,1
action,1987,1
a,1851,2
a,1698,1
application,2010,47
app,1833,1
application,2010,43
an,1851,1
a,1790,1
anisya,1886,125
all,1989,1
action,1809,2
action,1815,1
as,1900,6
a,1711,1
afropollis,1982,1040
a,1804,1
an,1840,1
app,1971,17
a,1790,1
a,1470,2
app,1900,13
app,1971,17
action,2010,8
application,2002,7
a,1815,1
allowawcf,1977,793
a,1698,1
an,1816,1
a,1856,1
a,1814,1
akaka,1991,1
a,1819,1
a,1813,1
akaka,1977,1
a,1688,1
a,1820,1
action,1732,1
archimate,2006,4
action,1845,1
a,1819,1
all,1993,1
are,1635,1
a,1837,1
a,1851,1
and,1781,1
and,1781,1
a,1828,1
a,1570,1
all,1993,1
a,1873,1
as,1995,28
a,1886,1
a,1808,1
and,1814,1
a,1856,1
a,1816,2
a,1815,1
arpeley,1849,681
a,1842,1
appendixes,1823,1
alabert,1862,530
airfare,1914,1
action,1808,1
app,2004,2
arbor,1866,1
application,2001,1
akaka,1789,1680
action,1797,1
actionscript,1900,33
are,1855,1
a,1850,1
a,1856,1
arbor,1732,2
and,1501,1
app,2005,27
a,1953,1
a,1855,1
a,1862,1
and,1747,1
and,1844,1
action,1805,2
a,1853,2
action,1997,20
appendixes,1940,1
all,1995,3
a,1826,1
acid,1807,2
action,1996,120
appendixes,1881,1
airspace,1916,1
a,1812,1
a,1779,1
app,1909,1
arbor,1763,1
at,1747,1
a,1804,1
a,2015,2
a,1810,1
all,2000,1
a,1808,2
a,1821,1
all,1500,6
a,1855,1
avakian,1832,2
action,2008,1
arraial,1819,4
a,1877,1
a,1820,1
action,1860,1
and,1812,1
all,1995,1
a,1793,1
ahunavair,1892,783
an,1857,1
a,1683,1
action,2009,45
ammalat,1843,14
an,1765,1
a,1836,1
an,1805,1
a,1868,1
at,1832,1
a,1692,1
a,1878,1
a,1836,1
arbor,1688,1
and,1669,1
alcaldia,1794,1
action,1844,1
and,1475,3
a,1792,1
a,1867,1
at,1832,1
action,1732,1
ambell,1705,1
a,1814,1
airworthiness,1928,1
a,1895,1
a,1827,1
amiloun,1810,718
a,1807,1
arbor,1800,1
a,1755,1
application,2010,45
a,1711,1
an,1826,1
acid,1776,2
app,1971,17
a,1875,2
agafbo,1832,6
app,2005,52
a,1872,1
a,1852,1
app,1971,7
appendixes,1887,1
a,1839,1
alias,1727,1
action,1900,2
all,1997,1
a,1693,1
a,1853,2
a,1803,1
airspace,1947,1
application,1844,1
and,1810,1
application,2003,1
annaline,1824,15
application,1989,1
acid,1789,1
a,1593,1
are,1478,11
action,1663,1
an,1826,2
a,1910,1
acid,1475,35
airfare,1965,6
a,1808,1
a,1827,1
archimate,1875,1
a,1825,1
all,1998,3
a,1871,1
a,1765,1
allowawcf,1977,792
at,1830,1
a,1826,1
appendixes,1982,1826
a,1834,1
as,1995,29
a,1819,1
a,1865,2
are,1475,1
an,1729,1
a,1766,1
application,1800,1
ancillarylaws,1936,888
aptivus,1987,2
a,1816,1
and,1720,1
acid,1810,1
as,1900,6
award,1871,1
action,1887,2
alderstoke,1823,841
a,1849,1
a,1809,1
acid,1576,1
are,1808,1
a,1856,1
application,2000,2
all,1895,1
a,1877,1
a,1871,2
a,1823,1
a,1775,1
a,1838,1
a,1834,1
a,1828,1
arraial,1812,1
all,1997,1
a,1660,1
all,1808,1
appendixes,1951,14
airfare,1705,1
arbor,1812,2
airworthiness,1921,2
alvord,1868,1
action,1669,1
arbor,1878,1
aidtoenv,2001,975
application,1531,1
action,1779,1
all,1998,14
ashcroft,1789,1
application,1717,1
aptivus,1987,2
application,1765,1
all,2001,1
and,1799,1
application,1818,1
amphitruon,1875,544
action,1800,1
are,1859,1
agrayes,1803,1459
arbor,1831,2
artnewsletter,1975,13
atrazine,1930,1
a,1812,1
anisya,1924,3
an,1810,1
a,1839,1
appendixes,1803,1
appendixes,1887,1
airspace,1904,1
action,1860,1
algoonah,1884,1229
a,1818,1
alvord,1809,1
angakok,1875,40
aeroassisted,1962,55
and,1803,1
action,1779,1
a,1870,1
action,1987,1
an,1808,1
a,1867,1
afropollis,1982,19
action,2008,1
and,1475,2
application,1862,4
a,1950,1
application,1995,2
airfare,1918,2
a,1884,1
action,1847,1
a,1820,1
app,2005,130
airworthiness,1789,3908
a,1853,2
accserv,1989,587
ashcroft,1811,1
a,1821,1
a,1975,1
application,1803,1
actionscript,2002,23
a,1720,1
amaef,1975,1388
anunson,1856,1265
a,1862,1
all,1989,1
action,1847,1
at,1984,1
app,1808,1
airworthiness,1920,1
a,1875,1
afropollis,1982,11
a,1859,2
all,1990,1
a,1827,1
a,1851,1
app,1818,1
a,1808,2
alberzen,1897,509
airspace,1947,1
application,1842,1
achinros,1858,829
a,1838,1
a,1707,1
a,1817,1
arcadiapublishing,2008,522
alias,1669,1
application,1805,1
application,2000,3
a,1867,1
are,1704,1
a,1867,1
aeroassisted,1962,105
amphitruon,1745,2
arkadevich,1904,1852
are,1635,1
a,1843,1
as,1944,1
arcati,1638,2
airworthiness,1917,1
arbor,1812,2
a,1852,1
airfare,1969,1
application,1900,6
all,1805,1
a,1845,1
app,1551,1
a,1869,1
and,1668,1
and,1803,2
app,1971,8
all,1629,1
airworthiness,1920,1
and,1810,1
a,1823,1
ashcroft,1895,1
airfare,1705,1
aigrigny,1844,1202
absians,1819,9
a,1850,1
an,1826,1
application,1997,1
absians,1819,571
aibileen,2009,1976
alvord,1851,1
a,1870,1
a,1819,1
aringarosa,2003,1888
application,1832,1
a,1775,1
a,1821,1
application,1765,1
a,1851,2
and,1790,1
a,1713,1
action,2008,1
a,1831,1
a,1824,1
a,1891,1
a,1877,1
at,1934,1
a,1863,1
arbor,1579,1
ansprolog,2003,1165
a,1859,1
application,2010,25
app,1971,12
a,1954,1
a,1866,1
artnewsletter,1975,13
alekseyevna,1886,711
a,1755,1
all,1801,1
all,1989,1
a,1781,1
app,1900,3
a,1810,1
aggageers,1867,13
application,2001,4
a,1807,1
a,1747,1
a,1849,1
all,1856,1
application,1934,1
a,1852,1
a,1869,1
alias,1810,1
a,1814,1
application,1708,2
a,1853,1
a,1859,1
akosh,1963,4
a,1809,1
a,1819,1
application,1907,1
a,1837,1
acid,1845,2
application,1900,2
a,1839,1
action,1659,1
abeniaf,1808,503
a,1812,1
aeroassisted,1962,58
all,1990,1
a,1823,1
are,1704,1
a,1812,1
authoritynote,1984,520
a,1858,1
a,1808,1
are,1838,1
and,1727,1
action,1846,1
a,1814,1
a,1893,1
a,1888,1
a,1857,1
a,1857,2
alias,1613,4
a,1874,1
aggageers,1867,13
akaka,1977,1
amorassan,1808,958
ashcroft,1789,530
app,1971,47
action,1756,1
airworthiness,1959,1
all,1988,2
airspace,1916,1
a,1857,1
a,1887,1
a,1779,1
a,1683,1
a,1902,1
a,1854,1
an,1826,2
allowawcf,1977,23
albayzar,1807,2384
alpatych,1904,3
all,1993,1
a,1884,1
a,1789,1
application,2008,14
action,1887,2
a,1846,1
an,1851,1
a,1797,1
a,1843,1
alpdtych,1904,860
a,1818,1
a,1808,1
all,1900,2
a,1953,1
a,1945,1
all,1816,1
award,1838,1
an,1807,1
and,1784,1
application,2002,17
aidtoenv,2001,975
airfare,1971,1
a,1824,1
amorassan,1808,950
all,1999,13
app,2005,127
airspace,1881,1
alias,1669,1
alcaldia,1811,9
a,1865,1
application,2009,3
and,1861,1
and,1496,1
arbor,1501,1
airspace,1933,1
arcati,1941,826
action,1893,1
a,1814,1
a,1801,1
and,1994,3
airworthiness,1928,1
a,1826,1
a,1812,1
app,2005,4
a,1802,1
all,1857,2
a,1842,1
airfare,1963,1
an,1774,1
a,1862,1
a,1838,1
all,1995,1
amaef,1975,1389
airworthiness,1937,1
actionscript,2002,10
application,1845,1
a,1841,1
annenkov,1893,2
arcati,1941,826
a,1890,1
archimate,1970,713
appendixes,1822,2
arthiopa,1873,603
alias,1481,1
a,1837,1
a,1850,1
an,1888,1
action,2009,53
acid,1824,1
all,1989,1
acid,1866,1
alias,1669,1
appfabric,2010,4803
alvord,1608,3
a,1832,1
a,1789,1
application,2000,6
alvord,1838,3
a,1886,1
action,2009,6
application,2002,6
app,2003,6
all,1705,1
application,2009,3
a,1838,1
application,1876,1
a,1850,1
arraial,1825,2
an,1472,12
a,1789,1
angriote,1803,1055
a,1838,1
ammassalikers,1914,1080
algawf,1854,545
app,1472,2
a,1808,1
all,1900,10
all,1989,1
a,1876,1
a,1793,1
at,1941,1
application,1531,1
arrelsford,1898,1184
a,1803,1
alvord,1837,1
as,2000,4
a,1812,1
application,2007,9
all,2008,26
a,1839,1
a,1859,2
a,1867,1
a,1845,1
an,1828,1
at,1820,1
a,1705,1
arcrp,1977,23597
arraial,1819,4
a,1803,1
at,2000,5
application,1836,1
a,1848,1
an,1840,1
ayotte,1875,1
aleytys,1977,595
application,1879,1
aptivus,2005,1031
app,1936,1
and,1824,1
application,1840,1
agafbo,1832,619
application,1800,1
anisya,1899,375
absians,1819,9
a,1860,1
alvord,1608,3
alias,1819,1
action,1818,1
application,1472,573
and,1803,1
application,1891,1
altfuldisch,1908,1061
a,1858,1
all,1950,1
app,1999,3
application,1826,1
abboka,1837,832
application,2000,2
appendixes,1982,51
are,1801,1
as,1994,2
an,1810,2
alias,1872,1
a,1858,1
a,1775,1
airspace,1929,1
application,1827,4
a,1820,1
a,1845,1
anunson,1856,2
an,1853,2
airspace,1542,1
and,1743,1
alvord,1808,682
a,1806,1
and,1814,1
acid,1728,1
as,1566,1
anielka,1850,135
app,2003,5
action,1711,1
all,1801,1
a,1812,1
a,1801,1
a,1693,1
application,1891,1
application,1807,1
app,2006,1
app,1906,2
akakiievich,1943,725
app,1878,1
action,2009,6
at,1820,1
a,1837,2
a,1863,1
a,1810,1
a,1878,1
akaka,1977,1
a,1816,1
application,2010,26
a,1808,1
an,1840,1
alvord,1855,1
an,1805,1
application,1975,1
a,1853,1
a,1834,1
anielka,1850,870
a,1862,1
a,1812,1
a,1862,1
action,1472,1
all,1866,1
at,1480,1
acid,1489,3
a,1834,1
a,1840,1
a,1716,1
a,1885,1
all,1885,1
an,1826,1
agafbo,1832,21
acid,1857,2
an,1810,1
application,2009,3
an,1688,1
aggageers,1867,18
application,1900,2
a,1790,1
and,1825,1
a,1807,1
annenkov,1928,1
annenkov,1928,1
alresca,1907,644
a,2015,2
amadiro,1983,528
appfabric,2010,4703
application,1810,1
a,1745,1
alderstoke,1823,842
application,1809,1
as,1997,40
an,1810,1
a,1893,1
a,1837,1
app,1891,1
and,1816,1
a,1849,1
all,1900,2
an,1843,1
alcsc,1964,628
a,1851,1
a,1816,1
a,1908,2
a,1811,1
app,1996,1
arcati,1638,2
app,1971,12
a,1899,1
a,1872,1
allonnes,1903,1
amitiza,2006,698
application,1997,1
application,1832,1
a,1817,1
appendixes,1882,2
a,1855,1
application,1964,1
application,1844,1
algawf,1854,545
airworthiness,1942,2
all,1999,13
a,1787,1
alpdtych,1904,860
application,1809,1
a,1810,1
all,1989,2
action,1799,1
arbor,1732,2
application,1833,1
a,1857,1
aibileen,2009,2083
amitiza,1979,1
app,1991,2
a,1823,1
ashcroft,1789,534
app,2003,5
a,1906,1
actionscript,2000,4
an,1821,1
app,1900,1
arcrp,1891,1
app,1996,1
all,1988,2
app,1855,1
all,1900,1
anlvm,1988,726
alias,1832,1
alvord,1809,1
are,1475,1
a,1838,1
a,1829,1
application,2000,1
application,1760,1
a,1899,1
a,1810,1
acid,1831,1
a,1838,1
a,1848,1
arbor,1480,61
a,1873,1
ammalat,1843,714
a,1843,1
application,2000,1
arrelsford,1895,6
airworthiness,1940,1
application,1855,3
appendixes,1876,1
application,1721,1
and,1803,1
a,1800,1
application,1896,1
alabert,1862,528
application,1984,1
anunson,1856,2
appendixes,1625,1
arbor,1879,1
and,1602,6
award,1862,1
acid,1475,11
are,1812,1
a,1907,1
an,1808,1
app,2007,1
application,1756,1
a,1826,1
an,1857,1
action,2008,2
a,1803,1
a,1833,1
application,1896,1
application,1717,1
an,1800,1
app,2005,4
a,1986,1
app,1614,1
a,1877,1
application,1803,1
app,2004,2
a,1828,1
an,1826,1
atripla,2006,573
an,1796,1
akaka,1860,1
a,1857,1
an,1860,1
a,1839,1
app,1900,2
airworthiness,1949,1
and,1844,1
action,1523,1
a,1827,1
application,1842,1
a,1813,1
all,1994,3
airworthiness,1832,1
airspace,1899,2
at,1475,5
a,1906,1
alvord,1860,1
airspace,1930,2
alpatych,1904,553
a,1660,1
a,1819,1
a,1854,1
application,1900,3
a,1876,1
a,1809,1
a,1863,1
and,1821,1
a,1827,1
a,1891,1
application,1729,2
a,1869,1
action,1659,1
appendixes,1881,1
application,1818,1
a,1826,1
a,1809,1
app,1900,2
a,1877,1
a,1892,1
ahhhhhhhhhhhhhhhhhhhhhhhhhhhhhhhhhhhhhhhhhhhhhhhhhhhhhhhhhhhhhhhhhhhhhhhh,2019,571
a,1844,1
anisya,1886,152
action,2008,2
and,1821,1
application,1765,1
a,1812,1
a,1781,1
avakian,1832,2
a,1779,1
action,1799,1
app,1614,1
all,2001,1
action,1893,1
a,1849,1
a,1853,1
a,1840,1
ammalat,1843,732
a,1857,1
and,1852,1
airworthiness,1917,1
and,1725,1
appendixes,1625,1
a,1826,1
action,2001,1
akaloshia,2017,50
an,1826,1
alberzen,1897,509
application,1964,1
abboka,1837,832
amyrlin,1990,14
appendixes,1783,1
action,1996,155
a,1840,1
a,1609,1
appendixes,1904,1
application,2010,40
application,1523,1
altfuldisch,1908,1043
a,1857,1
a,1844,1
application,1995,2
a,1907,1
application,1810,1
a,1867,1
application,1792,1
a,1688,1
a,1909,1
all,1566,1
appendixes,1568,1
all,1995,3
action,1871,1
and,1713,1
avitronic,1961,900
a,1857,1
app,1576,2
acid,1475,11
ambell,1810,1
a,1866,1
a,1807,1
a,1819,1
all,1839,1
a,1816,1
an,1808,1
ammihuds,2017,552
application,1721,1
a,1809,1
alias,1481,1
a,1822,1
achinros,1858,829
a,1808,1
a,1834,2
are,1523,1
a,1863,1
a,1792,1
a,1846,1
action,1874,3
arbor,1647,1
airspace,1959,1
an,1470,1
acid,1845,2
a,1803,1
allonnes,1848,504
annenkov,1926,7
all,1900,10
a,1849,1
airworthiness,1937,2
alias,1833,4
a,1823,1
a,1874,1
all,1764,1
amyrlin,1990,1349
as,1811,1
a,1856,1
an,1850,2
a,1933,6
and,1825,3
a,1816,1
an,1805,1
all,1472,23
and,1837,1
and,1470,1
all,1824,1
a,1919,1
application,1842,1
alias,1993,6
absians,1819,571
app,1971,17
alias,1584,1
application,1808,1
all,1979,1
anunson,1856,1265
appendixes,1964,1
arbor,1742,1
a,1850,1
airspace,1938,1
app,2006,15
action,1848,1
a,1806,1
a,1986,2
a,1874,1
anglishte,2018,2039
a,1871,1
airworthiness,1937,1
application,1841,1
a,1472,7
allowawcf,1977,1
and,1475,3
and,1828,1
as,1992,7
archimate,1970,6
a,1869,1
application,1724,1
all,1998,12
alias,1815,1
a,1832,1
application,1822,1
appendixes,1568,1
and,1674,1
application,1876,1
award,1838,1
application,1845,1
a,1872,1
all,1993,1
actionscript,2000,2
a,1707,1
agreedcase,1972,1207
all,1822,1
amitiza,1979,1
a,1730,1
are,1705,1
annadoah,1912,739
argandeau,1934,700
action,1669,1
a,1870,1
arobynn,2012,997
all,1714,1
a,1895,1
a,1822,1
a,1746,1
arkadyevitch,1886,2
a,1851,1
arbor,1892,1
all,1533,1
adfts,1942,906
a,1850,1
all,1832,1
a,1851,1
and,1827,1
a,1856,3
a,1764,1
a,1847,2
a,1758,1
an,1604,1
a,1819,1
arkadyevitch,1886,2
application,1472,49
alvord,1868,1
appendixes,1904,1
and,1821,1
app,1991,3
a,1827,1
app,1807,1
a,1813,1
airworthiness,1921,2
a,1849,1
a,1746,1
ammihuds,2017,552
a,1848,1
action,1779,1
application,2000,3
app,1971,19
appendixes,1982,52
application,1989,1
all,1999,4
arbor,1638,1
a,1876,1
a,1813,1
a,1475,1
a,1819,1
a,1831,1
a,1822,1
a,1834,1
a,1817,1
a,1785,1
a,1777,1
akaloshia,2017,672
application,1985,1
artnewsletter,1923,534
action,2008,1
a,1817,1
an,1821,1
a,1853,1
a,1808,1
a,1777,1
a,1793,1
a,1791,1
ascmb,1968,1148
application,1900,3
a,1832,1
a,1850,1
a,1833,1
arraial,1812,1
a,1839,1
a,1830,1
application,1845,1
akaloshia,2017,672
appendixes,1982,1827
and,1771,1
and,1528,1
application,1999,2
adhinam,1887,1086
a,1889,1
a,1716,1
all,1900,4
all,1499,1
a,1833,1
and,1820,1
a,1802,1
application,1826,1
application,2000,1
as,1776,1
a,1831,1
and,1807,1
a,1865,1
a,1480,1
action,1946,1
a,1891,1
a,1811,1
action,1726,1
a,1850,1
a,1899,1
application,1900,4
a,1688,1
as,1997,39
action,1892,1
alvord,1837,1
action,1711,1
a,1808,1
a,1874,1
and,1811,1
a,1852,1
action,2010,8
a,1859,1
a,1891,1
all,1989,1
a,1850,1
app,1971,2
and,1716,1
all,1989,1
arbor,1604,1
application,1912,2
action,2010,8
a,1821,1
appendixes,1893,1
a,1820,6
agoneaseah,1829,580
are,1533,1
action,1797,1
a,1801,1
a,1807,1
akuebue,1964,545
a,1855,1
anlvm,1988,717
arbor,1480,61
actionscript,1900,17
application,1472,49
application,1809,1
a,1884,3
a,1850,2
at,1472,1
a,1975,1
application,1845,1
a,1868,1
action,1846,1
arthiopa,1873,604
alcsc,1964,624
airworthiness,1789,13
a,1862,1
a,1800,1
a,1832,1
alresca,1907,644
a,1847,1
a,1831,1
alabert,1823,1
airfare,1978,5
a,1891,1
a,1834,1
ayotte,1789,718
ahunavair,1892,783
a,1869,1
an,1601,1
atsaic,1964,851
a,1794,1
arkadevich,1904,1857
appendixes,1813,1
a,1859,1
a,1808,1
app,1892,1
agafbo,1832,11
as,1807,1
action,1820,1
arbor,1858,1
action,2008,3
application,1805,1
a,1818,1
a,1688,1
a,1816,2
action,1892,3
a,1877,1
as,1475,7
a,1838,1
a,1838,1
alias,1584,1
a,1898,1
a,1853,1
a,1838,1
a,1833,1
a,1849,1
amphitruon,1875,550
application,1900,3
acid,1776,2
application,1812,2
appendixes,1822,2
a,1837,1
a,1776,1
a,1877,1
action,1983,9
appendixes,1834,1
app,1971,3
app,1551,1
acid,1728,1
action,1756,1
app,1950,1
appendixes,1882,2
a,1809,1
a,1472,84
a,1807,1
application,2000,1
a,1867,1
airspace,1789,1853
agrayes,1803,1491
application,1900,2
aigrigny,1845,6
airworthiness,1946,1
alcaldia,1811,9
all,1992,1
action,2010,8
a,1827,1
and,1617,1
all,2008,26
a,1833,1
atrazine,1684,2
action,1835,1
appfabric,2010,90
arbor,1871,1
application,2004,1
as,1475,1
a,1821,1
agoneaseah,1829,4
a,1817,1
a,1851,1
alias,1787,2
airfare,1870,540
and,1830,1
action,1911,1
a,1950,1
application,2009,3
are,1869,1
archimate,1875,1
a,1873,1
alcaldia,1794,1
application,1729,2
a,1794,1
action,1892,1
ambell,1810,1
at,1860,1
arbor,1816,1
appendixes,1829,3
and,1821,1
action,1965,1
all,1993,1
a,1812,1
a,1878,1
all,1629,1
action,1805,2
app,2005,10
ahhhhhhhhhhhhhhhhhhhhhhhhhhhhhhhhhhhhhhhhhhhhhhhhhhhhhhhhhhhhhhhhhhhhhhhh,2019,68
airfare,1977,1
alpacuna,1832,996
a,1933,5
all,1478,1
a,1804,1
alias,1833,1
a,1844,1
ayotte,1875,1
application,1795,1
a,2003,3
agoneaseah,1829,580
ammassalikers,1914,1080
action,1860,1
application,1800,1
and,1817,1
a,1871,1
airworthiness,1942,1
action,1835,1
application,1779,1
app,1971,25
ahhhhhhhhhhhhhhhhhhhhhhhhhhhhhhhhhhhhhhhhhhhhhhhhhhhhhhhhhhhhhhhhhhhhhhhh,2019,925
a,1833,1
a,1814,2
a,1818,1
award,1838,1
application,1750,1
allowawcf,1977,23
action,1999,4
at,1903,1
actionscript,1900,1
amyrlin,1990,1335
a,1906,1
a,1807,1
application,1800,1
a,1806,1
arbor,1501,1
a,1919,1
abeniaf,1808,504
a,1802,1
a,2013,3
a,1884,1
a,1857,1
an,1847,1
all,1995,1
anielka,1850,735
and,1817,1
action,1472,16
a,1824,1
a,1753,1
a,1851,1
afropollis,1982,1006
agrayes,1803,32
a,1855,1
application,2010,19
a,1822,1
alias,1869,1
airspace,1789,1853
a,1851,2
a,1776,1
and,1715,1
a,1599,1
a,1832,1
an,1816,6
action,1829,1
all,1989,1
action,2008,1
a,1767,1
airworthiness,1949,22
application,2004,1
a,1858,1
a,1842,1
all,1989,2
all,1472,23
actionscript,2001,1
a,1800,1
arkadyevitch,1886,1537
a,1834,1
at,1472,1
award,1716,1
all,1989,2
a,1850,2
award,1501,458
app,1971,35
a,1807,1
and,1602,6
airspace,1542,1
a,1843,1
all,1821,1
a,1870,1
application,1907,1
agoneaseah,1829,4
a,1818,1
appendixes,1832,1
a,1850,1
a,1839,1
a,1818,1
allonnes,1848,504
a,1834,1
allonnes,1903,1
app,1999,3
airfare,1870,544
annaline,1824,1471
application,1996,8
alias,1833,1
and,1819,1
ayotte,1789,718
application,1985,1
a,1803,2
as,1811,1
acid,1782,4
a,1753,1
all,1856,1
all,1900,4
anhydrocryptopine,1916,189
amadiro,1983,532
a,1593,1
a,1820,6
a,1747,1
action,1472,16
a,1917,1
action,2008,2
action,1756,1
action,1505,1
alvord,1855,1
app,1900,13
at,2000,2
a,1826,1
actionscript,1993,1
a,1820,1
annadoah,1912,810
alvord,1841,1
action,1779,1
at,1903,1
a,1951,2
an,1807,1
action,1887,2
a,1499,1
agenciesinterest,1969,810
app,1841,2
an,1832,1
arbor,1763,1
app,1792,1
a,1903,1
app,2006,15
application,1748,1
application,1708,2
application,1862,4
ashcroft,1868,1
a,1832,2
a,1821,1
a,1865,1
all,1900,1
amphitruon,1745,2
an,1475,11
a,1730,1
application,2002,19
and,1816,1
ambell,1982,763
application,1809,1
airfare,1969,1
airspace,1933,1
a,1857,1
ashcroft,1868,1
a,1829,1
argandeau,1934,689
a,1987,6
a,1844,1
a,1892,1
application,1779,1
app,1576,2
are,1815,1
a,1855,1
application,1760,1
at,1581,1
a,1837,1
a,1867,1
all,1476,3
acefrs,1947,2830
airworthiness,1940,1
a,1800,1
a,1824,1
amiloun,1810,718
app,1971,10
a,1865,1
a,1862,1
application,2003,1
a,1832,1
ashcroft,1895,1
application,2007,9
a,1849,1
application,1975,1
a,1844,1
a,1832,1
a,1848,1
a,1893,1
a,1903,1
a,1789,1
asaprobuec,1975,605
a,1570,1
all,1869,1
amitiza,2006,699
are,1837,1
app,2005,3
and,1470,1
action,1879,1
a,1820,1
action,1878,2
a,1986,2
aldarin,1864,977
a,1827,1
application,1893,1
application,1750,1
a,1824,1
as,1944,1
all,1950,1
adhinam,1887,1081
all,1859,1
an,1805,1
application,1833,3
and,1821,1
a,1844,1
action,1808,1
a,1803,1
alias,1810,1
a,2013,3
action,1997,20
and,1837,1
appendixes,1876,1
a,1850,2
arbor,1871,1
all,1992,1
a,1816,1
a,1851,1
anglishte,2018,2039
a,1986,2
a,1838,1
application,1785,1
a,1826,1
appendixes,1907,1
an,1845,1
as,1475,18
all,1906,1
a,1809,1
application,1836,1
application,1888,1
application,1833,1
a,1803,1
a,1809,1
a,1827,1
all,2000,1
a,1838,1
akuebue,1964,544
app,1971,1
a,1746,1
a,1903,1
a,1826,1
actionscript,1900,616
a,1821,1
application,2003,1
annenkov,1862,1
airfare,1971,1
a,1766,1
app,1971,12
arbor,1888,1
a,1843,1
all,1989,1
all,1994,3
a,1529,1
a,1831,1
algoonah,1884,1229
a,1848,1
a,1851,1
agenciesinterest,1969,810
a,1874,1
a,1839,1
a,1835,2
annaline,1824,15
a,1829,1
application,1472,1
as,1875,1
a,1792,1
action,1983,9
a,1848,1
all,1995,8
a,1806,1
a,1855,1
a,1692,1
a,1774,1
and,1816,1
a,1827,1
award,1838,1
a,1801,1
an,1851,1
a,1832,2
a,1837,1
arbor,1480,454
application,1900,18
alias,1737,1
airfare,1977,1
a,1859,1
authoritynote,1984,520
a,1820,1
a,1815,1
a,1914,1
a,1845,1
a,1764,1
a,1824,1
a,1803,1
asaprobuec,1975,645
app,2003,6
a,1811,1
an,1840,1
a,1834,1
at,1882,1
application,2010,43
action,1820,2
angakok,1875,40
and,1803,1
and,1731,1
application,1807,1
a,1856,1
at,1934,1
action,1998,1
a,1855,1
a,1884,3
agcap,1941,663
a,1790,1
a,1822,1
a,1899,1
a,1804,1
application,2002,11
application,1893,1
a,1849,1
a,1855,1
application,1996,8
an,1821,1
a,1859,1
action,1989,1
a,1804,1
app,1971,40
application,1900,6
application,1765,1
all,1999,4
all,1875,1
atrazine,1684,2
a,1833,1
aigrigny,1845,6
a,1779,1
app,1971,16
a,1855,1
application,1785,1
a,1824,1
a,1887,1
actionscript,1900,14
a,1878,1
a,1791,1
action,1818,1
a,1851,1
a,1858,1
a,1839,1
arlbery,1796,870
a,1832,1
a,1795,1
at,1819,1
aringarosa,2003,1888
app,2005,49
a,1871,1
arbor,1800,1
award,1862,1
all,1989,2
a,1713,1
aldarin,1864,978
a,1803,1
akosh,1959,1
application,1999,2
an,1947,1
acid,1475,25
a,1859,1
a,1836,1
actionscript,1900,2
action,1845,1
atsaic,1964,850
alabert,1823,1
a,1812,1
a,1860,1
a,1885,1
application,1748,1
app,1472,2
a,1910,1
all,1478,1
action,1911,1
a,1816,1
as,2000,3
a,1954,1
a,1847,3
aeroassisted,1962,2
acid,1789,1
alias,1843,1
app,2005,30
actionscript,1900,1
application,2000,3
acid,1777,1
a,1794,1
a,1877,1
application,2010,15
all,1989,1
application,1523,1
ansprolog,2003,1083
application,1889,1
all,1808,1
and,1716,1
a,1794,1
a,1795,1
and,1668,1
a,1843,1
application,1812,2
a,1926,2
action,1874,3
arkadyevitch,1886,1537
a,1816,1
an,1500,2
application,1472,573
app,1900,1
arkadevich,1904,20
a,1705,1
aigrigny,1844,1202
a,1470,2
a,1884,4
application,2003,1
a,1809,1
a,1986,3
a,1668,1
airfare,1870,4
are,1892,1
app,1971,4
alvord,1860,1
all,1993,1
a,1810,1
an,1874,1
an,1826,1
arbor,1480,454
ambell,1982,824
are,1478,11
a,1840,1
airworthiness,1930,1
all,1998,4
application,2000,3
award,1860,1
company,1815,1
ayotte,1754,4
company,1846,1
c,1825,1
b,1819,1
coons,1789,1
b,1817,1
businessentityid,2008,673
begench,1950,779
c,1847,1
board,1849,1
b,1859,1
c,1884,1
cws,1702,1
company,1669,1
c,1808,1
bischowsky,1881,2524
corzine,2002,7
c,1816,1
cfs,1500,1
as,1819,1
c,1911,1
buzhazi,1996,921
braintech,1994,2
b,1813,1
brand,1879,1
b,1822,1
board,1900,1
bingaman,1907,1
cromwell,1538,18
as,1911,1
blumenthal,1489,1
board,1902,1
cmsaac,2007,2537
at,1834,1
bellmon,1975,400
cheysuli,1984,4
boozman,1953,7
c,1974,1
beroldo,1807,549
at,1734,1
atropium,1821,140
bibliotekov,1934,511
as,1814,1
c,1863,1
b,1475,6
briolania,1803,639
c,1793,1
c,1802,1
calath,1974,546
b,1708,1
c,1805,1
company,1832,1
board,1902,1
c,1862,1
control,1472,59
at,1828,1
board,1900,1
compounds,1475,1
businessentityid,2008,692
control,1896,1
c,1816,1
brand,2016,757
b,1798,1
bogarev,1943,736
braintech,1941,687
clarentine,1796,6
b,1866,1
c,1841,1
c,1764,1
beautrelet,1910,1222
b,1833,1
bhonslay,1826,6
chambliss,1789,1104
c,1909,1
beaninfo,1997,579
compounds,1776,1
brand,1858,1
b,1832,1
corzine,1902,1
b,1859,1
board,1830,1
c,1845,1
cornyn,1869,1
b,1854,1
coons,1789,1
control,1895,1
board,1859,1
b,1877,1
b,1900,1
c,1853,1
barnsback,1844,1294
b,1819,1
breaux,1895,1
b,1812,1
b,1867,1
crackback,1839,8
c,1832,1
constitution,1858,1
awishira,1946,555
basquine,1846,10
colambre,1818,2
c,1838,1
at,1472,14
b,1915,1
as,1807,1
c,1814,1
b,1854,1
control,1948,1
begich,1789,2
c,1814,1
canetto,1657,1
b,1852,1
b,1822,1
blumenthal,1892,1
compounds,1601,1
b,1989,2
capitolreader,2017,628
as,1843,2
b,1781,1
as,1826,1
b,1834,1
board,1902,1
b,1701,1
ccsprite,2010,601
breaux,1876,1
c,1901,1
b,1860,1
c,1890,1
c,1801,1
b,1854,1
b,1907,1
b,1917,1
cosponsor,1874,4
cws,1941,1
carthlyntus,1858,507
bundercombe,1913,927
cgplaeng,2004,1947
cadenhouse,1900,879
c,1844,1
c,1801,1
c,1874,1
b,1831,1
compounds,1800,1
c,1911,1
b,1880,1
as,1815,1
as,1815,1
cfs,1911,2
bellmon,1925,1
brownback,1878,3
cdwsp,1981,532
b,1807,1
bannswright,1825,551
biden,1789,1308
b,1853,1
atrazine,1684,229
cornyn,1869,1
bladex,1865,1
cosponsors,1874,1
c,1859,1
b,1854,1
c,1508,1
conchubor,1910,491
beroldo,1807,542
b,1852,1
b,1899,1
b,1860,1
cromwell,1709,1
c,1824,1
b,1935,1
control,1915,1
biden,1843,1
barsselius,1891,594
beaninfo,1900,1
biden,1789,1
capitolreader,2017,314
constitution,1801,1
c,1819,1
b,1863,1
b,1817,2
clcadm,1972,14281
busyville,1870,714
c,1902,1
b,1899,1
caznaia,1975,655
biden,1842,2
brownback,1926,1
bladex,1684,633
b,1883,2
b,1849,4
board,1910,1
c,1649,1
creoitweek,1985,1
bindloose,1824,955
biden,1906,1
caemlyn,1990,723
as,1470,1
at,1929,1
b,1846,1
c,1877,1
bellamant,1732,484
control,1853,1
c,1974,1
beaninfo,1900,1
atropium,1821,140
award,1781,1
control,1914,1
castaletti,1879,728
c,1908,1
c,1875,1
cameroons,1862,1
as,1873,1
bolevich,1936,732
braintech,1941,1
b,1825,1
cryptopia,1867,17
cmsaac,2007,2537
artnewsletter,1923,2
calath,1621,1
bellmon,1490,1
bayh,1490,1
board,1701,1
board,1830,1
blumenthal,1881,2
compounds,1891,1
brownback,1901,2
c,1826,1
barrasso,1789,637
b,1830,1
control,1789,1
b,1879,1
b,1809,3
c,1910,1
cosponsor,1874,1
at,1818,1
chambliss,1845,2
board,1823,1
atrazine,1949,1
candaca,1807,850
blockdg,1894,696
brand,1816,1
c,1909,1
b,1836,1
bellmon,1969,184
constitution,1811,1
bunfit,1872,1450
control,1789,1
caafr,1927,993
board,1859,1
c,1832,1
cauvignac,1895,2751
barrasso,1911,1
b,1762,1
begich,1789,809
b,1855,1
c,1972,37
c,1816,1
board,1859,1
beilfuss,1891,2
control,1989,3
b,1845,1
c,1832,2
c,1901,1
c,1875,1
camai,1832,1
c,1848,1
board,1847,1
brand,1803,1
baligurha,1966,733
b,1810,1
bfsp,1920,1616
b,1813,1
c,1958,1
canaanhon,2017,142
b,1825,1
boozman,1953,7
c,1846,1
c,1856,1
c,1957,1
c,1848,1
cameroons,1911,1
b,1863,1
board,1917,1
c,1865,1
at,1472,15
bolsevik,1918,79
b,1834,1
cromwell,1784,1
b,1813,1
c,1869,1
as,1834,1
blaiwas,1912,603
c,1853,1
c,1846,1
brainfluence,2011,520
b,1913,1
c,1792,1
cardyllian,1867,1739
board,1737,1
c,1878,1
boozman,1789,612
baligurha,1966,733
bischowsky,1881,2524
c,1901,1
c,1860,1
company,1866,1
b,1844,1
c,1832,1
brandenberry,1842,751
cardinegh,1910,644
cosponsor,1946,1
b,1817,1
c,1810,1
b,1832,1
bellmon,1973,2
b,1823,1
byerdale,1840,909
corzine,1902,1
board,1805,1
biden,1902,1
brand,1800,1
curryfin,1860,236
c,1727,1
blazec,1898,764
board,1907,1
c,1827,1
c,1765,1
company,1839,1
c,1811,1
bladesover,1908,16
braintech,1994,2
constitution,1793,1
c,1816,1
battlestage,2019,1607
babbalanja,1849,92
board,1849,1
company,1808,2
cattacomb,1872,881
c,1870,1
b,1777,1
cocast,1841,12
berlinton,1796,526
cosponsors,1956,2
b,1820,1
at,1501,1
chambliss,1881,2
bhonslay,1826,1545
brownback,1923,1
backslopes,1925,4
crapo,1839,2
b,1879,1
control,1989,3
c,1901,1
bolevich,1936,732
brand,2016,757
c,1874,1
b,1814,1
c,1814,1
cosponsor,1874,30
c,1864,1
c,1996,1
crapo,1789,1459
c,1825,1
bolsevik,1918,1317
c,1741,1
board,1827,1
control,1885,1
b,1840,1
constitution,1822,1
company,1846,1
b,1913,1
cfs,1500,1
cosponsor,1874,1
c,1631,1
canaanhon,2017,360
b,1701,1
at,1740,1
board,1900,1
c,1731,2
c,1856,1
bhonslay,1826,1545
beaucrillon,1887,1202
castagnello,1820,1047
b,1837,1
b,1882,1
at,1820,1
b,1819,1
brand,2016,2729
c,1824,1
bogarev,1943,732
board,1884,1
cws,1637,1
at,1814,1
control,1906,1
braintech,1941,1
bublanski,2009,2189
b,1807,1
c,1816,1
bagratidn,1904,715
c,1883,1
c,1756,1
botukebo,1936,675
biologiya,1959,782
c,1822,1
bardiglione,1811,138
cfsti,1860,1
bannswright,1825,561
barnsback,1844,2
canetto,1921,623
c,1912,1
brand,1875,1
c,1832,1
b,1794,1
clcprp,1972,8786
b,1992,1
control,1925,1
brnae,1956,567
brigagliano,1941,861
board,1865,1
company,1816,1
b,1817,1
at,1804,1
bellaroba,1899,1302
c,1840,1
constitution,1804,15
board,1902,1
betyammo,1880,603
board,1902,1
barthwick,1898,1
b,1812,1
candacas,1807,504
b,1873,1
as,1828,1
ccsprite,2010,621
beaudesfords,1868,939
board,1865,1
cameroons,1835,1
c,1931,1
biologiya,1838,1
b,1937,1
ballinascroon,1877,680
b,1815,1
byerdale,1840,909
chambliss,1847,1
bezsemenov,1906,1921
atiaran,1977,588
ashcroft,1891,4
board,1637,1
b,1867,1
award,1817,3
butalastic,1937,1
ashendyne,1913,551
b,1968,1
ashcroft,1858,5
c,1818,1
c,1888,1
b,1867,1
as,1822,1
cws,1877,1
borenore,1800,553
c,1875,1
c,1815,1
board,1743,1
boooooooooooooooooooooooooooooooooooooooooooooooooooooom,2019,862
ayotte,1754,4
c,1864,1
c,1802,1
callonby,1837,508
board,1487,1
c,1869,1
bitumen,1813,1
board,1883,1
c,1858,1
cosponsor,1874,30
board,1823,1
clozaril,1921,990
c,1939,1
c,1731,2
b,1805,1
cosponsors,1789,1265
c,1816,1
coons,1789,1010
c,1752,2
b,1818,1
c,1913,2
control,1925,1
control,1820,1
award,1830,1
b,1812,1
compounds,1918,1
bingaman,1789,2761
control,1839,2
board,1847,1
brownback,1874,1
c,1863,1
as,1908,1
ballinascroon,1877,675
boisrueil,1895,619
at,1817,1
cercopithecs,1837,2
at,1827,1
brittington,1847,775
botukebo,1936,680
c,1805,1
c,1840,1
ashcroft,1860,1
c,1833,1
corzine,1900,1
c,1851,1
calnetics,1832,666
c,1812,1
b,1853,1
breaux,1879,1
c,1864,1
cosponsors,1941,1
chapayev,1900,1
begich,1947,3
brand,1879,1
control,1891,1
c,1857,1
b,1832,1
ashcroft,1832,1
b,1842,1
b,1734,1
c,1832,1
c,1809,1
canaanhon,2017,502
as,1798,1
company,1866,1
cephalotaxine,1950,72
cwhssa,1934,832
ballenberg,1822,2
corzine,1789,1108
c,1809,1
board,1491,1
c,1856,1
camelidone,1858,630
bibliomaniacal,1811,34
constandy,1946,1
company,1668,2
bellmon,1972,1
biden,1949,1
c,1822,1
as,1838,1
c,1858,1
award,1501,1
carradyne,1891,685
b,1991,1
c,1834,1
bruntsea,1877,1212
board,1842,1
boisrueil,1895,619
cameroons,1859,1
as,1600,2
c,1878,1
c,1842,1
bhonslay,1826,6
cosponsors,1789,7
bitumen,1850,1
bladesover,1908,860
c,1867,1
b,1811,1
breaux,1700,4
barafiri,1976,1064
as,1874,1
b,1805,1
constitution,1829,2
borenore,1800,582
c,1908,1
b,1820,1
c,1832,1
bayh,1789,887
board,1865,1
b,1855,1
contested,1871,22
control,1853,1
b,1908,1
barnsback,1844,2
c,1848,1
bachuber,1860,731
b,1837,1
castorley,1932,505
compounds,1475,24
c,1810,1
c,1884,1
company,1668,2
baleinier,1844,1025
burgherside,1971,697
biden,1906,1
blumenthal,1881,2
canetto,1657,1
company,1837,2
clennam,1799,10
as,1852,1
company,1811,1
bosthoon,1837,1220
cosponsor,1952,1
brand,2016,940
cosponsor,1789,4
as,1726,1
b,1809,1
board,1908,2
blumenthal,1832,1
c,1848,1
comgru,1969,702
b,1817,1
beaumirail,1868,1321
constitution,1755,1
board,1701,1
b,1853,1
c,1879,1
brasians,2006,793
c,1815,1
b,1843,1
c,1500,1
biologiya,1951,1
compounds,1832,2
breaux,1825,1
b,1810,2
blumenthal,1892,1
b,1937,1
capercali,1830,36
clarentine,1796,6
c,1907,1
b,1873,1
b,1803,1
c,1807,1
bellmon,1972,1
crtu,1910,695
atripla,1863,1
beaumirail,1868,1321
bibliotekov,1934,511
cws,1753,1
at,1851,2
c,1858,1
c,1877,1
at,1828,1
b,1721,1
brand,1875,1
control,1807,1
control,1899,2
c,1958,1
bevallan,1859,556
company,1837,1
breaux,1895,1
c,1899,1
as,1911,1
b,1811,1
calanetti,2015,987
brand,2016,1506
b,1877,1
biscarros,1895,659
brand,1868,1
c,1802,1
crapo,1789,1459
b,1739,1
control,1902,2
brittington,1847,775
compounds,1918,1
brightpoint,1941,757
boozman,1949,4
c,1811,1
bellmon,1969,184
b,1900,1
c,1845,3
candaca,1807,850
cristler,1871,2
b,1843,1
c,1834,1
bayh,1962,1
c,1914,1
c,1826,1
c,1819,1
beaninfo,1997,563
control,1879,1
board,1811,1
b,1853,1
as,1800,1
as,1781,1
cataphyllary,1853,6
c,1910,1
basquine,1846,614
brownback,1832,1
c,1893,2
company,1897,2
b,1825,1
b,1915,1
b,1734,1
c,1868,1
c,1941,1
blumenthal,1825,1
combivir,1997,513
as,1793,1
bureya,1861,6
b,1860,1
c,1625,1
cltrial,1972,12355
concpt,1965,569
constitution,1811,1
barrasso,1911,1
battlestage,2019,1606
b,1891,1
b,1803,1
bonnylin,1891,543
b,1880,1
company,1781,1
at,1861,1
bardiglione,1811,138
b,1914,1
control,1882,1
cameroons,1859,1
c,1776,1
ashwoode,1845,750
c,1856,1
betyammo,1880,667
auchenbrae,1830,767
c,1783,1
cavcr,1927,2311
biden,1789,1303
biden,1976,1
b,1822,1
cowbelle,1931,58
b,1721,1
company,1842,4
bolkdnski,1904,870
chambliss,1827,1
bayh,1490,1
comsatcorp,1963,2
bankinsing,1895,1183
b,1831,1
cromwell,1538,7
b,1852,1
coverdell,1789,815
b,1839,1
cgplaeng,2004,70
company,1816,1
b,1805,1
constitution,1832,1
bingaman,1840,1
c,1765,1
control,1799,1
billevich,1891,582
bunyo,1818,1209
c,1746,1
board,1812,1
as,1874,1
boozman,1871,1
cavalupo,1831,763
c,1812,1
c,1996,1
c,1847,1
b,1828,1
b,1917,1
c,1852,1
bkkpg,1953,322
c,1889,2
c,1812,1
compounds,1937,1
barthwick,1909,1261
company,1987,3
constitution,1776,1
b,1832,1
babbalanja,1849,1057
compounds,1895,1
as,1825,1
ballenberg,1822,2
c,1914,3
b,1819,1
b,1868,1
belormond,1875,522
bkkpg,1953,322
bitumen,1807,3
c,1913,1
blumenthal,1789,1282
c,1746,1
c,1770,1
coons,1839,1
c,1845,1
brand,1868,1
brigagliano,1941,861
cengagebrain,2010,551
b,1812,1
c,1877,1
constandy,1946,1
cameroons,1478,484
behavioreme,1954,35
c,1803,1
bosthoon,1837,1238
cryptopia,1867,17
b,1828,1
aziek,1809,606
c,1832,2
b,1837,1
cspdom,2004,949
brand,1505,1
barrasso,1789,899
bereimy,1871,638
biden,1992,21
b,1832,1
b,1968,1
c,1879,1
calnetics,1832,78
compounds,1897,1
b,1820,1
c,1841,1
c,1815,1
b,1777,1
cristler,1871,2
cavalupo,1831,763
bormalack,1882,723
c,1856,1
control,1834,1
billyjean,1977,594
board,1910,1
bunyo,1818,1209
b,1855,1
begich,1789,1097
corzine,1900,1
cpqra,1989,593
b,1805,1
clpost,1972,17053
b,1855,1
b,1842,1
b,1812,1
c,1859,1
b,1899,1
award,1860,1
b,1809,3
b,1859,1
bitumen,1813,3
c,1846,1
curryfin,1860,236
bellmon,1975,59
company,1722,1
c,1792,1
company,1897,2
c,1850,1
c,1500,1
c,1649,1
b,1910,1
control,1997,11
control,1807,1
company,1837,1
biologiya,1838,1
budrudeen,1846,630
atripla,1863,1
at,1817,1
brambleclaw,2005,1457
cameroons,1898,2
brand,1858,1
ashcroft,1789,7
comrs,1860,2
bezsemenov,1906,1921
breaux,1789,732
civr,1905,1
cws,1637,1
c,1884,1
c,1878,1
bukoyemskis,1906,734
b,1811,1
bureya,1861,6
bragelone,1836,665
brownback,1901,2
board,1883,1
b,1856,1
brentwick,1876,590
as,1823,1
company,1847,1
b,1837,1
constitution,1850,1
byrnewood,1845,856
chambliss,1845,2
c,1937,2
b,1845,1
b,1858,1
board,1884,1
b,1855,1
c,1857,1
ashcroft,1817,1
b,1845,1
biden,1631,1
c,1907,1
c,1831,1
contested,1793,1
as,1876,3
control,1834,1
at,1863,1
bulbius,1893,1198
c,1860,1
c,1870,1
cfsti,1961,16
cromwell,1538,3
cengagebrain,2011,306
c,1472,7
cairnforth,1866,2692
cfs,1925,1
brownback,1934,1
biden,1977,1
breetai,1987,660
balgim,1948,568
as,2013,3
contested,1737,1
c,1855,1
c,1500,9
b,1822,1
c,1890,1
c,1832,2
camelidone,1858,630
b,1813,1
compounds,1894,1
constitution,1832,3
as,1834,1
c,1890,1
control,1761,1
company,1857,1
constitution,1806,2
company,1847,1
constitution,1823,1
c,1987,2
as,1868,1
at,1812,1
c,1879,1
b,1820,1
c,1500,9
bellmon,1975,400
as,1962,1
c,1816,2
as,1822,1
cengagebrain,2011,5
bingaman,1840,1
b,1910,1
control,1914,1
b,1810,2
c,1857,1
control,1881,1
c,1808,1
cfs,1946,1
b,1499,1
award,1809,1
control,1926,1
b,1805,1
cfs,2016,940
constitution,1837,1
briisig,1871,1040
b,1819,1
cdaorecordset,1995,630
c,1911,1
brownback,1898,1
constitution,1801,1
bigiel,1895,992
babbalanja,1849,1057
b,1825,1
c,1824,1
compounds,1862,1
c,1845,1
compounds,1909,1
company,1722,1
blassemare,1850,1472
b,1873,1
company,1832,1
b,1739,1
constitution,1804,15
bragelone,1684,1
crbsum,1981,614
cldef,1972,2001
bragelone,1684,1
charville,1836,1919
b,1825,1
c,1842,1
as,1823,1
ashcroft,1866,1
cfs,1754,1
control,1965,1
b,1959,1
c,1855,1
c,1500,1
c,1834,1
as,1851,1
ballenberg,1808,637
boldenweck,1805,691
cocast,1841,12
as,1858,1
b,1821,1
continueoi,1939,1476
basquine,1846,616
c,1840,2
brentwick,1876,594
billevich,1891,582
bachuber,1860,731
b,1937,1
b,1860,1
c,1856,1
brand,1875,1
cfsti,1860,1
board,1862,1
company,1837,1
beautrelet,1910,1242
b,1813,1
carlsemne,1905,744
boldenweck,1805,4
c,1825,1
c,1856,1
control,1885,1
cromwell,1821,1
board,1907,1
control,1820,1
company,1764,1
b,1880,1
b,1868,1
beduw,1888,546
as,1829,1
brownback,1789,1805
company,1808,2
c,1931,1
b,1989,2
barthwick,1909,1261
b,1859,1
cameroons,1888,1
at,1472,1
board,1828,1
b,1851,1
ashutor,1901,551
bonnylin,1891,544
c,1845,3
azazello,1967,541
boozman,1789,545
b,1829,1
board,1845,1
avakian,1903,1
atiaran,1977,642
comrs,1809,1
auchenbrae,1830,763
c,1807,1
comrs,1833,1
brasians,2006,793
constitution,1829,2
c,1834,1
castorley,1932,505
c,1866,1
b,1811,1
b,1834,1
bayh,1879,1
board,1623,1
c,1999,10
c,1876,1
c,1847,1
brand,1800,1
award,1882,1
c,1832,1
b,1704,1
cosponsors,1874,1
constitution,1892,1
board,1812,1
c,1764,1
company,1853,1
bunfit,1872,8
board,1903,1
bolsevik,1918,1317
caligastia,1955,621
cfsti,1962,1
board,1472,113
bladesover,1908,10
cosponsor,1949,5
c,1873,2
c,1783,1
bitumen,1499,117
board,1925,1
bitumen,1813,1
b,1995,1
civr,1937,1
comrs,1834,1
b,1845,1
bellmon,1832,1
biden,1992,21
b,1804,1
c,1472,3
charville,1836,1919
c,1847,1
balgim,1948,565
c,1809,1
crapo,1815,1
brand,1862,1
c,1912,1
bladesover,1908,2
constitution,1792,1
b,1812,1
b,1817,1
board,1896,1
bolkdnski,1904,870
comrs,1809,1
breineh,1919,900
cws,1673,1
control,1999,3
compounds,1832,2
board,1501,2
at,1850,1
avitronic,1961,7
cromwell,1538,18
compounds,1866,1
cfsti,1962,10
b,1866,1
c,1858,1
c,1819,1
begich,1789,1097
constitution,1824,1
avakian,1901,4
backslopes,1925,4
cldef,1972,2486
clennam,1799,12
board,1472,772
board,1805,1
cameroons,1478,38
carnforths,1891,508
cromwell,1702,2
bereimy,1871,633
biden,1958,1
c,1808,1
blumenthal,1905,1
cominfil,1976,514
blassemare,1850,1455
b,1470,1
c,1816,1
azimantium,1831,573
avakian,1832,1328
blockdg,1894,696
control,1884,2
c,1815,1
blumenthal,1863,1
cltrial,1972,15696
biden,1902,1
cws,1952,1
barrasso,1949,6
ashcroft,1820,1
brownback,1923,1
control,1789,1
company,1978,1
c,1907,1
c,1822,1
c,1850,1
bragelone,1836,665
cws,1673,1
c,1834,1
blumenthal,1842,1
biden,1958,1
c,1886,1
b,1821,1
b,1857,1
c,1759,1
ashcroft,1832,1
biden,1839,1
company,1764,1
b,1825,1
cerezita,1994,974
c,1807,1
cgplaeng,2004,1947
brownback,1926,1
award,1809,1
brownback,1832,1
bingaman,1918,2
b,1881,1
caemlyn,1990,729
at,1592,1
b,1852,1
company,1843,1
b,1881,1
c,1886,1
biden,1829,1
b,1891,1
bigings,1854,507
bigiel,1895,1012
constitution,1491,1
c,1908,1
b,1499,1
c,1816,1
c,1899,1
brand,1643,1
b,1912,1
c,1902,1
b,1821,1
bitumen,1810,1
cfsti,1962,10
ashcroft,1842,1
bladesover,1908,16
braintech,1941,690
c,1684,1
bitumen,1669,1
ashcroft,1817,1
calnetics,1832,666
compounds,1862,1
control,1823,1
avakian,1903,1
b,1604,1
cassinove,1860,848
as,1819,1
cardyllian,1867,13
begich,1977,1
beaudesfords,1868,944
c,1999,10
c,1877,1
cornyn,1789,1605
b,1857,1
b,1888,1
bkkpg,1890,202
b,1936,6
brightpoint,1941,10
b,1861,1
c,1874,1
control,1882,1
clozaril,1921,1025
biden,1897,1
c,1834,1
b,1842,1
c,1807,1
b,1762,1
biden,1631,1
as,1908,1
c,1791,1
coons,1839,1
b,1821,1
board,1850,1
crownit,1858,665
ashcroft,1819,1
bullripple,1887,2125
b,1834,1
b,1891,1
brandenberry,1842,751
carlsemne,1905,744
biberli,1895,1568
b,1819,1
bingaman,1918,1
babbalanja,1849,92
b,1819,2
c,1886,1
capitolreader,2017,314
cephalotaxine,1950,3
brownback,1880,1
brand,1816,1
caafr,1927,993
blumenthal,1912,3
brautwerber,1846,519
cgplaeng,2004,70
b,1725,1
bingaman,1915,1
board,1903,1
cosponsor,1949,5
contested,1737,1
board,1671,1
c,1472,4
bankinsing,1895,1191
b,1750,1
company,1846,1
cdwsp,1981,27
company,1872,1
company,1853,2
c,1818,1
c,1861,1
cromwell,1538,455
b,1853,1
c,1752,2
company,1846,1
cattacomb,1872,881
bitumen,1872,1
as,1814,1
cataphyllary,1853,3
c,1867,1
breaux,1700,4
constitution,1850,1
board,1914,1
comsatcorp,1963,2
beilfuss,1808,565
b,1604,1
c,1810,1
cornyn,1789,1605
b,1880,1
cromwell,1784,1
cameroons,1852,1
cfs,1976,1
b,1836,1
atrazine,1684,279
bookhabits,2017,136
control,1832,3
constitution,1811,1
board,1847,1
brightpoint,1997,2
avakian,1832,1328
at,1833,1
beabots,2014,1183
c,1833,1
as,1837,1
bulbius,1893,1198
brownback,1878,3
board,1859,1
biden,1789,5
carlostein,1789,735
b,1961,1
cspdom,1930,4
control,1843,1
cameroons,1823,7
axeloen,1908,610
board,1859,1
bayh,1748,1
board,1472,772
b,1908,1
b,1860,1
b,1857,1
contested,1852,1
b,1809,1
b,1842,1
control,1965,1
bunfit,1872,8
crapo,1839,2
cromwell,1538,3
b,1825,2
at,1866,1
control,1907,1
briisig,1871,1048
cavcr,1927,2311
borenore,1800,1
b,1708,1
b,1855,1
board,1854,6
balsamides,1887,2992
control,1896,1
bookhabits,2017,135
c,1883,1
b,1855,1
compounds,1475,23
b,1905,1
cloidt,1894,4
bookhabits,2017,136
c,1811,1
company,1881,1
b,1842,1
c,1856,1
c,1914,1
b,1849,1
c,1814,1
b,1777,1
brand,1862,1
b,1832,1
b,1877,1
b,1750,1
board,1917,1
converium,1941,1
b,1721,1
bolsevik,1918,79
cws,1907,1
brownback,1878,1
as,1698,1
as,1819,1
comgru,1969,702
clonbrony,1814,1
c,1906,1
cfs,2016,940
boozman,1949,4
b,1858,1
beilfuss,1808,565
b,1825,1
capercali,1830,36
compounds,1846,11
cromwell,1757,1
b,1865,1
cpqra,1989,593
ashcroft,1866,1
c,1853,1
b,1776,1
compounds,1920,1
b,1825,1
cromwell,1821,1
as,1843,2
b,1862,1
company,1472,1
b,1914,1
as,1917,1
c,1895,1
constitution,1793,1
boozman,1789,545
chambliss,1847,1
b,1866,1
compounds,1909,1
borroughdale,1884,604
bladesover,1908,847
b,1817,1
brand,1489,3
c,1813,1
baleinier,1844,1025
c,1869,1
control,1906,1
b,1508,1
b,1905,3
budrudeen,1846,620
cameroons,1865,1
constitution,1840,4
board,1501,2
barsselius,1891,594
b,1858,1
as,1475,8
award,1781,1
biden,1949,1
control,1891,1
b,1834,1
c,1805,1
b,1841,1
b,1905,1
comrs,1860,2
constitution,1865,1
control,1881,1
bachkam,1921,512
brainfluence,2011,520
c,1850,1
b,1841,1
c,1875,1
cauvignac,1895,2751
at,1929,1
c,1895,1
c,1880,1
chapayev,1900,1
c,1812,1
c,1876,1
clcore,1972,3448
comrs,1834,1
chambliss,1832,1
control,1926,1
bellmon,1975,59
calath,1974,546
carradyne,1891,685
b,1777,1
c,1809,1
c,1500,1
cameroons,1865,1
control,1761,1
bayh,1789,1
constitution,1840,4
b,1871,1
c,1843,1
board,1842,1
cattanars,1831,13
b,1855,1
b,1828,1
contested,1871,22
c,1860,1
control,1898,1
begich,1947,1
buzhazi,1996,922
c,1770,1
creoitweek,1985,1
bayh,1879,1
aziek,1809,606
award,1817,3
brand,1817,1
codazzi,1859,4
b,1883,2
at,1879,1
b,1968,1
b,1815,1
ashwoode,1845,759
concpt,1965,569
b,1968,1
blumenthal,1825,1
callonby,1837,6
c,1833,1
b,1870,1
constitution,1837,1
b,1891,1
bruntsea,1877,1212
as,1802,1
cdaorecordset,1995,625
cantutse,1937,774
brnae,1956,567
b,1865,1
c,1902,1
constitution,1865,1
cfs,1942,2
bayh,1789,887
at,1886,1
b,1753,1
cfs,1879,1
b,1860,1
begich,1947,1
b,1804,1
as,1868,1
c,1815,1
bitumen,1845,1
b,1834,1
butalastic,1883,3
at,1820,1
b,1822,1
award,1892,1
cadenhouse,1900,892
b,1812,1
c,1856,1
chambliss,1827,1
b,1821,1
cameroons,1852,1
cromwell,1538,2
compounds,1894,1
brambleclaw,2005,1459
constitution,1811,1
b,1850,1
b,1833,1
compounds,1870,1
bitumen,1499,119
at,1828,1
camai,1953,8020
ccanp,1979,612
constitution,1799,1
b,1704,1
chambliss,1832,1
c,1815,1
briggerland,1922,962
b,1808,1
b,1959,1
c,1710,1
cowbelles,1910,5
brownback,1726,1
brightpoint,1941,773
c,1832,1
brand,1810,1
b,1835,1
cromwell,1702,1
c,1851,1
boyssone,1880,1104
c,1830,2
barthwick,1731,1
combivir,1997,513
b,1810,1
cloidt,1894,4
board,1806,1
company,1978,1
board,1917,1
c,1811,1
balsamides,1887,19
award,1830,1
cominfil,1976,537
calath,1621,1
constitution,1892,1
boyislav,1890,526
ashcroft,1754,1
compounds,1846,10
c,1870,1
c,1836,1
company,1899,1
barafiri,1976,1064
behavioreme,1954,35
board,1860,1
brownback,1789,1805
c,1879,1
c,1910,1
b,1832,1
blumenthal,1849,1
c,1741,1
brownback,1898,1
as,1807,1
cairnforth,1866,2700
cosponsors,1874,10
b,1688,1
c,1840,1
brand,1803,1
c,1849,1
c,1906,1
control,1799,1
c,1831,1
cengagebrain,2010,551
clcore,1972,2267
b,1871,1
b,1776,1
beilfuss,1832,2
board,1806,1
c,1804,1
babinich,1891,584
c,1852,1
b,1851,1
board,1828,1
control,1637,1
c,1877,1
c,1985,1
boldenweck,1805,4
b,1819,1
at,1878,1
as,1827,1
b,1804,1
b,1845,1
cws,1943,2
camai,1736,1
b,1828,1
brand,1880,1
blumenthal,1847,2
company,1837,2
b,1916,3
bingaman,1918,1
castagnello,1820,1047
brand,1835,3
c,1864,1
constitution,1835,1
bellamant,1766,42
at,1740,1
behringbright,1863,2517
bayh,1913,1
c,1892,1
b,1896,1
at,1879,1
c,1625,1
b,1863,1
b,1872,1
brand,1875,1
c,1827,1
billyjean,1977,601
coverdell,1971,2
board,1908,2
as,1829,1
beloochs,1845,718
c,1888,1
b,1818,1
bublanski,2009,2171
breaux,1825,1
c,1804,1
cameroons,1835,1
bitumen,1813,3
board,1902,1
b,1823,1
board,1721,1
b,1832,1
award,1480,2
brand,1817,1
compounds,1895,1
cwhssa,1934,832
clpost,1972,11238
c,1908,1
bladex,1684,645
biologiya,1959,782
bitumen,1810,1
b,1688,1
bingaman,1690,3
constitution,1830,1
c,1819,1
blumenthal,1489,1
company,1853,1
cattanars,1831,13
c,1821,1
compounds,1894,1
c,1862,1
crownit,1858,671
at,1823,1
cosponsor,1966,2
company,1472,1
c,1972,37
c,1811,1
board,1850,1
cnplaf,1971,2752
biscarros,1895,659
constitution,1822,1
board,1827,1
b,1725,1
at,1760,1
ashutor,1901,531
brownback,1726,1
company,1846,1
c,1860,1
c,1829,1
company,1987,3
c,1819,1
barrasso,1949,6
calrecycle,1990,807
c,1770,1
cowbelles,1910,5
bayh,1748,1
cosponsors,1956,2
boldenweck,1805,691
brownback,1832,1
cosponsor,1874,4
b,1825,1
b,1854,1
coverdell,1789,814
b,1837,1
board,1721,1
c,1832,2
as,1472,2
board,1900,1
company,1843,1
c,1910,1
crackback,1839,8
b,1849,1
budrudeen,1846,10
constitution,1823,1
constitution,1835,1
b,1834,1
b,1941,1
b,1803,1
c,1810,1
bkkpg,1890,202
cataphyllary,1853,9
cephalotaxine,1950,3
boooooooooooooooooooooooooooooooooooooooooooooooooooooom,2019,862
at,1797,1
b,1862,1
boolabong,1874,698
c,1832,1
cheysuli,1984,4
crtu,1910,695
b,1825,1
c,1824,1
b,1825,1
cosponsors,1941,1
b,1806,1
bukoyemskis,1906,734
control,1472,59
butalastic,1883,3
clcadm,1972,9112
board,1854,6
constitution,1806,2
bitumen,1500,365
company,1846,1
c,1855,1
b,1832,1
cowbelle,1931,58
as,1858,1
c,1856,1
blazec,1898,764
c,1805,1
board,1811,1
b,1825,2
camai,1832,1
b,1912,1
control,1995,1
control,1832,3
c,1902,1
b,1852,1
converium,1941,1
bureya,1861,575
blumenthal,1847,2
c,1973,1
b,1852,1
beaucrillon,1887,1213
awishira,1946,546
caligastia,1955,621
company,1815,1
azimantium,1831,605
continueoi,1939,1492
c,1809,1
c,1815,1
coons,1789,23
bingaman,1690,3
camai,1953,8019
b,1904,1
c,1859,1
c,1727,1
c,1806,1
c,1814,1
b,1851,1
camai,1736,1
b,1811,1
c,1857,1
c,1832,1
bellmon,1832,1
b,1935,1
bookhabits,2017,949
company,1811,1
company,1815,1
board,1896,1
c,1857,1
crapo,1815,1
c,1840,1
b,1796,1
c,1987,2
c,1897,1
c,1834,1
cardinegh,1910,651
castaletti,1879,728
cerezita,1994,966
as,1811,1
c,1499,1
as,1470,1
as,1793,1
brownback,1878,1
cardyllian,1867,1765
c,1863,1
avitronic,1961,7
b,1825,1
company,1853,2
compounds,1937,1
as,1834,1
bellmon,1925,1
b,1833,1
cromwell,1702,2
c,1829,1
bellmon,1490,1
cfs,1946,2
berlinton,1796,524
b,1833,1
control,1999,3
coons,1789,23
brownback,1832,1
b,1936,6
c,1819,1
board,1865,1
cameroons,1888,1
breaux,1819,1
control,1879,1
b,1992,1
bfsp,1920,1616
c,1816,1
ccanp,1979,619
cajoeny,1896,583
brand,2016,940
c,1875,1
control,1907,1
board,1910,1
compounds,1866,1
at,1851,2
b,1818,1
codazzi,1859,4
as,1809,1
bindloose,1824,955
beilfuss,1832,2
b,1752,1
bibliotekaf,1934,1314
boozman,1977,3
c,1867,1
barrasso,1789,899
b,1817,2
control,1896,1
board,1788,1
c,1852,1
board,1788,1
cominfil,1976,22
beilfuss,1891,2
borenore,1800,1
behringbright,1863,2504
b,1852,1
c,1776,1
c,1846,1
atrazine,1934,2
calnetics,1832,78
constitution,1491,1
bolsevik,1918,18
constitution,1792,1
cosponsor,1789,4
ashcroft,1844,3
c,1806,1
balsamides,1887,2973
bingaman,1918,2
b,1794,1
control,1843,1
beloochs,1845,718
b,1858,1
b,1808,1
ashcroft,1601,2
c,1832,1
capsaicinoid,1950,28
cameroons,1478,38
bagratidn,1904,715
b,1812,1
at,1834,1
begich,1947,3
bdapc,1964,514
borroughdale,1884,608
b,1817,1
contested,1806,1
at,1828,1
b,1818,1
at,1807,1
b,1792,1
c,1812,1
c,1827,1
cdwsp,1981,505
c,1880,1
comrs,1833,1
b,1858,1
board,1925,1
blumenthal,1912,3
b,1508,1
c,1803,1
begench,1950,819
board,1900,1
biden,1789,26
barthwick,1731,1
c,1793,1
b,1819,1
compounds,1891,1
constitution,1830,1
bigings,1854,507
ashcroft,1854,1
c,1855,3
board,1472,113
cspdom,1930,4
at,1815,1
company,1857,1
b,1813,1
c,1867,1
cosponsors,1874,10
c,1910,1
blumenthal,1842,1
cosponsors,1789,1272
corzine,2002,7
boolabong,1874,757
chaison,1832,10
backslopes,1923,650
c,1848,1
bunnyboy,1889,571
callonby,1837,6
c,1819,1
bellamant,1766,42
cfsti,1961,1
breaux,1819,1
c,1977,1
carthlyntus,1858,507
c,1825,1
constitution,1832,3
b,1832,1
bingaman,1915,1
bolsevik,1918,18
board,1900,1
babinich,1891,588
c,1853,1
b,1849,4
board,1860,1
c,1828,1
canetto,1921,519
c,1856,1
c,1819,1
c,1868,1
as,1833,1
cspdom,2004,947
burgherside,1971,686
bellmon,1925,3
bibliotekaf,1934,1314
c,1846,1
biberli,1895,1560
as,1812,2
corzine,1789,1108
c,1836,1
cfsti,1965,61
c,1826,1
blaiwas,1912,598
b,1914,1
cromwell,1702,1
compounds,1800,1
c,1840,2
bollakey,1776,821
c,1832,1
b,1995,1
b,2005,1
bundercombe,1913,927
b,1472,6
c,1833,1
c,1806,1
compounds,1920,1
b,1913,1
bollakey,1776,821
b,1814,1
c,1857,1
constitution,1858,1
ashcroft,1601,2
cootamundra,1800,9
cosponsors,1947,1
businessentityid,2008,17
brand,1508,1
as,1726,1
cws,1869,7
b,1812,1
b,1849,1
cameroons,1478,484
begich,1789,807
cameroons,1848,6
ashcroft,1854,1
cantutse,1937,774
board,1845,1
b,1796,1
c,1797,1
c,1797,1
caznaia,1975,655
balgim,1900,2
bdapc,1964,514
blumenthal,1789,1282
cootamundra,1800,9
ashcroft,1833,1
c,1859,1
c,1872,1
c,1907,1
belormond,1875,522
b,1806,1
breetai,1987,659
bachkam,1921,515
cromwell,1538,2
b,1821,1
cameroons,1823,7
byrnewood,1845,846
as,1703,1
c,1834,1
c,1857,2
constitution,1776,1
c,1853,1
c,1823,1
blumenthal,1884,1
coverdell,1971,2
callonby,1837,508
brownback,1934,1
at,1852,1
c,1910,1
c,1813,1
constitution,1811,1
compounds,1776,1
bunnyboy,1889,572
briggerland,1922,958
brand,1880,1
c,1791,1
brautwerber,1846,519
bladex,1865,1
b,1834,1
b,1918,1
c,1756,1
cfs,1754,1
b,1829,1
c,1937,2
biden,1976,1
cheesacre,1864,6
brand,1505,1
b,1855,1
bunfit,1872,1453
c,1810,1
c,1907,1
award,1480,2
cfsti,1965,61
breineh,1919,900
calrecycle,1990,714
c,1865,1
c,1870,1
constitution,1824,1
brightpoint,1997,2
busyville,1870,714
c,1833,1
ashcroft,1860,1
b,1845,1
c,1864,1
brownback,1874,1
barrasso,1789,637
c,1832,1
c,1913,1
cromwell,1538,455
balgim,1900,2
as,2004,1
chambliss,1789,1104
b,1874,1
c,1874,1
civr,1905,1
control,1542,1
board,1796,1
cromwell,1709,1
c,1866,1
artnewsletter,1923,2
azazello,1967,542
cromwell,1757,1
cephalotaxine,1950,72
control,1896,1
c,1838,1
b,1832,1
ashcroft,1865,1
cromwell,1822,2
bingaman,1789,2761
bormalack,1882,723
brand,1810,1
brand,2016,2729
b,1916,1
atrazine,1684,50
carnforths,1891,508
basquine,1846,10
coons,1789,1010
c,1808,1
c,1816,1
c,1914,1
brand,2016,1506
b,1854,1
b,1880,1
board,1914,1
bellmon,1925,3
biden,1789,1
b,1881,1
brand,1835,3
bureya,1913,1
b,1888,1
c,1840,1
ballawhaine,1894,682
conchubor,1910,408
carlostein,1789,787
brownback,1995,8
b,1819,2
c,1807,1
c,1914,3
brand,1792,1
backslopes,1923,652
b,1781,1
c,1832,1
c,1684,1
bureya,1861,575
calanetti,2015,987
b,1792,1
boyislav,1890,521
bellamant,1732,483
b,1872,1
cameroons,1898,2
control,1997,11
cajoeny,1896,583
biden,1897,1
company,1832,1
b,1868,1
control,1896,1
c,1819,1
clonbrony,1814,1
c,1803,1
barthwick,1898,1
bellaroba,1899,1315
b,1829,1
bibliomaniacal,1811,34
control,1902,2
constitution,1811,1
b,1721,1
cfs,1950,1
bellmon,1973,2
beduw,1888,543
bitumen,1499,2
c,1858,1
cromwell,1822,2
ballenberg,1808,637
company,1837,1
c,1845,1
boozman,1871,1
c,1889,2
boozman,1789,612
c,1966,3
board,1910,1
c,1840,1
b,1856,2
cosponsors,1947,1
candacas,1807,504
as,1800,1
briolania,1803,639
c,1834,1
c,1846,1
boozman,1977,3
c,1973,1
boyssone,1880,1122
c,1923,1
ashcroft,1833,2
cheesacre,1864,6
c,1823,1
beabots,2014,1183
axeloen,1908,610
c,1815,1
c,1966,3
bullripple,1887,2089
constitution,1799,1
brand,1489,3
c,1807,1
brownback,1880,1
brownback,1995,8
bookhabits,2017,1084
c,1631,1
at,1818,1
b,1914,1
b,1853,1
c,1890,1
cengagebrain,2011,4
cromwell,1848,1
brightpoint,1941,10
ashendyne,1913,576
b,1470,1
contested,1806,1
company,1832,1
bitumen,1500,365
cromwell,1538,7
c,1822,1
b,1850,1
cercopithecs,1837,2
b,1914,1
company,1842,4
ballawhaine,1894,667
crbsum,1981,614
chaison,1832,10
board,1917,1
breaux,1789,732
cassinove,1860,847
c,1939,1
c,1728,1
coons,1855,1
at,1831,1
control,1884,2
company,1866,1
b,1961,1
cnplaf,1971,2756
barnsback,1844,1294
bevallan,1859,557
b,1817,1
cfs,1586,2
colambre,1818,2
c,1863,1
capsaicinoid,1950,26
at,1886,1
db,1785,1
dbms,1999,4
disorders,1820,1
cfs,1491,1
date,2000,2
cricklander,1912,684
date,1884,1
dbms,1996,2
education,1991,6
d,1802,1
control,1909,1
employes,1888,1
comittye,1635,1
db,1978,5
contested,1850,2
district,1928,1
education,1882,1
checkboxgroup,1996,5
cosponsor,1939,4
cosponsors,1614,20
e,1816,1
company,1863,1
dbms,1994,3
date,1881,1
date,1883,13
denviers,1892,589
district,1866,1
daisart,1832,1270
date,1958,1
district,1828,1
dbms,1999,1
chaiani,1804,1
diarman,1836,556
date,1917,1
data,1986,1
cromwell,1549,1
elecctrotecnico,1989,622
e,2001,5
data,1974,1
education,1790,1
diversion,1883,2
cowbelles,1931,6146
dbms,2004,50
coons,1826,1
dbms,2000,4
e,1879,1
dba,2004,1
dw,1605,3
district,1836,3
db,2003,4
d,1815,1
dyd,1768,1
control,1921,1
densdeth,1861,1609
e,1749,1
control,1910,1
education,1914,1
d,1826,1
date,1999,4
dcfror,1910,1409
ez,1721,1
dbms,1996,1
e,1842,1
control,1701,2
domenici,1974,2
db,2003,4
e,1979,4
company,1832,1
district,1798,1
domenici,1973,11
determined,1667,1
d,1752,1
e,1999,1
diversion,1845,1
data,1472,5
dewine,1779,1
cheysuli,1984,1064
data,1981,2
district,1870,1
e,1890,1
e,2004,35
date,1883,1
dba,1900,6
d,1915,3
docket,1701,14
e,1912,1
e,1931,1
district,1874,2
dba,2004,10
education,1913,2
ecrasia,1921,131
disorders,1795,1
dbms,1999,77
district,1824,1
e,1884,1
e,1908,1
db,1633,1
e,1818,1
e,1869,1
company,1909,4
d,1895,1
e,1902,1
determined,1809,1
exhibit,1818,1
dbms,1996,5
conventford,1864,690
education,1905,2
db,2008,1
d,1500,1
education,1972,33
euphemon,1762,461
e,1816,1
control,1872,1
db,1978,2
ecrasia,1916,1
e,1813,1
constitution,1472,9
control,1789,2
d,1846,1
e,1860,1
education,1972,11
diversion,1801,1
crolians,1840,543
company,1884,1
drainage,1847,1
d,1807,1
domenici,1977,2
disorders,1817,1
elvsted,1891,459
docket,1940,1
d,1870,1
docket,1811,1
d,1907,1
combivir,1997,1
ds,1986,1
data,1994,1
control,1813,1
duns,2016,3760
edelbaum,1832,883
disorders,1767,1
d,1972,25
exhibit,1881,2
d,1913,1
clonbrony,1812,1339
dbms,1909,1
db,2000,20
dbms,1994,4
company,1879,1
date,1999,2
district,1899,1
dewine,1789,1790
constitution,1833,1
date,1832,1
disorders,1730,1
education,1742,1
db,2002,8
epsait,1975,1298
cootamundra,1800,591
dundyke,1854,1200
district,1472,255
dzilo,1991,915
dbms,1995,5
dbms,2003,38
control,1891,1
company,1875,1
date,1477,1
ellender,1936,25
chamly,1812,1
detricand,1898,1392
depolaray,1939,568
education,1478,56
clennam,1799,1003
contested,1835,1
crinkett,1878,1009
db,2004,9
dba,1995,2
company,1812,1
domenici,1874,5
d,1844,1
chohansey,1899,642
data,1995,2
district,1908,1
cominfil,1973,13
delabio,1935,508
cornvelt,1928,551
d,1873,1
district,1842,1
dw,1858,1
docket,1926,1
db,1978,2
daschle,1978,2
db,1996,5
e,1838,1
circele,1951,733
control,1833,2
d,1863,2
dba,2004,18
education,1991,2
dba,1995,2
date,2001,40
e,1866,2
diversion,1845,4
chapayev,1900,931
education,1807,2
dba,1994,5
d,1909,1
e,2004,35
disorders,1844,2
duns,1835,1
education,1824,1
dbms,1997,5
dba,1998,4
education,1991,1
education,1907,1
doramin,1900,972
dbms,1994,6
cowbelles,1909,1
e,1986,1
district,1836,1
discriminatorily,1832,5
company,1837,1
d,1943,1
education,1959,1
dolwig,1857,2
data,1982,1
e,1634,1
ether,1766,1
ds,1843,1
d,1863,1
district,1870,1
d,1830,1
deodonato,1895,786
date,1874,1
dietsys,1994,1070
dba,1993,1
disorders,1832,1
domenici,1910,1
e,1860,1
e,1868,1
company,1828,2
d,1872,1
dewine,1949,1
d,1824,1
determined,1837,1
duns,1761,1
dbms,2002,5
docket,1843,1
emergence,1963,1
education,1805,1
dinniene,1878,1908
dba,1832,1
d,1909,1
cosmoids,1953,1
disorders,1831,1
control,1893,1
d,1774,1
dbms,2002,4
ezilda,1834,4
domenici,1973,11
dba,2003,8
cws,1704,1
company,1862,1
emergence,1917,1
db,2006,1
company,1894,1
d,1772,1
d,1697,2
deskiopsolutions,2000,1053
d,1876,1
data,1979,1
dbms,1994,4
docket,1809,1
d,1852,1
eglosilyan,1874,1479
coons,1870,1
eglosilyan,1874,5
ecr,1951,1
control,1501,1
e,1814,1
e,1867,1
dhhf,1956,57
education,1874,1
deskines,1844,1959
dbms,1999,25
company,1752,1
company,1853,1
control,1919,1
dyd,1533,8
clozaril,1988,1
data,2009,5
eigrp,1900,45
enzi,1798,1
control,1937,3
d,1778,1
dba,1993,1
codazzi,1820,740
data,2002,1
e,1838,1
date,1989,2
date,1921,2
d,1963,1
dzato,1601,526
d,1655,1
district,1830,1
date,1995,1
disorders,1822,1
disorders,1848,1
ez,1832,1
district,1828,1
escm,1968,4
clanellan,1827,1328
date,1984,1
ecr,1808,1
education,1740,1
company,1832,1
daraquen,2019,549
e,1850,1
enzi,1874,1
coons,1539,1
cradlebow,1881,608
contested,1860,1
dhhf,1956,1118
disorders,1820,1
civr,1837,1
education,1840,1
e,1993,198
disorders,1830,1
dafinone,1952,1
data,1797,1
e,1841,1
djogoun,1822,1064
dbms,1994,9
ds,1714,1
compounds,1845,1
control,1920,1
date,1994,1
dw,1674,1
education,1803,1
dbms,2000,44
determined,1808,1
employes,1832,8
dbms,1996,4
d,1772,1
dragonoff,1898,547
company,1907,2
cerezita,1986,2
dba,1900,1
croniamantal,1923,591
d,1812,1
d,1883,1
d,1823,1
education,1914,1
disorders,1820,1
compounds,1815,1
district,1796,1
domenici,1905,3
db,2005,3
ckoor,1836,1243
district,1822,1
clarentine,1796,12
d,1860,1
dyd,1548,1
d,1704,1
education,1805,1
company,1826,1
ezilda,1834,4
date,1820,1
data,1981,4
company,1790,1
control,1860,1
dba,2004,34
entrepreneurship,1929,1
education,1902,1
district,1796,1
elvsted,1891,1
dussander,1981,541
education,1914,2
d,1772,1
e,1847,1
dyeermud,1894,798
d,1820,1
edelbaum,1832,883
datetimeoffset,2008,4
dba,1995,1
company,1832,1
definingidea,2004,963
d,1832,1
e,1817,1
control,1819,1
emergence,1927,1
district,1790,2
d,1799,1
constitution,1881,4
comittye,1635,1
date,1935,1
determined,1520,1
disch,1861,1
employes,1887,1
data,1971,1
chapayev,1900,12
company,1806,5
dbms,1996,1
ecr,1937,3
date,1933,1
devarges,1875,12
db,2002,154
dbms,2002,4
date,1480,31
company,1852,1
d,1869,1
exhibit,1601,3
discriminatorily,1832,5
dbms,1999,1
ecr,1676,1
ellender,1933,2
data,1981,37
e,1808,1
education,1908,2
dlcusg,1967,904
cogeatar,1875,1617
e,1912,1
db,2001,10
chickabobboo,1848,86
district,1737,1
chuello,1808,525
esquire,1866,1
duishen,1963,646
ds,1509,1159
dainopoulos,1922,3545
coverdell,1853,1
education,1919,4
dbms,1999,25
d,1881,1
coverdell,1853,1
e,2000,2
district,1834,2
d,1844,1
disorders,1812,1
d,1818,1
coomassy,1824,965
diversion,1801,1
disorders,1866,1
e,1699,1
db,1633,2
dw,1876,1
d,1701,1
e,1773,1
emergence,1742,1
compounds,1776,1
datagrampacket,1996,1
data,1942,1
d,1895,1
contested,1817,2
drainage,2016,3760
disorders,2008,7
dbms,1979,1
cheliax,2015,507
dyd,1533,8
db,2001,1
e,1899,1
district,1790,3
dewine,1779,1
date,1958,1
daschle,1973,1
drainage,2016,3760
company,1927,1
district,1830,1
e,1843,1
dauntrees,1838,518
diarsine,1922,19
district,1904,1
education,1914,1
district,1893,1
dromcolloher,1821,525
elebune,1990,89
company,1818,1
d,1817,1
data,1978,1
district,1863,1
dorofeya,1954,515
cictionary,2019,570
db,2008,1
d,1845,1
date,1820,2
drainage,1842,1
duns,1760,1
education,1915,1
date,1880,2
dba,1989,1
darkwell,1866,797
education,1850,1
d,1772,1
dbms,1994,13
district,1913,1
disorders,1848,1
d,1844,1
dominiske,1916,1605
dumnoff,1890,554
d,1875,1
company,1771,1
e,2000,2
district,1847,1
education,1912,1
db,2002,6
diversion,1815,1
demint,1789,1110
e,1749,1
company,1901,1
diversion,1826,1
dba,1995,7
e,1973,1
dbms,2001,6
e,1855,1
d,1680,1
cogeatar,1875,1653
d,1855,1
education,1831,1
education,1876,1
db,2004,3
dbms,1999,4
cynatron,1974,740
education,1750,1
e,1879,1
control,1873,1
compounds,1839,1
education,1756,1
crapo,1701,21
disch,1899,1
dewine,1789,1790
e,1832,1
data,1982,3
e,1826,1
dbms,1995,13
e,1957,1
coverdell,1789,865
duns,1687,1
drainage,1840,1
data,1797,1
duns,1757,1
delarge,1808,1
disorders,1824,1
eigrp,1998,2
education,1905,2
education,1817,1
elecctrotecnico,1989,622
d,1838,1
dbms,2004,37
debenest,1900,2
compounds,1892,1
dbms,1997,5
education,1723,1
e,1814,1
docket,1887,1
cripure,1936,1820
district,1790,3
constitution,1830,1
company,1902,1
education,1972,32
cictionary,1808,1
company,1870,1
d,1830,1
control,1816,3
date,2001,1
db,1900,4
domenici,1973,11
date,1477,1
docket,1832,2
cjemara,1935,673
education,1914,1
e,1812,1
daliarte,1807,1119
d,1809,1
d,1818,1
dbms,1999,9
edricson,1891,13
constitution,1846,1
civr,1785,1
e,1983,1
date,1900,8
emergence,1916,1
ellender,1936,25
date,2001,3
d,1805,1
data,1623,1
d,1809,1
demint,1922,1
cromwell,1844,1
dbms,1994,3
dba,2004,20
darotoyi,1944,491
education,1761,1
dalbersdorf,1881,771
control,1798,1
education,1817,1
db,1982,3
duns,1773,1
dba,1999,3
dbms,1999,19
eastvale,1820,30
drainage,1872,3
delinqnt,1972,14684
d,1867,1
disch,1702,1
dbms,1999,64
education,1672,1
d,1848,1
disorders,1793,1
drownlands,1893,1232
d,1888,1
d,1844,1
dbms,1974,1
charville,1807,1
d,1819,1
d,1819,1
constitution,1833,1
chairwomanvelazquez,2007,2515
company,1810,1
d,1933,1
company,1812,1
e,1812,1
d,1797,1
ecr,1838,1
dba,2004,17
d,1812,1
education,1971,1
constitution,1838,1
education,1862,4
db,1992,1
district,1901,1
e,1860,1
cruijwagen,1905,812
education,1817,1
e,1912,1
dbms,1983,1
disch,1702,1
d,1880,1
dbms,1997,2
dba,1995,1
dockwrath,1861,6
determined,1849,1
control,1798,1
e,1858,1
deskines,1844,1959
delarge,1868,373
education,1840,1
determined,1784,1
education,1972,27
district,1829,1
d,1839,1
date,1929,2
chambliss,1888,1
czerina,1835,505
education,1907,1
date,1988,8
e,1838,1
dba,1994,12
creoitweek,1996,712
dbms,1999,1
control,1919,1
education,1882,1
db,2007,5
e,1993,234
dbms,1997,51
district,1907,1
district,1830,1
db,2003,4
drainage,1806,2
dewine,1837,1
db,1499,1
domenici,1934,1
d,1839,1
disorders,1996,1
conchubor,1910,1364
db,2000,5
e,1834,1
contested,1816,1
dbms,1997,4
date,1820,2
education,1912,1
district,1790,1
chiltistan,1907,1813
data,1972,1
denosumab,1973,111
education,1740,1
e,1813,1
e,1840,1
dw,1878,2
district,1800,1
e,1866,1
d,1803,1
exhibit,1876,1
d,1809,1
e,1865,1
daavidille,2017,1297
company,1812,6
d,1812,1
e,1903,1
control,1883,2
demint,1789,79
db,1900,4
dba,1993,2
cfsti,1965,2
domenici,1947,1
district,1789,3
db,1992,1
control,1871,1
company,1832,1
e,1877,3
debenest,1900,2
education,1807,1
docket,1500,275
dbms,1995,3
data,1997,2
constitution,1846,1
company,1644,2
education,1991,1
drainage,1792,1
district,1853,1
d,1900,1
d,1948,1
d,1836,1
constitution,1798,1
diversion,1847,1
dezmona,2004,521
d,1998,6
company,1882,1
cornbutte,1874,541
d,1873,1
data,1984,1
cornyn,1889,1
compounds,1874,1
education,1991,6
d,1880,1
data,1998,10
daliarte,1807,1126
e,1879,1
daschle,1979,10
comrs,1891,1
dbms,1999,1
dbms,1999,8
e,1876,1
conditionsnone,1976,797
data,1985,43
dba,1989,1
d,1865,1
disorders,1929,2
e,1838,1
determined,1726,1
disorders,1875,2
education,1852,1
control,1919,1
diversion,1845,1
e,1862,1
db,1999,3
control,1888,1
comrs,1865,1
e,1909,1
constitution,1863,1
date,1472,2
db,1997,2
d,1888,1
comrs,1705,1
db,2002,8
education,1912,1
d,1472,5
education,1911,2
docket,1882,1
determined,1822,1
domenici,1964,1
e,1828,1
cosponsor,1942,1
company,1472,53
district,1817,1
ether,1823,1
d,1998,6
control,1911,1
determined,1520,1
dvoyrele,1930,1318
district,1913,1
data,2000,1
education,1819,1
dbms,1999,1
data,1892,1
clennam,1799,991
e,1832,1
cfs,1898,1
data,1981,2
e,1475,2
e,1809,3
degrieck,1627,2
employes,1858,2
e,1910,1
date,1886,1
db,2001,9
date,1969,1
db,2002,8
cradlebow,1881,608
education,1809,2
d,1867,1
dyd,1768,1
epavord,1990,704
dba,2004,10
constitution,1749,1
db,1996,1
dbms,2004,7
data,1981,2
cornvelt,1928,547
district,1901,1
e,1748,1
exhibit,1893,1
district,1979,4
esquire,1681,2
e,1886,1
e,1993,198
disorders,1992,2
corzine,1879,1
education,1972,32
datagrampacket,1996,555
education,1673,1
data,1923,1
ds,1846,1
education,1972,7
company,1908,2
dbms,2004,23
d,1832,1
e,1774,1
ebsary,1832,253
determined,1843,1
crinkett,1878,8
company,1909,5
dbms,1996,4
epsait,1975,1298
education,1805,1
e,1499,2
db,2004,9
d,1894,1
dewine,1789,152
db,1993,10
education,1904,2
company,1893,1
e,1827,1
demint,1816,2
compounds,1475,137
education,1806,1
e,1840,1
domenici,1919,1
data,1900,2
district,1928,1
employes,1601,1
e,1826,1
dbms,2004,215
education,1490,1
chalkidians,1849,542
e,1905,1
date,1907,1
d,1862,1
elvsted,1891,463
disorders,1992,2
entrepreneurship,1962,1
ds,1968,1
ds,1644,1
d,1829,1
cjemara,1935,671
e,1843,1
cloidt,1808,539
e,1889,1
district,1832,1
duns,1517,1
dbms,1997,51
discriminatorily,1832,8
ddjbo,1984,13042
d,1881,1
drainage,1472,1
control,1894,1
data,1693,1
coons,1864,1
clennam,1799,8
ellender,1753,1
date,1984,38
d,1880,1
chrysophrasia,1887,2813
echonet,1983,3
date,1500,1
ddlokhov,1904,1921
dba,1994,12
employes,1853,1
drainage,1859,1
e,1932,1
d,1815,1
dba,1994,1
control,1832,1
disorders,2000,6
e,1845,1
e,1858,1
education,1914,1
contested,1852,1
d,1877,1
d,1876,1
dbms,1895,1
dba,1994,1
education,1915,1
deskiopsolutions,2000,1053
control,1472,200
discovdep,1972,6030
determined,1807,3
dbms,1823,1
dba,1993,1
district,1675,1
dba,1993,1
data,1997,2
db,1993,2
db,2001,6
crapo,1701,21
e,1986,3
daavidille,2017,1082
e,1979,3
escm,1828,1
conachur,1923,644
education,1807,1
digimodernism,2009,85
ec,1894,1
e,1810,1
education,1703,2
compresell,1986,534
duns,1761,1
dirkovitch,1890,591
company,1832,1
childersleigh,1869,2923
education,1854,1
data,1972,1
duns,1517,1
duns,1753,1
disorders,1832,1
company,1812,3
emergence,1742,1
date,1996,2
education,1972,23
coverdell,1911,1
district,1865,1
e,1807,1
ec,1722,1
dbms,1900,1
cocklescraft,1838,608
e,1860,1
district,1810,1
dbms,1999,64
dolwig,1857,1041
d,1823,1
dbms,1974,1
donnenwirth,1859,4
d,1809,1
control,1919,1
comsatcorp,1962,50
d,1846,1
compounds,1689,1
docket,1809,1
crapo,1886,1
dbms,1994,4
dba,1900,1
education,1832,1
drainage,1949,1
date,1999,4
cosponsor,1946,1
determined,1822,1
disorders,1843,1
dba,1900,1
chohansey,1899,642
elebune,1990,589
date,1912,1
data,1836,1
district,1874,1
db,2000,19
db,2002,29
e,1999,1
dw,1642,489
dabstreak,1887,784
date,2001,40
dbms,1994,7
ecr,1752,1
e,1472,8
dba,1900,5
dbms,1999,9
docket,1832,4
docket,1852,1
data,1991,1
date,1968,1
d,1778,1
district,1893,1
comrs,1865,1
dbms,1998,37
data,1998,37
cryti,1858,568
diversion,1689,1
dba,1900,4
constitution,1833,1
d,1850,1
dbms,1994,7
docket,1832,5
constitution,1782,1
education,1797,1
demint,1789,766
enjolras,1862,14
company,1902,1
dbms,2002,53
d,1817,1
education,1972,11
dw,1815,1
deodaat,1847,722
ds,1525,1
concpt,1896,1
d,1819,1
d,1836,1
ds,1475,1
date,2001,3
district,1798,1
dbms,2002,50
chitterlow,1905,50
d,1757,1
daschle,1973,1
dbms,1999,70
determined,1659,3
drainage,1865,1
chicanx,2016,684
district,1807,1
control,1824,1
d,1861,1
company,1826,1
db,1986,1
d,1869,1
d,1876,1
comrs,1852,1
education,1913,2
data,2000,1
dirkovitch,1890,8
db,1995,4
ddjbo,1984,13027
charalampia,1916,1010
dolwig,1857,1041
dba,1900,1
education,1903,1
db,2005,7
company,1812,6
determined,1849,1
d,1826,1
compounds,1897,1
district,1478,1
eilnerq,1980,1136
d,1933,1
drainage,1501,1
e,1499,1
d,1854,1
db,2008,1
ether,1801,1
district,1790,3
e,1831,1
constitution,1723,1
control,1891,1
e,1996,23
crellock,1886,2314
d,1704,1
control,1817,1
constitution,1770,1
edricson,1891,13
e,1819,1
data,1864,1
chitterwick,1930,1252
docket,1892,1
dalbersdorf,1881,771
crtu,1706,1
e,1806,1
constitution,1824,2
e,1918,1
corzine,1789,689
e,1854,1
education,1867,1
data,1985,3
disorders,1990,446
docket,1846,1
db,2004,34
dbms,1999,54
e,1851,1
determined,1817,1
doramin,1900,16
district,1856,1
esquire,1935,1
db,1951,8
date,1907,1
drainage,1892,1
d,1832,1
e,1993,2
constitution,1815,1
d,1963,4
db,2002,26
e,1886,1
ether,1475,1
drainage,1830,1
education,1862,2
data,1874,1
e,1499,3
eschleman,1832,28
donnine,1841,729
ecr,1970,1
dw,1500,1
dw,1874,1
demint,1789,766
d,1832,1
dbms,2002,5
dolwig,1857,2
company,1908,1
determined,1500,602
e,1804,1
control,1894,1
euphie,1853,1
district,1875,1
constitution,1798,1
d,1898,1
dba,1995,1
company,1771,1
education,1905,1
compounds,1475,137
constitution,1806,1
education,1761,1
comsatcorp,1962,1674
constitution,1782,1
company,1909,3
dypski,1967,1572
denviers,1892,583
ecklee,1845,898
company,1832,1
dbms,1900,2
cosponsors,1789,374
district,1876,1
d,1825,1
ecr,1615,1
chauxville,1895,4349
ds,1807,1
d,1871,1
date,1753,1
clozaril,1946,1
disorders,2008,7
e,1985,1
clanmar,1825,754
company,1893,1
docket,1789,4
date,1857,1
cowbelles,1931,6144
db,1993,9
duns,1810,3
demint,1922,1
district,1841,79
entrepreneurship,1962,1
daschle,1979,1
ecr,1879,1
dbms,2004,7
disorders,1981,1
company,1873,2
d,1848,1
domenici,1949,2
clinkton,1884,1207
d,1824,1
control,1915,2
deaan,1729,837
dbms,2002,51
degrieck,1892,2104
exhibit,1893,1
compounds,1951,1
company,1752,1
company,1785,1
drainage,1762,1
education,1816,1
db,1994,1
codazzi,1877,1
determined,1807,3
dewine,1789,1887
dbms,1994,30
d,1745,1
compounds,1951,1
e,1839,1
employes,1914,1
district,1818,1
disorders,1851,1
date,2016,4784
d,1839,1
crownit,1711,1
clarentine,1796,1199
date,1975,1
dbms,1998,1
district,1842,1
cosponsor,1614,16
education,1914,2
e,1839,1
contested,1601,1
enjolras,1862,14
cictionary,1808,1
eschleman,1832,28
company,1785,1
daolord,2019,2668
education,1825,1
dba,1962,2
desjani,2006,1383
dbms,1999,1
data,1971,2
determined,1757,1
d,1819,1
e,1854,1
d,1875,1
dba,1672,1
docket,1843,1
data,1988,4
employes,1501,146
docket,1846,1
e,1783,1
dba,2002,18
education,1889,1
diarsine,1922,22
employes,1874,1
d,1876,1
d,1799,1
constitution,1881,4
district,1907,1
d,1655,1
determined,1817,1
date,1947,1
drownlands,1893,1240
e,1818,6
coverdell,1936,11
domenici,1675,2
date,1975,1
e,1861,1
dbms,1994,6
compounds,1802,2
disorders,1832,1
eigrp,1994,4
control,1909,1
dbms,2001,32
compounds,1813,1
dbms,2002,9
cosponsors,1874,12
constitution,1798,1
e,1828,1
comrs,1905,1
company,1832,1
discriminatorily,1832,12
e,1843,1
data,1992,4
cheliax,2015,505
drainage,1847,1
e,1835,1
e,1778,1
docket,1811,1
data,1998,37
d,1829,1
e,1726,1
ecr,1907,1
cinderpelt,2004,1183
childersleigh,1869,30
e,1852,1
dba,2002,8
date,1774,1
education,1902,1
docket,1500,310
ec,1485,3
creoitweek,1996,712
e,1908,1
e,1833,1
dba,1900,5
constitution,1472,9
diversion,1847,1
dbms,1999,8
company,1884,1
dba,2000,8
dba,2002,18
db,1986,1
dba,1995,1
d,1916,1
district,1856,1
daschle,1789,1663
company,1840,1
e,1999,1
e,1881,1
education,1841,1
ebsary,1832,1212
constitution,1781,1
denosumab,1973,1
domenici,1977,2
date,1910,1
dbms,1999,8
e,1902,1
cowbelle,1931,38
dockwrath,1862,14
dbms,1996,2
dudnik,1832,756
dba,1864,1
diversion,1826,1
data,1995,2
e,1815,1
date,1912,1
control,1872,1
d,1867,1
e,1852,1
dbms,1994,13
e,1796,1
district,1836,70
contested,1601,1
docket,1843,1
constitution,1859,1
dewine,1789,1887
date,1984,1
drainage,1830,1
education,1900,1
determined,1680,1
date,1995,5
employes,1868,1
company,1894,1
control,1934,2
db,1993,2
delarge,1832,1
d,1812,1
e,1812,1
dundyke,1854,1200
dbms,1999,1
control,1894,1
data,2006,21
dbms,1995,2
d,1823,1
escm,1828,1
constitution,1526,1
education,1972,27
dafinone,1970,584
company,1873,2
db,1993,1
d,1888,1
dbms,1998,33
dbms,1997,4
domenici,1973,2
district,1823,3
delarge,1868,373
dba,1869,1
civr,1837,1
cromwell,1788,1
d,1832,1
constitution,1790,1
control,1911,1
dbms,1999,1
company,1905,4
district,1796,1
db,2003,2
clozaril,1995,1
delabio,1935,19
date,2000,2
d,1883,1
district,1827,1
duns,1760,1
d,1818,1
db,1999,1
e,1809,1
entrepreneurship,1965,1
db,2003,6
db,1688,1
db,1742,1
dbms,2004,50
date,2005,8
d,1848,1
dba,2003,8
emergence,1917,1
ether,1816,1
db,1714,1
clozaril,1989,3
e,2001,5
drainage,1857,1
education,1911,2
cosponsors,1966,1
dbms,1999,54
chamly,1842,1233
contested,1816,1
earlsfont,1910,1156
domenici,1789,1771
disorders,1968,1
district,1675,1
duns,1605,1
desjani,2006,1380
company,1853,1
date,1827,1
disorders,1547,2
dba,1900,2
db,1991,2
determined,1809,1
db,2002,133
comrs,1666,544
education,1847,1
e,1805,1
e,1841,1
datagrampacket,1996,540
education,1919,4
dba,1998,1
delarge,1868,370
db,2004,35
dyd,1777,5
dockwrath,1862,12
date,1889,1
date,1947,1
company,1848,1
d,1830,1
e,1812,1
chambliss,1888,1
clozaril,1864,1
constitution,1526,1
date,1741,1
date,1989,2
disorders,1867,1
db,2002,18
district,1813,2
education,1861,1
dba,1989,1
chundango,1865,566
e,1993,2
company,1472,53
education,1972,21
dba,1989,1
e,1873,1
cromwell,1808,1
docket,1887,1
d,1875,1
domenici,1910,1
dockwrath,1861,2109
data,1883,2
e,1836,1
e,1816,1
eglosilyan,1874,24
d,1812,1
dbms,1996,28
crtu,1778,1
d,1885,1
docket,1853,4
d,1772,1
date,2005,8
cornbutte,1874,541
disorders,1953,4
clanellan,1827,1328
education,1861,1
education,1907,1
disorders,1767,1
district,1851,1
dba,1989,1
control,1832,1
conporns,1971,3403
control,1963,2
domenici,1675,2
company,1759,1
constitution,1868,1
delabio,1935,19
e,1839,1
ecrasia,1921,117
e,1877,3
dudnik,1832,756
company,1832,1
exhibit,1886,1
dba,1996,1
district,1915,1
determined,1500,602
e,1819,1
d,1871,1
dafinone,1952,1
district,1819,1
dbms,1996,19
date,1969,1
district,1803,1
dbms,2002,6
company,1846,1
disorders,1756,1
dba,1989,1
e,1908,1
ecr,1941,1
company,1847,1
docket,1501,8
cootamundra,1800,597
d,1770,1
district,1908,1
company,1848,1
education,1810,1
control,1472,200
d,1855,1
clonbrony,1812,1339
e,2001,5
compounds,1815,1
db,2001,292
degrieck,1892,2104
db,1978,2
e,1814,1
company,1832,1
education,1812,1
e,2001,5
district,1857,1
dba,1883,1
ec,1619,1
cosponsors,1874,1
d,1735,1
euphie,1853,1
e,1817,2
district,1818,1
d,1832,1
dbms,1997,4
date,1814,1
e,1858,1
e,1844,1
education,1816,1
ecr,1850,1
data,1982,3
district,1790,2
d,1776,1
e,1830,1
d,1916,2
determined,1659,3
control,1832,1
daschle,1753,1
education,1790,1
d,1833,1
duns,2016,3760
exhibit,1832,2
db,1499,1
education,1972,33
e,1778,1
d,1835,1
dapsul,1842,845
cootamundra,1878,1
devarges,1875,12
db,1996,1
company,1812,1
cornyn,1851,1
dba,1989,1
ether,1816,1
e,1835,1
district,1833,1
dezmona,2004,521
determined,1766,3
db,2003,2
d,1856,1
e,1811,1
dbms,2004,37
date,1472,2
db,1717,1
dba,2004,3
charalampia,1916,1011
drainage,1872,3
ds,1602,1
dbms,1996,4
diarsine,1950,498
dbms,1997,2
dbms,1998,14
d,1832,1
d,1697,2
e,1800,1
date,1496,1
eelmae,1955,648
comsatcorp,1962,25
disch,1682,630
diversion,1885,1
edenpure,2006,568
e,1931,1
dba,1994,1
date,1995,1
company,1862,1
constitution,1889,1
dba,1994,5
disorders,1824,1
diversion,1853,1
cws,1808,1
data,2004,17
db,2008,1
cudberry,1870,1625
e,1881,1
cromwell,1549,1
dba,1757,1
crapo,1869,1
education,1910,1
civr,1953,1016
e,1854,1
disorders,1929,1
dbms,1997,1
company,1909,3
district,1824,1
e,2001,3
constitution,1860,1
diversion,1845,4
dba,1998,6
control,1816,3
d,1861,1
dbms,1998,33
education,1905,1
corzine,1893,1
dbms,1994,1
compounds,1818,1
domenici,1975,2
education,1822,1
data,1981,2
e,1835,1
e,1921,1
dbms,1999,5
cosponsor,1964,1
district,1830,1
education,1816,1
cosponsors,1874,12
eastvale,1903,1
education,1803,1
d,1809,1
dbms,2004,43
company,1870,1
d,1836,1
docket,1500,310
e,1893,1
control,1934,2
dba,2004,23
d,1848,1
e,1912,1
company,1640,1
d,1836,1
comsatcorp,1962,1615
constitution,1838,1
d,1807,1
dba,1995,2
date,1852,1
drainage,1893,1
employes,1866,1
education,1908,2
e,1769,1
e,1808,1
dw,1773,1
d,1500,1
cromwell,1715,1
dyd,1741,1
education,1991,20
company,1887,1
disorders,1851,1
discriminatorily,1939,1
econtime,1991,984
edelbaum,1832,29
daschle,1874,16
cosponsors,1614,20
date,1866,1
education,1703,1
constitution,1860,1
ezhllmalal,1998,901
e,1480,1
dba,1992,2
dbms,2004,37
duishen,1963,682
cudberry,1870,1625
elvsted,1891,10
dbms,1999,9
e,1870,1
data,2004,17
db,2001,292
disorders,1817,1
disorders,1817,1
civr,1785,1
d,2002,1
chairwomanvelazquez,2007,2520
constitution,1774,1
dba,1535,1
eyjolf,1861,20
education,1972,20
dramuziando,1807,1858
cryptopia,1866,2
e,2000,2
education,1742,1
dba,1992,2
district,1808,1
education,1972,15
company,1930,1
cosponsor,1874,10
district,1853,1
disorders,1981,1
date,1741,1
constitution,1833,1
d,1793,1
cosponsor,1874,10
compounds,1839,1
euph,1810,1
e,2014,8
education,1832,1
d,1871,1
education,1832,1
disorders,1990,326
education,1807,1
e,1783,1
db,1923,5
e,1864,1
district,1823,3
data,2007,1
d,1818,1
determined,1832,2
d,1812,1
emergence,1963,1
dba,1989,1
d,1883,1
dba,1994,9
daschle,1789,1663
ds,1810,2
e,1814,1
company,1836,1
constitution,1819,1
date,1990,1
determined,1827,1
d,1852,1
dba,1993,1
education,1972,15
d,1641,1
control,1996,1
date,1929,2
contested,1618,1
crapo,1869,1
date,1814,2
e,1934,1
district,1844,1
dba,1900,2
control,1909,1
d,1872,1
chambliss,1701,5
district,1841,1
d,1500,1
dba,1900,2
dyd,1548,1
dw,1876,1
dbms,1997,5
docket,1846,1
compounds,1754,1
employes,1878,2
e,1960,1
d,1803,1
db,1801,1
cldef,1747,1
d,1837,1
data,1985,42
constitution,1863,1
disorders,1639,1
d,1868,1
constitution,1748,1
data,2006,21
dbms,2004,32
constitution,1889,1
e,1840,1
cromwell,1786,1
chrysophrasia,1887,2812
docket,1500,275
d,1943,1
date,1983,2
data,1991,1
date,1500,1
dba,2004,3
daschle,1978,1
e,1825,1
education,1918,1
e,1862,1
emergence,1921,1
date,1912,1
dbms,2000,4
daofather,2019,849
disorders,1831,1
comsyne,1988,1605
d,1865,1
db,2002,6
eastvale,1820,12
exhibit,1623,4
corzine,1916,1
dba,1989,1
date,1997,1
d,1807,1
dbms,1996,12
district,1870,1
education,1972,3
conditionsnone,1976,797
education,1972,7
education,1804,1
craydocke,1866,548
eigrp,1900,516
dbms,1900,4
data,1978,1
district,1830,1
date,1986,1
education,1723,1
disorders,1875,2
constitution,1836,1
e,1839,1
education,1832,1
company,1901,1
education,1478,56
education,1972,9
e,1825,1
e,1903,1
disorders,1929,1
education,1914,1
edirectory,1889,1
cldef,1747,1
e,1892,1
dba,1788,1
disorders,1756,1
dhhf,1956,57
e,1843,1
e,1886,1
contested,1834,1
data,1998,10
education,1852,1
compounds,1859,2
e,1908,2
cowbelles,1909,1
d,1831,2
dumnoff,1890,557
dbms,1996,4
disorders,2001,1
e,1879,1
education,1807,2
d,1884,1
ebsary,1832,1219
chuello,1808,525
company,1832,1
d,1841,1
daschle,1874,16
company,1673,1
dbms,1994,12
date,1994,2
db,1999,1
clinkton,1884,1179
exhibit,1886,1
dbms,1999,9
db,1982,3
db,1996,5
craydocke,1866,548
cornyn,1723,1
education,1750,1
date,1922,1
db,2002,29
dbms,1999,1
company,1847,1
d,1475,54
e,1817,1
duns,1810,3
cws,1704,1
data,1836,1
d,1891,1
delabio,1935,508
ds,1509,1159
definingidea,2004,963
date,1984,1
dbms,1900,1
control,1915,2
district,1915,1
control,1921,1
district,1823,1
debenest,1947,1133
chundango,1865,566
dbms,1998,153
date,1999,2
d,1760,1
dw,1906,1
dba,1993,1
dapsul,1842,845
d,2002,1
crtu,1778,1
e,1722,1
dbms,1909,1
dbms,1978,5
constandy,1755,1
d,1472,3
e,2001,8
district,1790,3
date,1857,1
dba,1900,1
entrepreneurship,1789,72
e,1814,1
exhibit,1876,1
data,1998,2
e,1921,1
d,1979,3
deaan,1729,837
determined,1766,3
dbms,2000,8
d,1821,1
education,1843,1
dbms,2002,115
e,1814,1
codazzi,1820,29
d,1826,1
e,1726,1
district,1908,1
ether,1805,1
dbms,1999,19
dba,1990,1
d,1824,1
company,1930,1
eastvale,1903,1
compounds,1802,3
drainage,1501,1
e,1884,1
exhibit,1893,1
district,1832,1
chambliss,1915,1
determined,1837,1
dvoyrele,1930,1341
cowbelle,1931,2286
donnenwirth,1847,547
circuland,1710,2
ds,2001,2
education,1809,1
dbms,2001,6
e,1866,1
compounds,1813,1
dw,1642,487
esquire,1796,1
clarionas,1865,1266
codazzi,1891,1
company,1817,1
d,1779,1
education,1672,1
dbms,1806,1
d,1815,1
dbms,2000,16
commlnte,1990,744
econtime,1991,754
dba,2004,15
disorders,1830,1
dikasteries,1834,1
disorders,1912,2
cootamundra,1878,1
compounds,1819,2
e,1902,1
education,1850,3
db,2001,1
d,1836,1
dbms,2001,1
ether,1805,1
diversion,1845,1
digimodernism,2009,85
d,1825,1
contested,1835,2
e,1813,1
diversion,1472,2
dbms,2002,115
e,1699,1
d,1770,1
dlcrtl,1953,1447
constitution,1815,1
disorders,1866,1
emergence,1916,1
edeldorf,1857,551
dbms,1996,30
euph,1810,1
echonet,1985,2
dba,1877,1
combivir,1949,6
d,1832,1
education,1972,30
company,1813,1
dbms,1998,36
district,1830,1
education,1805,1
e,1855,1
e,1639,1
data,1993,1
ds,1736,1
crtu,1706,1
control,1586,1
dlcrtl,1953,1441
company,1909,3
dypski,1967,1572
donnenwirth,1859,4
disch,1819,1
e,1845,1
corzine,1916,1
eradicane,1964,57
company,1867,1
eigrp,1900,5
d,1815,1
e,1928,1
district,1830,1
db,2001,3
dba,2004,18
enzi,1789,1518
db,2002,64
echonet,1983,3
ckuban,1814,546
darkfriends,1990,51
dbms,1995,13
dromcolloher,1821,525
e,1825,1
dba,1900,4
coons,1804,1
disorders,2000,6
contested,1818,1
echalot,1865,805
db,1879,1
d,1812,1
crecherie,1901,1002
cromwell,1538,1
diarsine,1950,498
cornyn,1889,1
chambliss,1789,1
clanwaring,1871,5107
e,1865,1
ecr,1898,1
disorders,1912,2
company,1640,1
domenici,1973,11
disorders,1873,1
denosumab,2007,4
dbms,1995,2
date,1921,2
control,1816,3
cromwell,1665,1
dinniene,1878,1908
education,1912,1
dba,2001,14
entrepreneurship,1956,2
ether,1863,1
date,1995,3
d,1936,1
db,1999,3
d,1894,1
ds,1990,3
d,1861,1
eastvale,1820,524
coomassy,1824,931
e,1860,1
d,1766,1
dbms,1996,2
date,1883,1
dba,2004,18
d,1864,1
d,1878,1
dbms,1999,16
education,1915,1
coons,1870,1
e,1845,1
control,1885,1
date,1916,1
company,1806,5
e,1912,1
db,1998,1
e,1857,1
db,1989,1
dba,2001,1
dbms,1998,138
company,1909,3
e,1816,1
d,1885,1
coons,1848,1
disorders,1812,1
district,1849,1
daschle,1753,2
education,1815,1
e,1825,1
e,1847,1
date,1827,1
densdeth,1861,1609
choutteau,1872,1266
d,1641,1
e,1841,1
control,1909,1
corzine,1893,1
date,1500,1
e,1838,1
db,1717,2
dba,2002,8
d,1819,1
ds,1662,1
e,2008,6
district,1836,1
control,1909,1
date,1917,1
daolord,2019,2653
drainage,1859,1
dbms,2002,53
ecrasia,1916,1
e,1985,1
constitution,1859,1
d,1825,1
curryfin,1860,568
date,1912,1
drainage,1848,1
disorders,1851,1
eyjolf,1861,20
chitterlow,1905,2375
date,1983,2
delarge,1808,1
e,1875,1
constitution,1861,1
d,1909,2
e,1744,1
dcfror,1910,1402
e,1843,1
dudnik,1832,6
data,1851,1
education,1915,1
exhibit,1856,1
dba,1995,3
deodonato,1895,786
cws,1808,1
education,1897,1
company,1829,1
checkboxgroup,1996,5
compounds,1845,1
company,1901,1
dw,1920,2
d,1849,1
company,1847,1
education,1920,2
e,1805,1
disch,1682,630
company,1890,1
constitution,1824,2
dba,1994,11
disch,1741,1
cromwell,1485,22
education,1825,1
ez,1819,1
datetimeoffset,2008,4
dba,2004,2
compounds,1776,1
control,1903,1
d,1814,1
constitution,1792,1
company,1950,1
d,1883,1
determined,1808,1
cocast,1841,492
esparvieu,1914,24
data,1900,2
district,1904,1
date,1993,1
e,1890,1
d,1832,2
daitcho,1896,1314
dbms,1976,1
echonet,1983,507
education,1872,1
dba,1803,1
e,1881,1
disch,1829,1
docket,1871,1
cloidt,1808,539
d,1757,1
disorders,1983,3
dba,1994,1
disorders,1822,1
education,1861,1
e,1825,1
dbms,1996,1
enzi,1798,1
darkfriends,1990,924
exhibit,1805,1
doramin,1900,18
drainage,1845,2
e,1830,1
echonet,1983,523
drainage,1847,3
docket,1501,2
dbms,2002,4
constitution,1868,1
duns,1605,1
d,1772,1
dauntrees,1838,518
dbms,1998,139
e,1860,1
district,1863,1
domenici,1949,2
clozaril,1864,1
education,1914,1
dbms,2000,44
dbms,1999,70
charrebourg,1850,763
denosumab,1973,117
cruncleton,1852,1172
cornyn,1723,1
company,1818,1
dba,1989,1
ec,1477,1432
education,1774,1
e,1818,1
education,1890,1
d,1913,1
d,1651,1
e,1996,23
e,1999,1
constandy,1832,1
constitution,1749,1
education,1920,2
d,1815,1
d,1812,1
dba,1900,4
compounds,1879,1
dba,1900,3
ckoor,1836,1219
district,1840,1
db,1828,1
company,1879,1
diversion,1819,1
db,1866,1
control,1501,1
education,1850,1
data,1851,1
drainage,1852,1
disorders,1990,326
education,1809,2
e,1722,1
exhibit,1852,1
district,1789,3
district,1639,1
company,1840,1
dhrakos,1896,524
education,1703,2
e,1888,1
e,1816,1
control,1988,8
d,1715,1
crackback,1839,625
dabstreak,1887,784
d,1995,2
determined,1823,1
ec,1834,3
chiltistan,1907,1732
dirkovitch,1890,18
e,1811,1
db,1995,4
education,1972,15
company,1832,1
compounds,1812,1
education,1755,1
district,1822,1
e,1909,1
crapo,1893,2
crecherie,1901,1002
dba,1900,4
clanmar,1825,754
d,1847,1
d,1875,1
e,1841,1
district,1841,1
dbms,2002,4
e,1816,1
eastvale,1820,566
education,1952,1
dba,1998,5
d,1623,1
education,1831,1
dbms,2004,207
education,1822,1
clanwaring,1871,5106
dhyanalinga,2003,503
e,1809,1
chaison,1832,531
d,1797,1
company,1879,1
d,1792,1
d,1792,1
constitution,1792,1
disorders,1795,1
dbms,1994,4
date,1883,1
data,1475,1
esquire,1759,14
e,1957,1
constitution,1832,2
dbms,2000,16
cosmoids,1953,1
cuylits,1851,806
constitution,1778,1
data,1992,4
db,1982,3
comrs,1852,1
debenest,1903,2
data,1970,1
e,1888,1
d,1807,1
db,2005,3
education,1991,2
dbms,1998,8
diversion,1827,1
d,1972,25
data,2009,5
d,1916,1
docket,1915,1
dbms,1994,1
db,1989,1
education,1803,1
cheysuli,1984,1063
disorders,1793,1
earlsfont,1910,32
db,1991,1
constitution,1748,1
e,1815,1
dbms,1997,3
db,1978,2
d,1839,1
comrs,1804,2
e,1812,1
constitution,1675,1
disorders,1996,1
company,1845,1
dba,1995,1
d,1863,1
charrebourg,1850,761
company,1853,1
cildadan,1803,767
datagrampacket,1996,1
date,1996,2
constitution,1778,1
ec,1477,1432
control,1816,3
champukwi,1960,501
dba,1900,1
d,1885,1
dbms,2002,16
danknick,1961,789
employes,1832,8
d,1861,1
dufroy,1830,554
dba,1962,1
d,1847,1
disorders,1895,1
datetimeoffset,2007,215
dbms,1999,1
date,1949,1
cinderpelt,2004,23
education,1910,1
dba,1989,1
disorders,1795,1
cromwell,1485,22
dbms,1994,12
data,1959,1
education,1490,1
dbms,1996,6
constandy,1752,1
e,1842,1
dw,1845,1
e,1794,1
db,1999,7
cruijwagen,1905,812
dbms,2004,16
dba,2001,1
constitution,1819,1
education,1896,1
domenici,1975,2
exhibit,1893,1
e,1807,1
control,1919,1
disorders,1883,1
company,1901,1
education,1761,1
constitution,1774,1
e,1993,1
docket,1840,1
docket,1701,6
education,1991,2
education,1900,1
date,1994,2
edenpure,2006,568
dbms,2002,9
district,1893,1
d,1739,1
ecr,1949,1
diversion,1472,2
daraquen,2019,549
date,1533,1
drainage,1914,1
control,1813,1
d,1907,1
cogewea,1927,747
disorders,1873,1
e,1819,1
e,1472,8
drainage,1801,6
drainage,1806,2
e,1893,1
domenici,1905,3
dyd,1692,2
education,1890,1
darotoyi,1944,521
data,1981,4
e,1827,1
donnenwirth,1847,547
company,1927,1
d,1818,1
coverdell,1789,865
db,1982,3
district,1849,1
deravenel,2006,1113
emergence,1921,1
e,1835,1
dietsys,1994,1084
employes,1858,1
e,1814,1
control,1909,1
diversion,1845,1
d,1902,1
education,1633,1
d,1651,1
company,1759,1
dbms,1999,1
detricand,1898,1420
disorders,1832,1
d,1832,1
dba,1672,1
education,1809,1
constitution,1843,1
drainage,1812,1
e,1805,1
colambre,1812,2540
data,1971,1
e,1810,1
company,1852,1
disorders,1953,4
e,1843,1
e,1916,1
db,2003,4
date,1977,4
e,2014,12
data,1864,1
company,1833,1
dbms,1999,1
coons,1871,1
delabio,1961,4
d,1979,2
control,1910,1
crownit,1711,1
dba,1994,8
ecr,1733,1
ez,1841,3
d,1835,1
d,1846,1
debenest,1947,1133
data,1998,2
d,1855,1
date,1949,1
diversion,1827,1
e,1837,1
e,1810,1
cosponsors,1874,1
comsatcorp,1962,30
demint,1694,1
d,1823,1
d,1831,2
easyscripttl,2009,1033
cowbelle,1931,2284
earlsfont,1910,1188
e,1993,1
exhibit,1881,3
comsyne,1988,1374
education,1952,1
company,1793,1
e,1809,3
education,1761,1
district,1836,70
constandy,1947,6311
dba,1960,1
cosponsor,1964,1
dba,1993,2
exhibit,1601,3
dba,2001,14
cfs,1620,1
district,1865,1
coverdell,1911,1
e,1804,1
d,1816,1
data,1783,1
dbms,2003,1
d,1888,1
denosumab,2007,4
dbms,1996,2
domenici,1919,1
control,1789,2
d,1867,1
control,1832,1
crellock,1886,2312
dbms,1999,16
db,1997,4
edricson,1891,500
chambliss,1832,1
date,1993,1
duns,1801,1
constitution,1806,1
constandy,1947,6308
e,1852,1
cosponsors,1966,1
education,1804,1
exhibit,1832,1
drainage,1842,1
d,1900,1
converium,1941,576
ez,1830,1
drainage,1914,1
compounds,1844,1
conchubor,1910,1327
daitcho,1896,1302
circuland,1710,2
e,1800,1
dba,1795,1
dba,1994,9
diversion,1866,1
duns,1761,1
dbms,2002,50
dbms,1994,1
dba,1990,1
ecr,1808,1
district,1790,1
danknick,1961,789
contested,1835,1
d,1826,1
darkfriends,1990,866
ds,1825,1
district,1874,2
e,1805,1
converium,1941,578
e,2015,6
corzine,1879,1
domenici,1973,2
e,1928,1
eelmae,1955,648
education,1972,14
chamly,1812,1
daofather,2019,852
epavord,1990,704
d,1861,1
date,1968,1
ecr,1854,1
company,1501,2
cromwell,1786,1
e,1836,1
d,1830,1
e,1815,1
e,1840,1
e,1993,1
dainopoulos,1922,3546
district,1844,1
eigrp,1900,464
district,1807,1
dbms,2007,5
d,1888,1
disorders,2008,2
dba,2004,1
ecr,1477,548
dudnik,1832,6
control,1873,1
e,1912,1
coverdell,1949,2
education,1867,1
constitution,1586,1
cootamundra,1800,6
childersleigh,1869,15
drainage,1803,1
edirectory,1889,1
crolians,1840,539
ez,1500,2
d,1832,1
d,1704,1
education,1946,1
clavreuil,1868,890
ckuban,1814,555
db,1991,2
dba,2004,8
delinqnt,1972,12418
ezhilmalai,1998,1694
deodaat,1847,733
district,1818,1
date,1960,1
exhibit,1846,1
d,1885,1
education,1874,1
education,1661,1
devarges,1875,541
constitution,1710,1
dbms,1998,153
dba,1989,1
data,2008,115
contested,1852,1
codazzi,1820,711
dzeya,1861,662
e,1889,1
education,1854,1
db,1912,1
db,2002,63
euphemon,1762,457
dbms,1999,13
data,1970,1
daschle,1978,2
company,1644,2
d,1836,1
dbms,1994,4
draenei,1994,1
conachur,1923,652
demint,1789,6
d,1860,1
d,1904,1
e,1806,1
chapayev,1900,972
e,2001,8
dw,1706,1
dw,1642,2
control,1937,3
docket,1882,1
ecr,1811,1
delarge,1868,370
determined,1796,1
company,1810,1
dba,1900,2
d,1821,1
dzato,1601,553
education,1914,1
education,1810,1
e,1813,1
d,1867,1
district,1809,2
colambre,1812,2517
cloudpaw,2004,1313
district,1875,1
correlia,1802,1302
data,1979,1
district,1837,1
crinkett,1878,1017
employes,1866,1
cromwell,1844,1
education,1819,1
delabio,1935,28
data,1995,7
dbms,1999,8
dba,1535,1
dbms,2002,16
dhourra,1819,1221
d,1814,1
docket,1832,20
childersleigh,1869,3001
ec,1894,1
db,2001,3
dbms,1994,9
comrs,1804,1
cromwell,1808,1
docket,1832,6
devarges,1875,1
db,1742,1
comrs,1833,1
e,1807,2
d,1822,1
docket,1926,1
dbms,1857,1
e,1934,1
disorders,2001,1
dba,1995,7
company,1667,1
cornyn,1851,1
edelie,1819,688
dba,1989,1
cildadan,1803,768
district,1472,14
compounds,1846,1
d,1829,1
e,1849,1
cfs,1491,1
cosponsors,1956,1
date,1900,12
e,1973,1
dw,1763,1
d,1848,1
d,1873,1
education,1815,1
exhibit,1832,94
circele,1951,735
district,1893,1
education,1756,1
data,1991,1
date,1820,1
charville,1807,1
date,1999,2
dbms,2002,6
company,1812,1
education,1955,1
e,1858,1
education,1897,1
d,1715,1
corzine,1789,689
district,1874,1
data,1978,1
education,1889,1
drainage,1840,1
e,1891,1
d,1735,1
enzi,1874,1
dw,1835,1
data,1923,1
education,1832,1
econtime,1991,184
e,1808,1
echonet,1985,2
delabio,1961,4
dba,2002,29
ds,1990,3
cromwell,1715,1
esparvieu,1914,24
clennam,1799,4
dbms,1998,14
dlcusg,1967,904
db,1999,6
eradicane,1964,51
company,1867,1
dba,1993,1
compresell,1986,412
e,1866,1
constitution,1790,1
data,1496,135
dirkovitch,1890,617
d,1809,1
dw,1856,1
ds,1859,1
district,1899,1
e,1844,1
district,1840,1
data,1978,1
docket,1846,1
cerezita,1986,2
dba,1994,9
education,1703,1
dbms,1994,4
daisart,1832,1298
cromwell,1665,1
domenici,1947,1
chalkidians,1849,542
conventford,1864,668
cictionary,2019,570
education,1478,5
education,1900,1
comrs,1891,1
district,1870,2
education,1861,1
compounds,1869,1
district,1880,1
dba,1900,1
champukwi,1960,508
diversion,1810,1
company,1840,1
demint,1694,1
dbms,1996,2
company,1887,1
d,1819,1
control,1996,1
discriminatorily,1832,20
education,1903,1
d,1891,1
education,1897,1
d,1820,1
date,1478,1
demint,1816,2
disorders,1795,1
dba,1989,1
cosponsors,1962,1
company,1793,1
ecr,1733,1
edelbaum,1832,29
delabio,1935,28
edricson,1891,500
chitterwick,1930,1252
district,1901,1
e,1863,1
constitution,1770,1
disorders,1968,1
compounds,1892,1
dbms,1997,1
date,1814,1
e,2001,3
ecr,1615,1
education,1803,1
company,1899,1
e,1908,1
d,1812,1
cryti,1858,568
district,1845,1
e,1827,1
d,1880,1
cryptopia,1866,2
cogewea,1927,747
curlydown,1879,823
e,1876,1
dhyanalinga,2003,503
company,1846,1
date,1968,1
daschle,1965,2
comrs,1666,544
disorders,1639,1
dba,1995,1
donnine,1841,729
d,1936,1
company,1832,1
ecr,1935,4
education,1882,1
e,1832,1
district,1915,1
db,1991,1
e,1810,1
constitution,1675,1
d,1829,1
dhhf,1956,1121
dba,1994,11
d,1836,1
chambliss,1701,5
company,1728,1
db,2002,8
duns,1757,1
d,1882,1
company,1813,1
control,1832,1
ds,1675,1
education,1897,1
drainage,1832,1
dba,2004,4
dbms,2000,8
disorders,1843,1
data,1991,1
cynatron,1974,740
diporeia,1961,185
data,1959,1
crackback,1839,610
dbms,1997,1
db,2004,3
diarman,1836,556
education,1817,1
dba,2004,17
education,1854,1
ds,1986,1
control,1920,1
cinderpelt,2004,1160
e,1905,1
dbms,1996,5
dragonoff,1898,547
dba,1900,1
ez,1500,2
doramin,1900,938
db,1736,1
d,1793,1
ec,1485,3
district,1796,1
e,1914,1
daschle,1979,10
e,1883,1
e,1867,1
d,1898,1
company,1812,3
d,1837,1
constandy,1752,1
education,1841,1
dewine,1837,1
education,1673,1
d,1820,1
e,2000,2
durewoods,1875,1906
dba,1990,1
domenici,1964,1
cosponsors,1789,1
dba,1900,3
dba,2004,7
data,1984,1
dba,2004,23
compounds,1818,1
education,1812,1
control,1909,1
euph,1732,1661
dimden,1835,506
diversion,1885,1
cosponsors,1956,1
dyd,1785,1
education,1955,1
correlia,1802,1302
comrs,1705,1
ddlokhov,1904,1921
entrepreneurship,1789,72
data,2002,1
district,1838,1
d,1849,2
d,1701,1
daschle,1973,3
dba,1989,1
daschle,1973,1
compresell,1986,119
drainage,1892,1
coverdell,1915,1
d,1846,1
dbms,1999,14
e,1983,1
d,1909,2
coons,1826,1
cristler,1832,605
cominfil,1973,13
company,1870,2
datetimeoffset,2007,215
dyeermud,1894,804
denosumab,1973,5
e,1819,1
dbms,1996,5
date,1834,1
e,1879,1
e,1986,3
drainage,1805,8
db,2004,13
esquire,1681,2
cruncleton,1852,1172
dafinone,1970,584
cromwell,1647,1
education,1972,23
education,1991,20
e,1868,1
e,1748,1
curlydown,1879,823
ds,2001,2
education,1774,1
coons,1871,1
education,1882,1
e,1873,1
dorofeya,1954,517
e,2000,2
district,1827,1
e,1812,1
domenici,1977,2
chitterlow,1905,2323
docket,1918,1
dbms,1996,4
doolly,1830,788
compounds,1800,1
edelie,1819,691
constandy,1861,1
cheesacre,1864,573
d,1863,1
district,1818,1
d,1500,1
d,1816,1
disorders,1867,1
date,1916,1
e,1639,1
dba,2004,34
dba,2004,7
education,1755,1
dockwrath,1861,2110
cosponsors,1956,1
district,1870,2
date,1927,1
dba,1998,3
e,1993,139
e,1854,1
diversion,1758,1
dba,2000,8
dbms,1997,3
data,1982,1
ezhilmalai,1998,1694
dussander,1981,545
edusemiotics,2012,2
date,1968,1
demint,1789,16
constitution,1795,2
entrepreneurship,1965,1
colambre,1812,23
district,1834,2
control,1919,1
e,1819,1
control,1817,1
dbms,1999,14
data,1994,1
education,1806,1
echonet,1983,14
docket,1840,1
compounds,1851,1
dw,1878,1
dbms,1995,4
dzeya,1861,662
constitution,1723,1
e,1744,1
district,1870,1
d,1752,1
education,1755,1
e,1866,1
d,1885,1
drainage,1852,1
d,1995,2
date,1988,8
daripalla,1978,700
dbms,1823,1
e,1742,1
d,1623,1
control,1798,1
dba,1994,5
e,1932,1
education,1797,1
d,1472,8
ez,1823,1
dbms,1959,1
district,1844,1
drainage,1865,1
drainage,1949,1
dba,1998,3
cromwell,1840,1
disorders,1983,3
education,1908,1
czerina,1835,505
e,1812,1
docket,1897,1
d,1848,1
compounds,1844,1
d,1885,1
conchubor,1910,33
db,2002,19
coons,1832,1
e,2000,2
e,1938,1
dba,1990,1
diversion,1819,1
docket,1915,1
constitution,1848,1
data,1985,3
control,1480,1
disorders,1547,2
district,1863,1
clavreuil,1868,896
e,1993,143
db,2001,9
e,1810,1
compounds,1835,1
company,1909,4
cfs,1935,1
draenei,1994,1
data,1991,1
district,1810,1
echalot,1865,816
control,1586,1
date,1935,1
e,1819,1
daschle,1753,3
e,1833,1
date,1900,8
data,1472,6
company,1950,1
coverdell,1915,1
chapayev,1900,29
d,1873,1
district,1813,1
domenici,1874,5
dbms,1959,1
dbms,1806,1
dzilo,1991,915
district,1841,79
d,1837,1
e,1833,1
cosponsor,1789,1
e,1868,1
dba,1989,1
d,1837,1
cosponsor,1614,16
dbms,1994,4
control,1898,1
compounds,1819,2
data,2004,26
dbms,1999,1
eglosilyan,1874,1450
dba,1900,1
district,1809,2
d,1894,1
control,1988,10
e,1805,1
chickabobboo,1848,105
ez,1835,1
employes,1859,1
e,1884,1
district,1808,1
employes,1853,1
date,1832,1
company,1790,1
education,1807,1
darkwell,1866,798
diversion,1853,1
ellender,1753,1
dbms,1998,8
d,1688,1
dba,1998,1
docket,1800,1
e,1812,1
e,1817,2
dufroy,1830,566
disorders,1990,446
control,1849,1
company,1847,1
district,1472,255
control,1501,1
depolaray,1939,562
date,1900,12
district,1876,1
education,1478,5
e,1837,1
cosponsors,1966,1
education,1816,1
dba,1900,3
d,1832,1
deravenel,2006,1114
disorders,1929,1
daschle,1979,1
district,1813,2
db,1998,2
dba,1999,3
choutteau,1872,1266
education,1812,1
e,1855,1
e,1887,1
diversion,1810,1
diversion,1472,26
exhibit,1805,1
cromwell,1788,1
education,1755,1
date,1999,2
district,1737,1
diporeia,1961,185
dbms,1995,10
data,1996,1
education,1837,2
company,1907,2
e,1860,1
dbms,1999,70
control,1898,1
control,1915,1
constitution,1790,1
dba,1998,4
dyd,1785,1
dbms,2001,1
district,1857,1
dba,1993,1
data,1981,33
e,1764,1
constitution,1861,1
district,1915,1
data,1973,1
d,1865,1
e,1860,1
data,1971,2
district,1819,1
e,1842,1
darkwolfe,2001,610
dramuziando,1807,1858
data,1986,1
d,1816,1
data,1991,1
durewoods,1875,1891
e,1805,1
education,1876,1
e,1835,1
concpt,1896,1
d,1851,1
district,1848,1
datetimeoffset,2008,52
cuylits,1851,806
dba,2004,2
chaison,1832,529
disorders,1929,2
dba,1990,1
data,1874,1
d,1838,1
dbms,2003,39
e,1999,1
e,1815,1
date,2001,1
dba,1989,1
e,1993,1
dba,1795,1
db,2004,23
education,1972,3
commlnte,1990,745
eardham,1871,562
dba,1830,1
diversion,1866,1
eigrp,1900,1
enzi,1789,1518
checkboxgroup,1996,550
dbms,1996,10
district,1472,14
d,1876,1
e,1986,1
devarges,1875,540
disorders,1929,1
dbms,2007,5
checkboxgroup,1996,548
dbms,1998,1
diversion,1912,1
dbms,1994,1
d,1489,10
e,1986,5
education,1899,1
d,1832,2
childersleigh,1869,24
compounds,1835,1
d,1855,1
e,1825,1
d,1720,1
education,1850,3
education,1967,1
date,1977,4
employes,1858,2
ecr,1477,548
e,1960,1
education,1959,1
d,1779,1
d,1915,3
db,2002,28
d,1853,1
company,1828,2
company,1879,1
d,1882,1
cfsti,1965,1
dominiske,1916,1605
employes,1874,1
edeldorf,1857,551
company,1899,1
education,1838,1
e,1764,1
education,1972,30
dbms,1994,30
district,1838,1
easyscripttl,2009,1033
elvsted,1891,2
date,1990,1
diversion,1472,26
delarge,1832,1
domenici,1789,1771
constitution,1830,1
ecklee,1845,898
company,1905,4
e,1868,1
desemer,1849,2
e,1999,1
dba,2004,17
elebune,1990,679
constitution,1710,1
district,1908,1
cromwell,1538,1
e,1881,1
date,1933,1
district,1844,1
diversion,1758,1
earlingford,1816,638
data,1990,1
control,1915,1
daripalla,1978,700
d,1853,1
docket,1501,1
db,1993,1
d,1963,4
education,1804,1
chicanx,2016,673
d,1805,1
d,1865,1
euph,1732,1661
dba,2002,23
education,1847,1
control,1915,1
clarentine,1796,1168
disorders,1844,2
ezhllmalal,1998,901
constitution,1795,2
control,1701,2
date,1801,1
cheesacre,1864,573
e,1993,215
control,1915,1
education,1804,1
date,1856,1
employes,1858,1
db,2001,3
disorders,1851,1
compounds,1800,1
ether,1823,1
determined,1827,1
disorders,2008,2
d,1908,1
contested,1818,1
d,1870,1
dba,2004,18
d,1872,1
district,1851,1
dba,1993,1
e,1866,1
control,1875,1
d,1875,1
dockwrath,1861,6
dagwanoenyent,1918,1259
ec,1822,1
e,1916,1
drainage,1879,1
cocast,1841,492
company,1837,1
db,1633,1
darkfriends,1990,7
e,1742,1
docket,1800,1
disorders,1895,1
domenici,1934,1
cosponsors,1956,1
chauxville,1895,4349
d,1812,1
doolly,1830,804
dhourra,1819,1221
dbms,1999,13
compounds,1851,1
e,1839,1
curryfin,1860,567
e,1774,1
dba,1989,1
cripure,1936,1868
d,1848,1
chavchavadzey,1857,859
ether,1475,1
combivir,1949,6
cfs,1620,1
data,2008,115
data,1974,1
e,1857,1
date,1774,1
education,1824,1
date,1907,1
cowbelle,1931,38
date,1995,1
e,1986,2
dbms,2004,21
e,1843,1
dba,1993,1
education,1900,1
edusemiotics,2012,2
degrieck,1627,2
docket,1832,18
dbms,2004,32
dbms,2001,31
cikoja,1956,727
cricklander,1912,684
exhibit,1818,1
determined,1843,1
duns,1801,1
date,1500,2
dewine,1913,1
e,1835,1
district,1979,4
d,1911,1
djogoun,1822,1064
dbms,1999,5
dbms,1997,4
d,1902,1
conporns,1971,3413
cocklescraft,1838,608
dewine,1789,152
dbms,1900,4
datetimeoffset,2008,52
chaiani,1804,1
education,1812,1
esquire,1759,14
e,1834,1
dw,1853,1
data,1996,1
diversion,1883,2
control,1915,1
district,1813,1
dbms,1999,1
date,1922,1
disorders,1820,1
ckoor,1836,24
data,1972,1
drainage,1886,1
constitution,1798,1
d,1822,1
d,1928,1
company,1673,1
employes,1501,146
constitution,1790,1
dbms,2004,23
e,1825,1
dimden,1835,508
dbms,2002,23
e,1818,1
disch,1829,1
e,1851,1
education,1872,1
dba,1996,1
darkwolfe,2001,603
ds,1822,1
education,1908,1
drainage,1472,1
data,1783,1
district,1830,1
education,1896,1
e,1808,1
eilnerq,1980,1144
dbms,2003,1
district,1836,3
clarionas,1865,1267
dhrakos,1896,524
coons,1848,1
ebsary,1832,253
education,1946,1
control,1798,1
e,2000,2
d,1819,1
dw,1500,1
constitution,1848,1
education,1907,1
db,1935,1
e,1873,1
district,1837,1
dbms,1997,5
control,1834,1
disch,1741,1
eardham,1871,562
e,1855,1
diversion,1815,1
e,1857,1
db,2000,5
dba,2004,15
date,1997,1
dbms,1994,4
date,1907,1
control,1885,1
drainage,1812,1
ds,1475,1
education,1838,1
clennam,1856,1
d,1871,1
data,1475,1
district,1901,1
e,1865,1
e,1807,2
data,2007,1
coons,1539,1
d,1811,1
e,1887,1
dagwanoenyent,1918,1259
d,1766,1
disorders,1883,1
control,1873,1
e,1805,1
earlingford,1816,638
dikasteries,1834,1
cikoja,1956,722
date,1968,1
data,1993,1
determined,1823,1
db,1978,5
constitution,1843,1
ellender,1933,2
date,1489,1
disch,1906,1
education,1971,1
contested,1835,2
control,1883,2
cloudpaw,2004,1325
croniamantal,1923,583
dewine,1913,1
chavchavadzey,1857,859
data,1988,4
dbms,1900,2
company,1909,5
demint,1789,1132
d,1848,1
cristler,1832,605
e,1852,1
data,1472,1
e,1818,6
determined,1832,2
district,1832,1
drainage,1793,1
demint,1789,79
earlvin,1811,1186
e,1818,4
date,1968,1
e,1818,1
group,1990,32
f,1478,1
fjelde,1836,15
hockenbeamer,1907,3
f,1828,1
hkey,1820,1
get,2012,10
fjelde,1879,5
file,1995,1
exhibit,1871,1
get,1970,3
file,1856,1
gl,2008,3
golfdom,1927,495
hkey,1995,1
file,1994,9
fiesko,1832,1184
fished,2016,1480
f,1833,1
employes,1868,1
gl,1992,3
exhibit,1825,1
feagler,1861,9
gladstein,1832,2358
group,1992,3
eyjolf,1861,581
euph,1606,1
f,1841,1
f,1851,1
file,1994,4
fjelde,1836,501
entrepreneurship,1789,757
file,1992,4
file,1900,2
file,1994,3
fasendone,2010,608
file,1852,1
gulgong,1800,730
fourth,1815,1
f,1912,1
guinardon,1914,1015
gl,1705,2
gommel,1801,528
gl,2006,18
hardcastle,1792,1
gl,1990,1
greshamsbury,1858,2354
file,1900,2
fauchelevent,1862,26
fakrash,1900,1523
hirono,1946,4
fennamy,1914,1327
grassley,1975,15
group,1832,1
gniffke,1860,782
file,1901,1
employes,1875,1
gl,1992,9
gl,1993,12
file,1995,1
gl,1992,2
gl,1992,3
furnuwees,1826,1829
hallblithe,1890,74
gromov,1937,186
fourth,1793,1
fintilo,1990,16
f,1823,1
ether,1489,1
f,1843,1
f,1764,1
f,1857,1
highway,1888,1
group,1853,1
exhibit,1741,4
f,1938,2
fjelde,1855,3
feingold,1915,1
gracelove,1848,612
file,1900,2
gadado,1825,3
gps,1803,1
gl,1992,5
falls,1857,1
hkey,1986,2
fourth,1788,1
gps,1881,1
fly,2016,7520
f,1941,8
f,1813,1
f,1846,1
file,1992,1
f,1986,1
gribou,1853,611
f,1791,1
highway,1872,1
group,1832,1
groups,1857,1
esquire,1642,1
exhibit,1472,1
f,1853,1
gl,1992,5
f,1809,1
gl,1992,3
f,1874,1
feingold,1729,1
f,1853,1
feinstein,1932,1
feingold,1915,1
file,1780,1
frcvp,1979,7
gl,1992,2
f,1839,2
escampobar,1923,553
falls,1821,1
gazifikatsiya,1925,665
fennamy,1914,1326
gps,1912,1
enzi,1878,1
f,1841,1
gl,1992,12
gwynplaine,1864,1
file,1876,2
exhibit,1877,1
f,1897,1
harduppe,1844,16
f,1985,10
foutatoro,1820,500
fariseoj,2017,385
groups,1961,1
entrepreneurship,1789,757
eriecreek,1873,506
fourth,1835,1
filesize,1971,3592
gl,1996,1
hkey,1993,22
f,1910,1
gl,1992,107
exhibit,1893,1
group,1901,1
get,1639,1
group,1990,32
gromov,1900,1
gl,1992,1
f,1809,1
fluoromica,1910,29
fusiwe,1969,532
group,1946,1
fourth,1825,1
file,1499,1
gl,1992,3
highway,1801,1
gl,2006,14
goarly,1876,982
f,1859,1
f,1810,1
group,1865,1
get,1649,3
gl,1992,19
groups,1900,1
hockenbeamer,1907,3
get,1523,1
frahenork,1965,562
f,1813,1
gl,1992,7
file,1900,4
gl,1992,1
group,1990,1
gazebee,1858,831
group,1843,2
fauchelevent,1862,1956
hkey,1986,8
gl,1990,5
gl,2000,18
ghatgay,1826,539
fourth,1893,1
feingold,1789,1855
fatello,1848,1128
gl,1992,3
fourth,1621,1
gnanji,1904,640
hkey,1986,3
groups,1857,1
gl,1992,1
genonsgwa,1918,1361
gablach,1873,499
get,1702,3
eradicane,1684,458
file,1900,19
fourth,1799,1
geolsurv,1935,573
exhibit,1874,1
gps,1950,2
gl,1992,5
gl,2008,3
gampong,1839,1
grebayedoff,1830,633
file,1983,171
group,1986,1
f,1805,1
groups,1852,1
fly,2016,7520
f,1863,1
gl,2006,13
emergence,2016,4700
gromov,1969,2
highway,1820,1
gyurgi,1914,623
gl,1992,3
fourth,1665,1
esquire,1891,1
fished,2016,2834
group,1843,2
falls,1846,1
gl,1993,2
firmola,1895,847
f,1883,1
geolsurv,1876,1
escampobar,1923,50
group,1938,2
f,1821,1
f,1851,1
f,1991,1
employes,1875,1
gl,1992,6
falls,1888,1
gl,1992,7
f,1757,1
esquire,1741,5
fourgeoud,1796,525
etzwane,1970,1171
gl,1992,1
gl,1992,7
faelamor,1998,1352
hochberg,1810,1
get,1523,1
gl,1992,8
gl,1992,3
f,1866,1
fitzwein,1959,529
f,1863,1
f,1916,1
f,1853,1
enjolras,1862,1486
esquire,1501,2
frcrp,1832,12
ez,1499,2
groups,1850,1
falls,1810,1
f,1846,1
file,1900,3
gl,1992,7
fauchelevent,1862,14
feinstein,1910,3
hkey,1768,1
group,1700,1
gl,1703,1
farrinder,1885,1042
ether,1809,6
gladstein,1832,74
falls,1796,1
falls,1815,2
gordeyevna,1917,787
fairscribe,1827,675
foamfollower,1977,1367
f,1931,1
fourth,1808,2
gl,2004,6
hkey,1820,1
harkin,1927,1
get,1985,7
group,1912,1
fjelde,1836,15
gl,1992,3
galvanes,1803,568
gl,1992,1
gl,1990,1
falls,2016,4700
f,1992,1
gl,1992,1
gazifikatsiya,1925,665
fly,1716,1
faurot,1832,13
file,1859,1
employes,1808,1
gl,1501,1
fourth,1835,1
fourth,1501,457
gerzson,1899,802
f,1985,3
elvsted,1890,160
gl,1992,9
groups,1475,11
f,1837,1
falorus,1874,550
highway,1872,1
exhibit,1832,1
groups,1863,1
falls,1731,2
file,1985,2
gl,1992,7
gl,1992,6
fourth,1472,2
get,1520,6
get,1982,3
gl,1992,8
gl,2004,55
glenalta,1827,560
fbistranscribed,1994,941
gulgong,1800,8
faurot,1832,2
fluorophlogopite,1910,133
glandreth,1837,651
file,1900,4
golfdom,1920,1
fiesko,1888,2
gl,1992,6
file,1501,1
hardcastle,1790,1
fauchelevent,1862,26
elmerice,1847,901
gwenthyan,1841,575
fly,1781,1
file,1989,3
get,1993,6
fluorophlogopite,1910,125
exhibit,1919,6
gl,2006,11
f,1900,1
grandcamp,1796,6
gl,1989,1
hkey,1900,1
groups,1862,2
gl,1990,2
foichat,1885,539
f,1861,1
friedgis,1888,735
gl,1992,1
gl,1992,1
hoopdriver,1896,149
hkey,1986,2
gl,1992,7
f,1843,1
employes,1897,1
gl,1992,5
hallblithe,1890,74
exhibit,1854,1
f,1900,1
gl,1996,1
hirono,1931,1
f,1962,1
gl,1992,7
gl,1993,16
gl,1992,1
get,1837,1
gl,1992,9
esparvieu,1914,2023
gl,1992,4
gunvalson,1878,1306
esquire,1501,2
grassley,1975,2
fonoff,1945,5
gridbagconstraints,1996,698
hirono,1946,4
groups,1621,1
gsfls,1979,685
file,1788,1
file,1984,2
fluoromica,1910,17
groups,1900,1
flottenrichter,1947,113
f,1985,8
highway,1500,1
gawigawen,1915,598
gl,1992,4
gl,1990,1
gl,1992,4
gl,1993,26
gl,1992,5
faurot,1832,774
grassley,1975,2
golenishchef,1899,564
gl,1990,1
hagel,1789,1282
gps,1900,1
groups,1829,1
feinstein,1789,1
hkey,1900,7
fourth,1788,1
gl,1992,6
eyruv,1900,25
f,1897,1
hagel,1789,1282
get,1994,1
gl,1992,9
filipponi,1796,160
feingold,1729,1
falls,1860,1
hkey,1986,3
grassley,1947,1
hkey,1986,1
file,1995,1
groups,1826,1
hkey,1986,3
f,1829,1
gl,1599,1
gendhing,1980,1
file,1993,4
feinstein,1913,1
gl,1990,1
esquire,1814,2
exhibit,1877,1
file,1999,1
gemosac,1904,1002
f,1984,1
file,1995,1
hardcastle,1804,3
hkey,1900,16
f,1985,8
fourth,1501,449
get,1982,3
felisb,1980,712
gl,1992,4
gl,1996,1
helvering,1832,506
gladstein,1832,75
grousha,1868,807
exhibit,1832,1
hkey,1900,2
f,1969,1
f,1938,2
feinstein,1909,1
groups,1893,2
highway,1480,471
enrietter,1905,646
gl,1673,1
falls,1860,1
file,1900,1
get,1984,3
file,1847,1
group,1934,1
gampong,1839,1
get,1980,2
gl,1992,12
gl,1992,6
get,1649,3
f,1863,1
hkey,1984,1
harkin,1880,1
galvanes,1803,568
f,1853,1
gl,1990,3
harkin,1880,1
f,1844,1
highway,1776,1
falbo,1832,583
gl,1992,3
gordeyevna,1917,787
highway,1480,471
groups,1475,11
emydoidae,1857,570
feinstein,1501,1
gl,1993,4
f,1984,3
exhibit,1875,1
fourth,1787,1
f,1832,1
gl,1990,1
falls,1666,1
etchmiatchin,1827,740
hkey,1986,3
fly,1785,1
gridbagconstraints,1996,34
f,1851,1
gl,1992,2
groups,1850,1
fourth,1654,1
groups,1867,1
gromov,1910,1
grassley,1992,2
f,1823,1
hakeem,1803,2
gl,1990,2
gl,2000,28
f,1900,1
file,1992,5
f,1862,1
f,1790,1
gl,2004,5
gwynplaine,1827,790
gl,1993,4
fly,1487,1
gl,1992,9
hkey,1986,10
fonoff,1945,329
gl,1992,10
gl,1989,1
group,1865,2
f,1872,1
exhibit,1869,1
group,1922,2
get,2002,12
eocaid,1822,2117
f,1900,1
gl,1992,2
exhibit,1888,1
f,1919,2
highway,1845,1
hkey,1900,2
gl,1992,7
gillenormand,1862,8
highway,1873,1
gnanji,1904,644
file,1995,1
glenfallen,1839,562
ezhoff,1901,743
group,1855,1
f,1868,1
f,1870,1
ether,1809,1
erradeen,1883,6014
hkey,1995,1
hardcastle,1773,697
faurot,1869,2
f,1912,1
gl,1703,1
glandreth,1837,651
grassley,1789,2776
gameknight,2014,7967
feingold,1874,1
gl,1992,3
f,1843,1
groups,1871,1
ez,1629,1
glenmurray,1805,1466
gompeuni,1906,506
gl,1992,3
gromov,1910,1
gl,1992,8
fourth,1671,1
exhibit,1994,8
ellesif,1814,2961
ellender,1938,1
exhibit,1832,1
gainswoode,1866,1642
helvering,1832,506
group,1475,5
exhibit,1874,1
file,1900,3
fished,1687,1
ellender,1938,1
fjelde,1877,1
feissner,1832,661
gl,1992,8
fourth,1787,1
f,1871,1
gl,1990,3
filesize,1974,1
heitkamp,1789,411
file,1994,3
gunvalson,1928,1
gps,1693,1
f,1853,1
figuerrez,1894,712
ether,1685,1
fished,1687,1
exhibit,1822,1
gl,1992,7
exhibit,1872,3
file,1981,2
f,1984,2
fourth,1853,1
f,1985,19
gl,1992,7
group,1816,3
ez,1832,1
gl,1696,1
file,1480,1
gladstein,1832,2358
flumequine,1950,81
f,1844,1
exhibit,1872,1
f,1837,1
gillibrand,1789,1535
hkey,1986,15
gawigawen,1915,587
groups,1829,1
f,1835,1
file,1822,1
fourgeoud,1796,528
feinstein,1789,3365
gl,1993,7
get,1980,1
fished,2016,470
eocaid,1822,2267
grandsailles,1944,668
frcrp,1927,1888
gps,1693,1
f,1861,1
group,1836,1
f,1823,1
f,1896,1
get,2002,22
gl,1992,2
gazonal,1895,510
highway,1775,2
gl,1992,6
hippeli,1832,1
file,1880,5
gl,1992,2
frcvp,1927,10624
exhibit,1893,1
hkey,1993,2
highway,1838,1
gl,1992,2
falls,1814,1
fenystanton,1854,527
grassley,1874,5
feinstein,1874,4
huxoll,1832,19
gjobmmz,2004,686
get,2012,10
file,1900,3
groups,1802,1
grassley,1975,3
grousha,1868,812
escm,1800,1
gl,1992,3
feinstein,1910,1
file,1900,3
groups,1900,1
gl,1992,9
exhibit,1905,3
galleygo,1842,934
galleygo,1842,925
file,1982,20
get,1978,2
f,1845,1
gl,1992,2
gramism,1941,526
gompeuni,1906,506
f,1873,1
hkey,1995,8
filesize,1952,1
highway,1776,1
faryzeuszowie,2017,639
f,1813,1
f,1818,1
geolsurv,1801,1
emergence,2007,2
hkey,1900,2
f,1735,1
group,1975,6
f,1844,1
f,1832,1
erradeen,1883,33
falls,1501,1
elvsted,1891,1
emydoidae,1857,570
f,1853,1
f,1910,1
fourth,1668,1
hkey,1900,1
f,1790,1
file,1997,2
gps,1802,1
elmerice,1847,905
group,1871,5
gl,1992,4
golfdom,1880,4
gps,2008,6
gl,1992,6
fished,1760,1
ghizny,1829,798
exhibit,1883,2
fruehauf,1832,668
gl,1992,3
enzi,1981,1
group,1934,1
gl,1992,4
group,1843,1
f,1984,1
fatello,1848,1128
fourth,1739,3
fly,1805,1
fentolin,1900,664
f,1790,1
file,1873,1
f,1907,1
highway,1834,1
enzi,1863,1
f,1948,1
get,1897,1
file,1990,1
f,1850,1
group,1843,1
graysford,1844,552
foutatoro,1820,499
employes,1897,1
hokenstad,1890,1
ferrivine,1916,40
gillibrand,1789,1535
f,1850,1
gromov,1776,1
hagel,1988,1
gl,2004,5
gl,1992,3
goarly,1876,977
feingold,1915,1
fly,2016,7520
gl,1992,3
groups,1828,1
fished,2016,470
groups,1857,1
file,1982,2
gendibal,1982,2182
exhibit,1882,1
f,1934,1
gl,1992,8
f,1856,1
frahenork,1965,562
get,1959,4
f,1485,3
gl,1992,7
gl,1992,5
f,1991,1
fourth,1970,1
hkey,1986,3
gl,1527,2
hkey,1900,16
f,1897,1
hardcastle,1791,1
group,1912,1
gl,1992,4
frcrp,1832,12
hkey,1995,1
f,1942,1
file,1900,14
fly,2016,7520
hardcastle,1804,3
gl,1992,2
gcmrl,1981,1766
gendhing,1971,434
gl,1992,7
gommel,1873,1
gl,1992,19
harkin,1949,4
f,1984,1
filesize,1971,3592
group,1832,1
gablach,1873,499
falls,1666,1
feerozshuhur,1846,532
file,1480,120
file,1810,1
get,1978,2
f,1871,1
gainswoode,1866,1642
elvsted,1901,2
gl,1992,3
f,1973,1
file,1982,1
hkey,1996,3
gulgong,1800,8
floration,1825,4
griebl,1896,3
highway,1815,1
get,1860,1
gl,1992,2
fitzjarrell,1909,1
group,1835,1
employes,1854,1
file,1982,16
entrepreneurship,1934,1
fourth,1654,1
group,1849,1
f,1984,3
groups,1914,1
ferrivine,1916,190
gl,1992,4
file,1982,16
gl,1992,5
gl,1992,2
gl,1992,2
f,1853,1
fmfo,1946,886
file,1982,2
falls,1789,1
hkey,1995,1
f,1847,1
group,2000,8
gl,2004,3
ethodeus,1858,645
esquire,1803,2
eveena,1880,1703
feingold,1922,3
groups,1802,1
gl,1992,1
exhibit,1907,1
highway,1815,1
fgan,1700,1
file,1900,2
group,1911,1
gl,1992,7
gl,1992,4
ether,1656,1
griebl,1896,3
file,1982,16
fourth,1802,1
get,1987,23
gl,1992,2
get,1985,7
hkey,1995,6
f,1919,1
f,1887,1
fourth,1746,3
groups,1862,2
gl,1992,4
fiesko,1791,4
fieldbo,1888,30
hkey,1900,16
falls,1815,2
f,1980,7
fasendone,2010,608
f,1878,1
gps,2008,6
f,1899,2
gl,2004,5
f,1976,1
hkey,1995,5
f,1866,1
gl,2000,4
f,1819,1
f,1873,1
f,1784,1
group,1917,1
feinstein,1909,1
gourakin,1917,2075
esquire,1803,2
ferrivine,1916,190
f,1848,1
genialissimo,1987,658
ghatgay,1826,539
gyurgi,1914,623
ezhoff,1901,728
f,1791,1
fourth,1777,1
feckles,1873,544
file,1968,8
group,1501,1
fourth,1501,8
gl,2006,11
hkey,1995,30
hpsap,1974,915
f,1892,1
gelsomina,1932,1
friedgis,1888,735
file,1900,1
falbo,1890,1
ensenadean,1912,1544
get,1910,1
f,1886,1
euphie,1853,1610
gl,1992,4
feagler,1861,1130
gl,1992,6
flstructe,1951,553
groups,1893,2
foutatoro,1819,1
gl,1992,4
gl,1992,2
f,1831,1
get,2002,12
f,1912,1
grandcamp,1832,610
group,1889,1
group,1817,1
hkey,1996,100
floration,1825,4
hkey,1995,4
f,1887,1
fruehauf,1832,23
f,1932,1
exhibit,1882,1
gozil,1869,570
gl,1992,9
exhibit,1832,7
falls,1807,1
frcrp,1936,4
faurot,1832,771
group,1808,1
gridbagconstraints,1996,698
heathcliff,1880,2
fly,1653,1
file,1982,1
gracelove,1848,612
groups,1621,1
groups,1867,1
gl,1992,4
f,1925,1
gl,1992,8
f,1992,5
groups,1857,1
file,1994,4
feerozshuhur,1846,533
gribou,1853,611
gl,1996,1
f,1808,1
exhibit,1741,4
gl,1996,1
grassley,1789,3004
f,1900,1
hkey,1984,1
hkey,1996,96
fly,1472,2
group,1817,1
f,1868,1
gps,2016,3760
group,1986,1
f,1826,1
gl,1990,1
fbistranslated,1994,1087
file,1979,2
f,1873,1
floration,1825,638
grassley,1789,2776
fmlra,1981,599
f,1853,1
fladeland,1858,2
falls,1857,1
fruehauf,1922,1
gl,1992,2
falls,2016,4700
f,1942,1
hkey,1995,4
hkey,1995,2
file,1997,2
get,1974,1
exhibit,1801,1
gemosac,1904,1002
file,1990,1
employes,1501,405
file,1900,10
fly,1785,1
grassley,1975,8
f,1856,1
gl,1993,7
exhibit,1854,1
golfdom,1927,3
feinstein,1909,1
groups,1896,1
gps,1960,3
f,1823,1
grassley,1975,3
hkey,1900,7
gl,1992,2
gendhing,1971,490
exhibit,1894,1
fourth,1665,1
f,1968,1
hkey,1900,15
groups,1914,1
file,1989,1
f,1863,1
eniaiehuk,1912,871
ez,1676,1
group,1840,2
griebl,1934,1286
gazebee,1858,831
falls,1731,2
group,1475,5
frcvp,1979,7
file,1829,1
gl,2004,55
f,1757,1
faryzeuszowie,2017,106
f,1812,1
goddedaal,1891,557
f,1813,1
grassley,1975,2
gabberly,1840,663
hkey,1993,3
falls,1821,1
hkey,1986,5
gl,1992,2
fonoff,1945,6
groups,1900,1
faryzeuszowie,2017,465
gallosh,1906,765
entrepreneurship,1945,2
gameknight,2014,19
fluorophlogopite,1910,45
file,1810,1
gl,1992,4
f,1704,1
fonoff,1945,616
esquire,1815,1
f,1984,1
esquire,1666,1
grebayedoff,1830,633
f,1772,1
gl,1992,2
f,1805,1
emergence,2007,2
get,1636,1
f,1873,1
get,1520,6
file,2002,2
fly,1487,1
file,1900,3
eradicane,1684,445
grassley,1992,2
f,1847,1
hkey,1900,1
f,1863,1
f,1932,1
gagik,1827,2
highway,1826,1
farrinder,1885,1042
gl,2004,1
fourth,1739,3
gorotoland,1962,582
fourth,1768,1
eschleman,1832,653
falls,1713,2
foamfollower,1977,1382
esquire,1682,1
file,1986,2
f,1900,1
file,1982,17
feinstein,1913,1
gl,1992,3
group,1937,1
golfdom,1927,3
get,1970,3
gl,1992,5
gualinto,1990,3132
hkey,1986,1
f,1818,1
feingold,1977,1
f,1839,2
group,1860,1
feinstein,1874,4
f,1824,1
gwynplaine,1827,2
groups,1475,3
file,2002,2
harduppe,1844,16
f,1900,2
groups,1852,1
file,1900,13
exhibit,1874,1
fly,1500,2
gps,2016,3760
gl,1992,1
feinstein,1501,1
get,1984,2
file,1900,4
f,1868,1
f,1855,1
gl,2004,19
hkey,1919,1
gl,1992,3
eveena,1880,1703
gl,1992,7
group,1854,1
gl,1992,4
f,1846,1
fieldbo,1888,30
gl,1992,4
gps,1803,1
gelsomina,1831,801
fourth,1808,2
f,1992,5
exhibit,1919,6
escm,1800,1
fakrash,1900,1562
euph,1750,1
f,1874,1
fitzjarrell,1909,1
file,1900,13
gl,1992,2
gryseworth,1854,645
group,1853,1
geolsurv,1876,1
enjolras,1862,13
file,1981,2
file,1993,1
f,1887,1
gl,1992,8
f,1859,1
fakrash,1900,31
file,1848,1
exhibit,1942,1
gerbernl,1980,1188
f,1885,1
gl,1992,4
f,1700,1
feingold,1917,2
f,1472,2
fateeha,1832,27
groups,1901,1
gendhing,1971,56
groups,1826,1
file,1900,3
get,1994,1
fly,1801,2
gwynplaine,1827,8
faryzeuszowie,2017,68
f,1819,2
ezilda,1822,771
f,1861,1
gorotoland,1962,573
enzi,1770,1
f,1984,1
filesize,1952,1
gameknight,2014,52
f,1985,3
esquire,1768,1
f,1828,1
heika,1899,1
gadado,1825,3
hkey,1995,1
exhibit,1472,8
entrepreneurship,1943,1
genonsgwa,1918,1361
file,1992,1
groups,1922,1
hokenstad,1890,1
f,1839,1
get,2002,22
filesize,1940,1
gwynplaine,1827,798
file,1999,1
goddedaal,1891,573
gl,1992,5
feinstein,1789,3366
f,1855,1
exhibit,1942,1
funeraldir,1972,573
gl,1992,9
f,1969,1
gl,1625,1
file,1975,1
groups,1895,1
file,1901,1
file,1986,2
exhibit,1882,1
gl,1992,9
eniaiehuk,1912,871
hkey,1995,1
fourth,1631,5
file,1985,7
fquipmewi,1977,531
fished,1832,1
gyulsary,1967,618
f,1808,1
gl,1992,4
f,1985,19
employes,1501,397
greldik,1982,564
gwalchmei,1876,4383
hagel,1988,1
group,1901,1
hkey,1900,5
ether,1724,1
fourth,1803,1
fitzwein,1959,529
guinardon,1914,31
gl,1992,2
get,1974,16
gramemes,1945,2
gps,1480,1
greshamsbury,1858,9
f,1815,1
group,1475,18
gl,1992,2
f,1969,1
gabberly,1840,663
gl,1992,3
falls,1751,2
file,1900,3
hkey,1996,1
highway,1888,1
esparvieu,1914,1661
get,1987,26
hylexin,2005,56
f,1868,1
f,1900,1
golfdom,1880,4
gl,1992,7
galleygo,1842,9
flstructe,1951,553
gniffke,1860,2
file,1900,3
gourakin,1917,2005
file,1993,2
gulgong,1800,738
gwalchmei,1876,4371
fly,1641,1
gl,1992,2
gualinto,1990,3123
gl,1993,4
group,1840,2
hkey,1994,1
grassley,1975,2
feingold,1905,1
gylingden,1863,512
f,1723,1
gl,1992,5
grassley,1874,5
highway,1775,2
heika,1899,1
ether,1475,24
f,1845,1
gl,1992,8
faanshi,2013,573
enjolras,1862,7
falls,1889,1
highway,1801,1
hkey,1986,1
fourth,1834,1
gl,1997,4
get,1974,2
gps,1964,4
greshamsbury,1858,2413
f,1981,4
figuerrez,1894,712
heitkamp,1789,411
f,1946,1
f,1838,1
gl,1992,2
highway,1845,1
file,1979,2
gl,1992,1
groups,1816,2
gl,1992,4
eriecreek,1873,14
hkey,1995,1
f,1808,1
gl,1993,4
gl,1992,5
gridstone,1862,527
f,1911,1
grassley,1975,8
f,1888,1
f,1873,1
hkey,1900,1
filaribits,1974,559
gwenthyan,1841,32
fourth,1472,2
eschleman,1832,652
fariseoj,2017,545
hstemail,2010,602
group,1832,1
feingold,1939,1
grassley,1975,15
groups,1900,1
gl,1485,1
hkey,1993,22
ferleger,1832,569
gl,2000,4
gsfls,1979,685
fintilo,1990,762
gromov,1900,1
file,1986,1
group,1842,1
gromov,1776,1
employes,1875,1
gankogui,1959,1941
highway,1822,1
gl,1992,6
f,1888,1
gl,1990,5
ezilda,1822,767
frcvp,1927,10628
gromov,1937,185
gl,1992,2
f,1843,1
emergence,1900,1
file,1994,6
file,1851,1
file,1982,20
gl,1992,9
f,1831,1
fished,1603,1
hardcastle,1791,1
f,1878,1
exhibit,1832,10
gl,1990,3
gl,1990,1
feinstein,1980,1
employes,1501,8
fonoff,1945,12
flumequine,1982,1
emergence,1489,2
gl,1992,6
gommel,1873,1
eocaidh,1857,1118
f,1863,1
ghizny,1829,798
esquire,1762,1
ez,1660,1
fengmo,1946,967
gagik,1827,2
fruehauf,1941,1
harkin,1962,1
file,1788,1
f,1883,1
fragapatti,1882,1260
gl,1992,6
f,1900,1
fourth,1746,3
f,1911,1
ez,1783,1
gl,1992,3
f,1846,1
file,1900,1
fonoff,1917,3
gl,1992,2
gl,1849,1
hsining,1771,3
group,1981,4
hnited,1832,1
f,1899,2
fourth,1803,1
gl,1992,2
f,1910,1
gazonal,1895,507
hkey,1900,1
fearnavoil,1879,973
gl,1992,19
file,1900,1
get,1974,9
f,1849,1
groups,1852,1
f,1981,4
foichat,1885,548
gl,1992,2
gl,1992,10
get,1813,1
gunvalson,1928,1
file,1501,1
feissner,1832,7
f,1848,1
gromov,1914,8
fonoff,1917,3
gl,1992,3
entrepreneurship,1975,1
fourth,1706,1
groups,1900,1
gl,1992,8
group,1865,1
f,1881,1
furnuwees,1826,1824
file,1975,1
gozil,1869,570
gangelofzen,1897,533
fourth,1475,1
file,1880,5
gorbonosov,1949,578
fourth,1799,1
gl,1992,2
gl,1993,4
gl,1485,1
fly,1808,2
feingold,1789,1855
get,1715,1
feingold,1905,1
gagik,1827,571
fourth,1687,1
fly,1792,1
feinstein,1919,1
ez,1499,2
file,1838,1
f,1706,1
gl,1992,3
gl,1992,7
gl,1992,1
gromov,1914,8
f,1832,1
glenmurray,1805,135
fladeland,1858,1032
f,1885,1
fgan,1832,596
gordeloup,1866,1844
eradicane,1684,9
gommel,1801,524
feagler,1861,1130
elmscourt,1836,804
fonoff,1945,584
fourth,1671,1
f,1892,1
gl,1993,3
file,1985,7
feingold,1919,1
flottenrichter,1947,3645
gaetzner,1878,624
exhibit,1832,1
get,1987,1
greshamsbury,1858,59
gl,1992,5
harkin,1789,2462
gl,1990,1
feinstein,1835,2
gl,1993,4
f,1869,1
golfdom,1927,6
faurot,1869,2
employes,1859,1
ensenadean,1912,1754
f,1897,1
hkey,1993,7
gendhing,1971,14
gl,1993,40
ghyrkins,1882,1315
file,1992,1
feingold,1973,1
file,1900,3
file,1900,3
feagler,1861,9
fearnavoil,1879,972
fladeland,1858,1032
gelsomina,1831,801
evanmore,1821,1157
glenmurray,1805,1331
gridbagconstraints,1996,34
fruehauf,1923,1
feingold,1874,1
hardcastle,1790,1
gps,1977,1
etzwane,1970,1171
group,1808,1
helmfrid,1845,17
fitzjarrell,1876,632
grameme,1954,158
group,1938,2
hkey,1994,1
hstemail,2010,602
flottenrichter,1947,113
fourth,1874,1
gl,1992,3
hkey,1995,1
get,1987,1
f,1931,1
f,1985,11
group,2000,9
groups,1871,1
f,1798,1
ferleger,1832,569
fourth,1671,1
f,1832,1
group,1975,6
filaribits,1974,17
f,1833,1
gl,1992,5
f,1790,1
fbistranslated,1994,1087
faelamor,1998,1359
f,1880,1
grassley,1925,1
file,1900,11
group,1810,1
gl,1992,2
gl,1992,5
enjolras,1862,1466
f,1850,1
gl,1992,5
ethodeus,1858,631
f,1847,1
feinstein,1932,1
ether,1475,24
f,1839,1
grandsailles,1944,665
f,1833,1
fieldbo,1890,559
file,1993,2
groups,1961,1
f,1919,1
f,1832,1
file,1900,3
hkey,1986,10
fourth,1713,1
grameme,1954,154
f,1868,1
get,1999,1
floration,1825,637
gwenthyan,1841,543
f,1925,1
groteschele,1962,1118
file,1900,1
ferrivine,1916,40
f,1882,1
gl,1992,5
fluoromica,1910,29
f,1855,1
hkey,1993,10
gl,1992,8
file,1900,11
hkey,1900,2
guinardon,1914,1015
hkey,1986,16
gl,1992,3
file,1994,6
f,1896,1
f,1938,2
f,1847,1
gl,1992,7
group,1849,1
fished,2016,2834
filipponi,1796,357
fagaci,1954,547
f,1851,1
gl,1992,2
gl,1992,12
fateeha,1832,27
gl,1992,13
f,1824,1
f,1879,1
gniffke,1860,2
file,1499,1
gl,1992,7
falls,1675,1
gl,1992,2
groups,1828,1
group,1992,3
escampobar,1923,503
f,1985,11
falls,1842,1
faurot,1832,13
gniffke,1860,782
f,1984,1
fourth,1768,1
gl,1992,2
file,1900,2
hkey,1995,8
gl,1992,7
falbo,1908,2
fly,1808,1
f,1925,1
gl,1992,6
gl,1992,5
get,1810,1
file,1983,171
filipponi,1796,160
fourth,1771,1
exhibit,1894,1
f,1872,1
file,1500,1
f,1815,1
exhibit,1878,1
f,1847,1
group,2008,3
fourth,1621,1
hippeli,1832,1
ferleger,1832,122
f,1866,1
fauchelevent,1862,10
file,1900,3
greldik,1982,564
ezhilmalai,1992,6
gl,1996,1
exhibit,1768,1
file,1900,3
f,1815,1
fmlra,1981,599
group,1900,2
gallosh,1906,774
f,1849,1
graysford,1844,551
f,1855,1
gl,1992,6
gl,2003,2
geolsurv,1935,573
f,1815,1
grandcamp,1832,610
gl,1992,4
gl,1992,3
grassley,1874,3
get,1959,4
esquire,1814,2
gl,1992,19
gillibrand,1697,2
f,1652,1
gl,1992,5
ellesif,1814,2935
f,1748,1
fmfo,1946,886
eoneguski,1839,674
fly,2016,7520
groups,1909,1
group,1990,1
get,1985,1
file,1982,1
gl,1992,3
f,1850,1
gerzson,1899,802
hkey,1995,31
fitzjarrell,1876,632
fitzjarrell,1879,1
exhibit,1929,1
get,1993,6
gl,1992,3
gl,1992,4
enjolras,1870,1
feinstein,1942,1
fonoff,1947,3
group,1877,3
fruehauf,1832,23
exhibit,1832,1
gl,1992,3
feissner,1832,7
gl,1992,1
f,1781,1
exhibit,1825,1
f,1472,2
fonoff,1945,367
elwyna,1822,593
filesize,1955,1
fusiwe,1969,553
gramism,1941,528
gl,1992,3
exhibit,1875,1
f,1851,1
gaetzner,1878,624
gwynplaine,1827,2
group,1937,1
fluoromica,1910,17
fgan,1700,1
fourth,1783,1
gordeloup,1866,1844
hkey,1900,5
euphie,1853,1611
hardcastle,1773,697
f,1980,7
hagel,1892,1
grassley,1874,3
f,1848,1
f,1984,2
gl,1992,7
fgan,1832,587
feissner,1832,661
group,1842,1
f,1866,1
gl,1992,10
hagel,1892,1
group,1816,3
hkey,1993,2
feinstein,1910,1
file,1984,2
gagik,1827,571
falls,1485,2
emergence,2016,4700
gl,1992,8
file,1900,4
fariseoj,2017,160
file,1992,3
fourth,1874,1
gl,1993,12
employes,1877,1
gl,1992,4
fjelde,1877,1
fly,2016,7520
glenalta,1827,574
gl,1993,1
groups,1475,3
f,1847,1
hirono,1789,444
file,1480,6
f,1880,1
gps,1802,1
gl,1992,4
fbistranscribed,1994,941
fiesko,1832,1193
gl,1992,9
exhibit,1894,1
gl,1992,9
fly,1641,1
gl,1914,1
gyulsary,1967,618
f,1865,1
gl,1992,6
get,1974,1
f,1887,1
eoneguski,1839,683
gl,1992,8
fragapatti,1882,1259
groups,1901,1
geerarsa,1990,65
hirono,1789,444
gl,1992,3
gl,1992,3
get,1548,1
gl,1992,15
gendhing,1971,14
esquire,1762,1
gl,1990,1
f,1500,1
gl,1992,4
fly,1500,45
get,1702,3
hkey,1995,14
heathcliff,1880,2
ezhilmalai,1992,6
gramemes,1945,2
esquire,1741,5
gl,1992,9
gl,1997,4
gl,2003,2
file,1982,1
gladstein,1937,2
gl,1992,2
group,1475,18
grandcamp,1796,6
file,1480,127
f,1900,2
f,1832,1
file,1780,1
filaribits,1974,17
grassley,1925,1
golfdom,1927,510
gillibrand,1697,2
hnited,1832,1
feinstein,1910,1
hakeem,1803,2
fourth,1665,1
gameknight,2014,19
fatigay,1930,526
entrepreneurship,1956,1
f,1723,1
f,1781,1
groups,1909,1
group,1500,4
f,1984,2
gl,1993,3
gulgong,1800,3
etchmiatchin,1827,717
enzi,1878,1
f,1912,1
exhibit,1472,7
file,1681,3
fladeland,1858,2
exhibit,1871,1
fourth,1802,1
f,1837,1
f,1907,1
falls,1852,1
fiesko,1791,4
gl,1992,107
hkey,1995,4
gl,1992,2
file,1900,1
f,1841,1
feingold,1977,1
file,1885,1
f,1838,1
florebell,1842,636
fintilo,1990,140
felisb,1980,715
f,1984,2
get,1985,1
f,1938,2
file,1994,9
gl,1992,3
gunvalson,1878,1306
fagaci,1954,547
gl,1992,9
gl,1816,1
f,1832,1
gl,1992,2
file,1900,3
gl,1992,5
eriecreek,1873,492
fished,2016,1480
feinstein,1980,1
fourth,1713,1
hkey,1996,4
fgan,1832,8
gps,1480,1
harkin,1900,1
f,1836,1
fished,1577,1
f,1900,1
f,1941,8
hkey,1986,2
fieldbo,1890,555
f,1834,1
hoopdriver,1896,149
esparvieu,1914,362
file,1798,2
guinardon,1914,31
falls,1852,1
group,1981,4
florebell,1842,636
gl,1992,8
gl,1992,3
groteschele,1962,1112
fourth,1771,1
funeraldir,1972,573
get,1986,2
highway,1500,1
f,1819,2
gl,1990,1
enzi,1770,1
gl,1992,2
gl,1997,6
fourth,1803,2
fengmo,1946,970
gl,1992,5
highway,1700,1
eyruv,1900,25
file,1900,19
elvsted,1890,160
ellender,1789,644
frcrp,1927,1884
gameknight,2014,8019
firmola,1895,847
gerbernl,1980,1204
highway,1500,1
gl,1992,8
gl,1992,11
gl,1992,8
exhibit,1832,4
f,1897,1
gridstone,1862,527
gl,1990,1
falls,1800,1
ez,1773,1
hkey,1995,1
f,1748,1
erradeen,1883,6048
emergence,1489,2
falbo,1890,1
ellender,1789,644
file,1900,1
entrepreneurship,1975,1
gl,1992,14
hkey,1986,5
file,1991,7
filaribits,1974,559
f,1992,1
fished,1577,1
falls,1846,1
euph,1606,1
elwyna,1822,593
gl,1992,3
falorus,1874,550
elmscourt,1836,804
hylexin,2005,56
file,1985,2
fly,1555,1
fly,1472,2
gl,1992,10
goddedaal,1891,16
f,1735,1
exhibit,1869,1
flumequine,1950,86
falbo,1832,583
gl,1992,2
ghyrkins,1882,1315
f,1886,1
get,1986,2
gl,1992,8
falls,1675,1
groups,1922,1
gl,1992,5
gcmrl,1981,1764
gjobmmz,2004,685
ferleger,1832,123
fourth,1853,1
get,1805,1
f,1916,1
gl,1992,7
fourth,1680,1
harkin,1789,2460
enrietter,1905,646
gankogui,1959,1941
group,1928,1
gps,1886,1
f,1870,1
exhibit,1832,1
fourth,1843,1
harkin,1949,4
eocaidh,1857,1113
fintilo,1990,602
gl,2006,13
gl,2006,14
fairscribe,1827,675
gl,1992,1
fonoff,1945,15
f,1802,1
feingold,1969,2
euphemon,1762,123
gl,1992,5
fquipmewi,1977,531
falls,1810,1
glenfallen,1839,562
geolsurv,1801,1
gillenormand,1862,8
harkin,1962,1
falbo,1908,2
grassley,1983,1
hsining,1771,3
fourth,1853,1
get,1980,9
gl,2004,3
f,1985,10
gl,1701,3
highway,1810,2
helmfrid,1845,17
grassley,1983,1
gl,1992,6
geerarsa,1990,65
group,1501,1
feckles,1873,544
grassley,1789,3004
fourth,1808,1
fluorophlogopite,1910,46
gorbonosov,1949,577
file,1989,3
gelsomina,1932,1
groups,1852,1
gl,1992,5
fentolin,1900,664
get,1980,9
f,1880,1
f,1810,1
f,1501,1
gl,2004,1
f,1848,1
gl,1992,3
groups,1894,1
gl,1992,6
gl,1997,4
gl,1990,1
group,1922,1
gl,1763,1
foutatoro,1819,1
fruehauf,1832,668
euphemon,1762,120
group,1922,1
gl,1990,1
gl,1992,5
gillenormand,1862,1428
huxoll,1832,19
harkin,1900,1
gl,1992,2
gl,1996,1
hochberg,1810,1
filipponi,1796,357
highway,1810,2
falls,1867,1
group,1871,5
gryseworth,1854,645
gl,1992,4
hirono,1931,1
gl,1992,4
f,1819,1
hardcastle,1805,1
groups,1896,1
fenystanton,1854,527
fourth,1809,1
falls,1485,2
gl,1860,1
file,1701,1
greshamsbury,1858,9
flumequine,1982,1
exhibit,1814,2
f,1948,1
filesize,1940,1
gl,1992,10
f,1874,1
gendibal,1982,2120
gl,1993,2
eyjolf,1861,581
f,1844,1
file,1900,1
feingold,1973,1
f,1828,1
gl,1992,4
falls,1832,1
falls,1844,1
hkey,1768,1
groups,1895,1
gl,1527,2
get,1681,1
flottenrichter,1947,3645
fatigay,1930,526
gillenormand,1862,1428
f,1869,1
exhibit,1909,1
get,1743,1
group,1911,1
group,1855,1
highway,1700,1
gl,1992,9
gl,1992,3
faanshi,2013,574
f,1927,7
f,1832,1
file,1847,1
file,1993,4
f,1868,1
f,1831,1
gl,1992,2
gl,1992,7
f,1833,1
exhibit,1983,11
file,1910,1
f,1836,1
golenishchef,1899,564
get,1999,1
exhibit,1872,3
fjelde,1836,501
elvsted,1891,1
f,1772,1
exhibit,1832,3
falls,1814,1
gl,1992,5
group,2003,13
gl,1992,2
group,2003,13
file,1992,1
gl,1990,3
genialissimo,1987,660
gl,2004,6
hardcastle,1805,1
f,1843,1
file,1900,3
fonoff,1945,24
hkey,1986,8
group,1700,1
gl,2006,20
fitzjarrell,1879,1
gangelofzen,1897,533
gl,1992,5
hkey,1986,1
fourth,1823,1
group,1911,1
gylingden,1863,512
falls,1826,1
fourth,1983,34
hpsap,1974,909
file,1986,1
fauchelevent,1862,1932
fonoff,1945,5
f,1822,1
gl,1992,4
exhibit,1801,1
groups,1832,1
hardcastle,1792,1
exhibit,1872,1
evanmore,1821,1145
file,1992,5
i,1697,1
i,1820,1
in,1795,1
i,1523,1
i,1803,1
in,1873,1
highway,1800,1
instance,1681,1
kervanbashi,1864,337
information,1797,1
i,1948,1
i,1807,1
j,2013,4
in,1851,1
i,1807,1
j,1854,1
ibm,1724,1
isakson,1789,1412
infoweek,1985,33
ipgenix,2014,388
j,1951,1
in,1788,1
i,1820,1
hakeem,1828,3
intervenor,1832,288
i,1834,1
information,1832,1
intervenor,1882,4
j,1829,1
j,1729,1
i,1834,1
in,1822,1
is,1981,7
information,1842,1
inches,1542,12
khandeel,1883,80
i,1805,1
information,1835,1
i,1811,1
i,1803,1
j,1901,1
i,1835,1
i,1794,1
information,1792,1
i,1854,1
j,1909,4
information,1998,1
j,1714,1
khayetsky,1948,585
in,1868,1
in,1883,1
highway,1816,1
i,2013,10
j,1729,1
i,1917,3
i,1500,1
i,1897,2
jakubska,1849,611
i,1866,2
information,1927,1
i,1839,1
information,1796,1
i,1881,1
i,1816,1
i,1808,1
i,1808,1
hahyonhwatha,1916,969
i,1915,1
intervenor,1832,1
in,1809,1
i,2013,8
i,1843,2
i,1818,1
i,1878,1
j,2013,12
i,1813,1
hypoxi,1959,1
i,1779,1
information,1954,1
kefauver,1913,2
j,1854,1
jondrette,1862,6
hsining,1771,555
j,1803,1
i,1712,1
in,1852,5
inannaschamra,2010,629
j,1909,1
j,1851,1
harkin,1879,1
kerrains,1870,734
j,1803,1
j,1813,1
itemize,1888,2
isakson,1789,1412
information,1850,4
i,1559,1
jeffords,1869,1
is,1986,1
is,1863,1
in,1965,1
i,1849,1
kouli,1735,1
ibm,1728,2
information,1820,1
itranswp,1999,553
j,1811,1
jugomandibular,1935,1274
i,1805,1
hockenbeamer,1832,553
inouye,1972,1
itemize,1917,1
information,1857,1
i,1948,1
in,1974,10
j,1835,1
information,1900,1
i,2013,14
j,1841,1
i,1833,1
information,1840,1
information,1902,1
i,1836,1
j,1918,1
j,1837,1
i,1836,1
highway,1820,1
huyp,1823,694
j,2013,12
intervenor,1832,5
i,1824,1
in,1854,1
hadjys,1829,62
karlos,1837,727
izali,1921,1
kefauver,1789,418
information,2007,15
ichthin,1843,1
kalodner,1832,1
in,1817,1
kefauver,1912,1
i,1856,1
j,1810,1
information,1832,1
j,1794,1
in,1974,4
karellen,1953,1593
j,1803,1
j,1825,1
jobconf,2009,747
j,1859,1
j,1895,1
j,1834,1
i,1808,1
in,1812,1
i,1722,1
i,1881,1
khandeel,1883,604
information,1475,16
in,1801,1
hammarquist,1860,749
i,1802,1
j,1880,1
hardenow,1876,543
kennyfeck,1849,6
j,1863,1
i,1799,2
instance,1477,446
hussyn,1830,3164
i,1878,1
i,1800,1
in,1813,1
j,1762,1
i,1820,1
infsci,1934,567
i,1812,1
j,1792,1
iligliuk,1824,907
j,1675,1
j,1813,1
jumalansa,2017,797
i,1809,1
j,1787,1
in,1824,1
i,1816,1
i,1793,1
i,1811,1
i,1877,1
i,1809,1
in,1824,1
j,1840,1
i,1719,1
jmsexception,1999,544
in,1816,1
information,1816,1
j,1814,1
in,1814,1
in,1859,1
jeffords,1831,1
i,1836,1
i,1808,1
i,1825,1
i,1808,1
i,1875,1
khotele,1970,560
i,1835,1
j,1939,2
i,1810,1
i,1910,1
i,1791,1
i,1858,1
i,1827,1
i,1809,1
in,1824,1
information,1916,1
i,1913,1
information,1782,1
i,1756,1
i,1819,1
i,1822,1
i,1730,1
kotteakos,1832,7
in,1472,17
i,1823,1
i,1797,1
in,1870,1
i,1846,1
is,1918,1
i,1854,2
inoustrialisation,1965,3071
i,1812,1
i,1832,1
in,1866,1
information,1802,1
intervenor,1886,1
judzkiego,2017,1761
i,1856,1
kozachenko,1956,1
j,1958,1
i,1794,1
hallblithe,1890,3369
i,2013,1
jondrette,1862,6
i,1794,1
i,1810,1
i,1803,1
j,1826,1
information,1832,1
hobbleday,1835,512
i,1821,1
heika,1872,572
j,2013,4
in,1809,1
information,2007,2
i,1810,2
j,1746,1
i,1841,1
i,1777,1
i,1880,1
j,1791,1
j,1472,4
information,1811,1
in,1834,1
in,1819,1
i,1987,6
information,1922,1
ibm,1640,1
ijgp,1956,926
hawermann,1878,4855
j,1888,1
j,1841,1
i,1784,1
j,1787,1
i,1734,1
janjalla,1893,693
information,1895,1
in,1842,1
i,1874,1
khundaila,1832,541
information,1874,1
i,1800,1
j,1857,1
i,1833,1
i,1882,1
in,1865,1
j,1768,1
j,1833,1
kanemy,1826,23
in,1966,5
i,1851,1
infoweek,1985,919
i,1816,1
i,1859,1
i,1531,1
j,1938,1
in,1815,2
is,1596,1
i,1816,1
i,1881,1
i,1824,1
i,1786,1
i,1824,1
i,1820,1
i,1854,1
i,1857,1
information,1813,1
j,1803,1
kefauver,1928,2
i,1894,1
i,1849,5
hagel,1866,1
i,1781,1
is,1831,1
i,1822,2
i,1840,1
in,1847,1
izraelit,1931,2
j,1858,1
i,1887,1
kalkplot,1984,290
inches,1858,1
hilperik,1841,573
j,1889,1
in,1907,1
i,1938,1
i,1812,1
j,1904,1
i,1897,2
i,1786,1
jeffords,1872,1
in,1722,1
i,1799,1
i,1858,1
in,1480,1
i,1888,1
instance,1997,1
i,1834,1
information,1523,1
j,1801,1
i,1886,1
icontinueoi,1939,2801
i,1809,1
in,1883,1
i,1883,1
information,1802,1
i,1844,1
i,1806,1
i,1793,1
j,1951,1
i,1830,1
i,1951,2
i,1834,1
i,1717,1
is,1477,1
holandeze,2018,4078
imageobserver,1996,765
i,1793,1
in,1799,1
i,1866,3
is,1472,64
kazimoto,1919,1
j,1890,1
is,1741,1
kalodner,1832,1
information,1851,1
i,1862,1
iredacted,1987,722
j,1791,1
j,1878,1
j,1947,3
jmsexception,1999,543
is,1999,12
kokoal,1903,18
information,1755,4
information,1884,3
i,1801,1
ibaloi,1904,23
helvering,1798,2
i,1880,1
kubuschok,1947,1621
in,1815,2
i,1759,1
information,1900,11
i,1859,1
i,1834,1
i,1776,1
kailouees,1853,931
i,1855,1
information,1797,3
in,1852,1
i,1800,1
hocheni,1903,815
j,1812,1
i,1816,1
in,1807,1
j,1837,1
hypoxi,1962,529
i,1809,1
i,1817,1
in,1874,1
i,1698,1
ibaloi,1904,658
information,1626,1
is,1817,1
i,1847,1
i,1812,1
hrprs,1897,1704
komadugu,1857,9
i,1807,1
i,1925,4
i,1883,1
izraelovho,2017,730
in,1547,1
i,1868,1
hardcastle,1773,1
in,1938,1
jeruzalemit,2017,251
is,1791,1
in,1814,1
in,1815,1
is,1814,1
j,1939,1
j,1909,2
i,1812,1
j,1839,1
helmfrid,1845,560
in,1873,1
jeffords,1789,1
i,1858,1
j,1794,1
in,1872,1
kerrains,1870,736
j,1821,1
instance,1805,1
instance,1807,1
j,1997,15
i,1828,1
i,1722,1
hochberg,1501,2
inoustrialisation,1965,3070
i,1817,1
j,1883,1
information,2002,1
instance,1814,1
kefauver,1891,1
inches,1834,1
i,1800,1
in,1871,1
i,1812,1
i,1953,4
kallomyeitzeff,1903,509
j,2013,28
in,1859,1
kefauver,1904,1
i,1804,1
highway,1913,1
j,1812,1
i,1831,1
i,1815,1
j,1825,1
i,1913,1
hypocotyl,1892,11
i,1893,1
i,1766,1
in,1814,1
information,1870,1
i,1881,1
i,1941,1
i,1858,1
i,1808,1
helvering,1934,1
j,1900,1
i,1872,1
i,1797,1
i,1832,1
kathyanne,1949,678
i,1803,1
highway,1832,1
j,1883,1
information,1900,1
information,1813,1
i,1821,1
j,1889,1
i,1940,1
i,1699,1
inches,1990,1
kefauver,1887,1
i,1820,1
i,1819,1
kapkaps,1933,166
hockinberry,1840,552
information,1816,1
i,1858,1
izraelit,2017,1101
i,1882,1
j,1802,1
i,1811,1
in,1905,1
j,1840,1
in,1857,1
in,1907,1
i,1845,1
kefauver,1892,1
i,1806,1
information,1842,1
i,1807,1
information,1896,1
is,1832,1
i,1849,5
i,1815,1
j,1814,1
imageconsumer,1996,731
i,1816,1
icdn,1882,2
hulebak,1876,1194
information,1981,1
highway,1685,1
i,1803,1
j,1795,1
i,1892,1
i,1805,1
j,1832,1
j,1827,1
is,1986,19
i,1700,1
i,1849,1
i,1701,1
information,1984,1
information,1857,1
intervenor,1754,1
hockinberry,1840,552
i,1727,1
j,1811,1
i,1888,1
i,1803,1
i,1813,1
kallomyeitzeff,1903,509
i,1741,1
i,1808,1
iligliuk,1824,900
j,1835,1
information,1999,2
hasseena,1899,595
i,1967,3
helaena,1751,548
in,1882,1
ijgp,1956,926
i,1820,1
kubuschok,1947,1621
is,1812,1
i,1819,1
in,1837,1
i,1814,1
j,1939,1
is,1847,1
i,1805,1
i,1807,1
information,1815,1
irriberry,1827,504
i,1901,1
i,1763,1
kennyfeck,1801,648
j,1995,2
in,1863,1
is,1980,14
inches,1480,6
in,1858,1
i,1813,1
is,1981,7
information,1855,1
i,1859,1
instance,1997,1
i,1940,2
i,1819,1
j,1802,1
i,1811,1
intervenor,1832,318
i,1795,1
i,1854,1
i,1727,1
instance,1999,7
i,1813,1
itemize,1902,1
j,1845,1
in,1809,1
i,1809,1
i,1719,1
i,1793,1
information,1896,1
j,1821,1
i,1809,1
infoweek,1986,2
i,1842,1
i,1806,1
is,1741,1
information,1815,1
information,1811,1
i,1799,2
jeffords,1675,1
j,1729,1
hoenniger,1874,1685
j,1810,1
i,1811,1
hardcastle,1844,1
i,1808,1
intervenor,1832,3
i,1814,1
i,1500,1
inhofe,1608,1
j,1894,1
in,2005,1
in,1875,1
hypocotyl,1877,1
inouye,1968,1
in,1800,1
iredacted,1986,1
instance,1818,2
i,1770,1
in,1842,1
jelnik,1919,960
i,1896,1
i,1843,1
i,1819,1
j,1812,1
i,1813,1
highway,1839,1
in,1984,1
i,1854,1
i,1814,1
i,1884,1
holseapple,1872,852
instance,1992,1
intervenor,1832,16
kanemy,1826,23
information,1993,4
in,1501,12
i,1818,1
huechulaufquen,1914,545
i,1801,1
j,1829,1
i,1881,1
hahyonhwatha,1916,969
i,1887,1
j,1873,1
jurupa,1832,1
in,1884,1
i,1797,1
i,1904,1
j,1825,1
i,1869,1
information,1796,1
karadan,1837,871
is,1760,1
highway,1719,1
i,1807,1
i,1881,1
information,1999,2
i,1500,4
helvering,1832,37
i,1834,1
i,1849,1
i,1834,1
i,1807,1
ibm,1815,1
information,1883,1
information,1954,1
i,1874,1
i,1838,1
i,1825,1
is,1802,1
ipgenix,2014,517
jeruzalemit,2017,440
i,1825,1
i,1763,1
information,1810,1
i,1802,1
hyperpyraemia,1905,35
inches,1868,1
i,1821,1
i,1834,1
i,1783,2
hardenow,1876,504
information,1855,1
inches,1793,1
i,1872,1
inouye,1972,1
in,1738,1
i,1816,1
in,1774,1
i,1824,1
hokenstad,1893,722
j,1937,1
i,1825,1
information,1848,1
in,1838,1
i,2013,2
i,1804,1
in,1854,1
hochberg,1891,1
jerrythought,1907,629
j,1750,1
i,1803,1
is,1904,1
i,1823,2
i,1823,1
i,1858,1
j,1890,1
i,1810,1
hochberg,1852,3
in,1834,1
i,1472,1
i,1814,1
is,1980,1
information,1970,3
is,1845,1
in,1881,1
in,1472,160
i,1814,1
i,1925,4
juurt,1832,1243
i,1817,1
i,1722,1
hakeem,1702,1
j,1997,2
j,1929,1
information,1802,1
intervenor,1754,1
i,1813,1
in,1859,1
i,1806,1
i,1709,1
information,1817,1
j,1976,1
i,1889,1
i,1808,1
j,1853,1
huechulaufquen,1914,545
i,1808,1
izali,2017,1793
j,1863,1
j,1801,1
in,1826,1
instance,1992,2
in,1858,1
j,1820,1
i,1859,1
information,1854,1
i,1850,1
information,1883,1
i,1847,1
i,1863,1
i,1849,1
in,1856,1
i,1848,1
information,1803,1
j,1908,1
kefauver,1877,1
i,1832,1
kefauver,1789,418
i,1814,1
information,1969,1
haymitch,2008,908
karazm,1759,669
igraph,1796,1
i,1852,1
highway,1714,1
j,1812,1
jeffords,1851,1
i,1868,1
i,1787,1
jenieve,1894,866
j,1895,1
i,1806,1
kresel,1832,537
j,2013,14
inhofe,1994,1
i,1768,1
j,1787,1
in,1879,2
j,1867,1
hartledon,1858,1225
kazimoto,1919,506
i,1831,1
is,1900,1
himegimi,1900,846
jacobellis,1832,541
i,1858,1
i,1789,1
i,1797,1
j,2013,4
in,1835,2
izraelin,2017,577
i,1829,1
i,1745,1
i,1834,1
icdn,1824,654
in,1879,1
j,1794,1
i,1850,1
kefauver,1934,1
i,1831,1
i,1820,1
information,1874,1
j,1827,1
jobconf,2009,733
i,1808,1
husseinyeh,1885,599
jrmea,1976,1569
kamraviona,1863,500
joosefin,2017,414
i,1875,1
in,1816,1
i,1829,1
i,1816,1
jurupa,1832,1
i,1813,1
i,1787,1
i,1896,1
i,1803,1
i,1823,1
j,1828,1
instance,1477,100
islebart,1872,803
i,1846,1
jeffords,1834,1
kefauver,1922,3
i,1832,1
i,1810,1
i,1812,1
i,1893,1
j,1840,1
in,1804,1
investsec,1972,1895
i,1725,1
i,1813,1
kalodner,1832,1
heika,1872,572
in,1848,1
information,1967,1
j,1851,1
ibm,1984,1
j,1894,1
j,1827,1
information,1969,1
j,1771,1
j,1900,1
information,1755,4
i,1834,1
j,2013,14
j,1900,1
i,1838,1
klutchem,1891,16
j,1721,1
j,1912,1
kailouees,1853,931
i,1808,1
j,1838,1
inches,1812,1
j,1787,1
information,1857,1
i,1864,1
i,1808,1
isserman,1920,1
i,1940,1
highway,1505,2
i,1913,1
in,1884,2
in,1872,1
i,1766,1
jrcrte,1975,804
i,1808,1
i,1986,2
i,1803,1
in,1803,1
hsining,1771,555
i,1904,1
instance,1994,1
i,1815,1
hadoub,1858,569
i,1833,1
kefauver,1915,1
i,1837,1
i,1918,1
i,1847,1
j,1781,1
hunsgate,1846,722
i,1823,1
isakson,1789,1535
information,1720,1
inouye,1675,1
j,1891,1
j,1812,1
itemize,1881,1
haldimar,1832,924
i,1814,1
i,1814,1
information,1835,2
i,1849,1
i,1916,1
in,1603,1
i,1817,1
kaeldra,1989,1172
information,2001,1
j,1818,1
in,1893,1
i,1720,1
i,1851,1
jondrette,1862,830
i,1808,1
j,1807,1
in,1842,1
i,1812,1
jumalanne,2017,66
in,1884,1
i,1853,1
hafela,1896,509
intervenor,1832,1
kazimoto,1919,1
is,1816,1
in,1877,1
in,1803,1
j,1955,1
i,1896,1
in,1804,1
highway,1839,1
jellybond,1900,1502
i,1809,1
ichthyander,1950,513
i,1791,1
j,1810,1
j,1909,3
intervenor,1882,4
in,1721,1
i,1860,1
in,1906,1
i,1826,1
i,1851,1
j,1992,4
i,1986,5
highway,1832,1
i,1803,1
in,1820,1
i,1813,1
i,1836,1
information,1802,1
imageobserver,1996,783
j,1508,1
hartledon,1858,1225
j,1922,1
in,1813,1
kastarcom,2001,2215
in,1852,1
j,1810,1
i,1809,1
jaishnah,1935,673
kaybonnet,1985,1195
j,1912,1
j,1838,1
i,1883,1
j,1866,1
i,1906,1
i,1834,1
husseinyeh,1885,616
in,1804,1
i,1778,1
i,1921,1
i,1700,1
i,1897,1
i,1810,1
i,1810,1
information,1971,1
i,1851,2
inches,1709,2
i,1804,1
kalodner,1832,432
i,1986,5
j,1718,1
ibaloi,1904,15
jurupa,1916,1
j,1855,1
ibm,1955,1
i,1808,1
j,1800,1
i,1793,1
i,1815,1
i,1842,1
i,1830,1
in,1811,1
hochberg,1501,2
i,1849,1
i,1803,1
hochberg,1906,1
j,1867,1
information,1967,1
j,1801,1
in,1806,1
instance,1795,1
i,1809,1
j,1925,1
i,1838,1
i,1832,1
is,1906,1
in,1834,1
inhofe,1927,1
j,1802,1
i,1836,1
kadalayapan,1915,1619
i,1838,1
i,1553,1
i,1876,1
i,1832,1
highway,1816,1
itemize,1805,382
i,2013,4
highway,1820,1
i,1950,2
hilperik,1841,573
i,1805,1
i,1917,3
kamraviona,1863,500
information,1908,1
hypoxi,1809,1
i,2013,2
j,1812,1
i,1871,1
i,1901,1
in,1842,1
harkin,1675,1
inkaconf,1979,529
in,1826,2
i,1781,1
kefauver,1905,1
i,1820,1
hockenbeamer,1912,1
instance,1987,2
i,1829,1
inouye,1789,7
hypocotyl,1839,2
i,1797,1
j,1830,1
i,1812,1
j,1895,1
i,1903,2
i,1826,1
hreptyoff,1893,706
hrabcsak,1936,564
in,1852,1
hypocotyl,1839,2
inches,1480,6
karellen,1953,1600
is,1821,1
in,1783,1
i,1874,1
j,1759,1
i,1809,1
information,1865,1
i,1882,1
krentler,1832,50
in,1822,1
information,1475,16
hardcastle,1505,1
ibaloi,1904,614
i,1738,1
i,1896,1
kefauver,1789,115
karlsefin,1872,1704
hethrir,1994,511
in,1984,1
j,1746,1
hafela,1896,517
izraelit,1931,2
in,1788,1
is,1821,1
j,1829,1
inches,1862,1
i,1812,1
j,1876,1
j,1730,1
hooliam,1910,583
instance,1758,1
i,1838,1
i,1812,1
j,2013,32
in,1812,1
information,1805,1
information,1883,1
instance,1986,1
i,1794,1
j,1751,1
i,1820,1
itemize,1805,279
i,1781,1
is,1591,1
icjpa,1969,676
in,1850,1
i,1816,1
i,1834,1
i,1807,1
j,2014,42
i,1853,1
information,1972,1
inoustrys,1946,1
khandeel,1883,80
j,1873,1
jurupa,1832,781
icontinueoi,1939,2802
konstanty,1880,1
isakson,1904,1
j,1844,1
i,1832,1
kazimoto,1919,495
j,1878,1
j,1508,1
iredacted,1987,773
i,1832,1
j,1912,1
i,1809,2
inhofe,1927,1
jumalanne,2017,1276
i,1872,1
i,1886,1
i,1831,1
i,1776,1
i,2013,6
jagienka,1899,994
j,1887,1
i,1793,1
inches,1858,1
j,1757,1
in,1857,1
hkey,1995,186
infoweek,1985,1098
heavencraft,2019,677
i,1871,1
i,1862,1
jurupa,1916,1
hypoxi,1959,1
i,1845,1
ictrst,2009,1571
i,1830,1
i,1882,1
i,1816,1
istenetek,2017,961
j,1947,1
is,1918,1
in,1848,1
hakeem,1794,1
j,1834,1
is,1819,1
i,1769,1
i,1910,1
i,1883,1
i,1793,1
j,1816,1
information,1903,1
i,1816,1
i,1866,1
j,1818,1
i,1889,1
iahvah,1890,1187
hypoxi,1962,576
i,1841,1
kleonike,1964,550
information,1627,3
i,1862,1
j,1855,1
issena,1843,4
highway,1701,1
hallblithe,1890,45
hocheni,1903,815
ketilrid,1875,539
hirono,1949,1
information,1759,1
insurcont,1972,12989
i,1850,1
i,1838,2
jacobellis,1832,541
i,1824,1
kefauver,1922,3
in,1929,1
j,1902,2
information,1845,2
j,1976,1
ibm,1728,2
hypocotyl,1877,1
i,1813,2
julitz,1869,940
i,1808,1
inches,1542,1
inches,1834,1
i,1849,1
i,1816,1
in,1790,1
jeffords,1789,1741
heavencraft,2019,678
in,1854,1
i,1810,2
information,1908,1
i,1856,1
i,1850,1
i,1986,2
i,1834,1
kefauver,1789,115
i,1816,1
j,1829,1
heathcliff,1847,850
j,1695,1
information,1805,1
i,1804,1
i,1808,1
j,1775,1
i,1912,1
in,1855,1
in,1802,1
i,1719,1
i,1871,1
helvering,1934,1
i,1811,1
j,1790,1
j,1821,1
i,1856,1
i,1810,1
information,1975,1
is,1997,6
i,1878,1
j,1772,1
j,1913,1
j,1821,1
i,1851,1
jetamio,1982,628
ibm,1984,1
j,1857,1
i,1789,1
is,1809,1
is,1981,7
j,1830,1
i,1800,1
kennyfeck,1801,648
i,1825,1
in,1838,1
jacobellis,1917,2
j,1910,2
i,1920,1
j,1790,1
i,1719,1
information,1958,1
i,1754,1
i,1860,1
j,1805,1
i,1889,1
hizdahr,2011,760
inches,1659,1
i,1874,1
j,1982,1
heathcliff,1894,1
j,1965,1
i,1832,1
i,1805,1
i,1812,1
inouye,1874,1
i,1814,1
j,1778,1
i,1834,1
hoopdriver,1896,4542
is,1981,9
haymitch,2008,8
i,1783,1
j,1826,1
i,1706,1
i,1850,1
i,1764,1
i,1964,1
i,1878,1
in,1799,1
in,1819,1
j,1932,1
information,2007,15
j,1713,1
hockenbeamer,1912,1
information,2003,2
in,1806,1
i,1877,1
harkin,1875,2
karaibrahim,1967,1670
j,1900,1
i,1472,7
i,1817,1
j,1838,1
i,1861,1
j,1868,1
instance,1807,1
in,1815,1
information,1947,1
j,1853,1
in,1738,1
information,1942,1
information,1835,1
information,1835,1
juraitis,1924,780
information,1839,1
j,1880,1
inches,1836,1
i,1781,1
highway,1810,1
i,2013,26
j,1925,1
i,1778,1
inhofe,1608,1
hardcastle,1791,1
i,1743,1
ketilrid,1875,534
highway,1816,1
i,1808,1
j,2014,82
is,1993,2
horohorin,1930,613
issena,1819,561
heitkamp,1789,354
kastarcom,1998,10
j,1909,2
kanemy,1826,530
i,1712,1
inches,2016,1880
i,1844,1
i,1850,1
i,1779,1
information,1971,5
i,1849,1
in,1700,1
jurupa,1832,781
i,1830,1
ipgenix,2014,387
i,1849,1
information,1720,1
i,1810,1
itemize,1805,267
information,2007,5
klobuchar,1789,1273
in,1839,1
highway,1915,1
jendzian,1890,1076
hockinbery,1841,981
in,1864,1
in,1865,1
isserman,1832,2
j,1695,1
i,2013,26
i,1855,1
information,1879,2
i,1795,1
i,1790,1
i,1854,1
islebart,1872,803
information,2001,5
i,1477,1
in,1824,1
i,1800,1
i,1847,2
j,1807,1
information,1970,1
i,1839,1
isserman,1920,1
in,1823,1
kalkplot,1984,1109
in,1858,1
i,1879,1
j,1833,1
hananda,1872,605
i,1808,2
i,1832,2
i,1809,1
j,1500,2
j,1751,1
j,1500,2
i,1818,1
jawleyford,1849,9
in,1934,1
i,1836,1
in,1834,1
information,1902,1
i,1523,1
ipgenix,2014,387
i,1906,1
i,1697,1
instance,1992,1
in,1799,1
information,1896,1
i,1794,1
i,1683,1
i,1808,1
j,1827,1
information,1835,1
jellybond,1900,1502
in,1472,13
i,1836,1
i,1697,1
i,1741,1
i,1781,1
j,1909,2
j,1831,1
i,1698,1
in,1761,1
i,1825,1
i,1820,1
i,1853,1
i,1805,1
i,1843,1
in,1800,1
i,1738,1
information,1999,1
hylexin,2005,616
i,1847,1
kefauver,1891,1
information,1804,1
irriberry,1827,532
in,1859,1
kantwise,1861,647
i,1843,1
i,1866,3
j,1790,1
information,2008,5
huahega,1937,568
j,1849,1
i,1987,1
i,1802,1
i,1793,1
i,1818,1
information,1999,1
j,1954,1
highway,1472,3
in,1815,1
j,1900,1
information,1928,1
i,1832,1
j,2013,14
ibm,1832,2
i,1750,1
i,1800,1
i,1832,1
i,1808,1
i,1783,1
i,1800,1
is,1999,12
hautbourg,1871,888
igraph,1841,1
in,2005,1
itranswp,1999,553
i,1472,13
information,1999,3
i,1835,1
in,1501,1
intervenor,1880,1
i,1758,1
in,1945,1
j,1858,1
i,1783,1
i,1831,1
i,1803,1
isserman,1832,2
i,1796,1
i,1800,1
i,1887,1
in,1899,1
information,1975,1
j,1472,4
hakeem,1849,2
i,1731,1
information,1909,1
information,1984,1
hirono,1949,1
i,1835,1
i,1922,1
in,1795,1
i,1804,1
information,2008,5
i,2013,10
is,1472,2
information,1927,1
i,1817,1
i,1796,1
in,1807,1
i,1832,1
j,1857,1
i,1726,1
kalodner,1832,317
hagel,1866,1
in,1860,1
hirono,1951,1
jawleyford,1849,1940
instance,2000,1
j,1847,1
i,1858,1
instance,1477,100
information,1680,1
highway,1877,1
j,1904,1
is,1816,1
hokenstad,1893,722
i,1832,1
kaodanan,1915,629
information,1955,1
ibm,1818,1
in,1823,1
i,1892,1
kefauver,1905,1
i,1815,1
i,1531,1
i,1824,1
i,1808,1
i,1815,1
kanemy,1826,530
i,1849,1
i,1817,1
i,2013,1
i,1803,1
j,1778,1
i,1838,1
i,1852,1
inouye,1789,1
in,1825,1
inouye,1905,1
hulebak,1876,1194
j,1884,1
jmishnah,1935,1798
jagienka,1899,994
i,1817,1
i,1835,1
j,1739,1
kaodanan,1915,647
information,1835,2
in,1804,1
j,1758,1
i,1800,1
j,1805,1
iredacted,1999,1
in,1847,1
i,1868,1
i,1818,2
khashdrahr,1952,591
j,1766,1
kleonike,1964,560
klutchem,1891,16
i,1854,1
j,1843,1
inouye,1832,1
i,1876,1
khashdrahr,1952,585
i,1884,1
information,1925,106
i,1851,1
kastarcom,2001,2215
krysia,1951,2
in,1893,1
instance,1795,1
ibaloi,1904,34
i,1964,1
j,1718,1
i,1824,1
itranswp,1999,94
jerrythought,1907,655
klobuchar,1874,2
i,1895,1
hnited,1832,1806
helwyze,1877,23
i,1879,1
i,1878,1
j,1746,1
in,1828,1
i,1815,1
i,1852,1
i,1808,1
i,1879,1
i,1891,1
i,1793,1
i,1868,1
information,2001,5
i,1853,1
i,1873,1
i,1866,1
igraph,1896,650
j,1791,1
i,2013,4
i,1776,1
in,1843,1
instance,1918,1
imageobserver,1996,11
i,1833,1
j,1826,1
heitkamp,1789,354
istenetek,2017,706
i,1836,1
hizdahr,2011,802
j,1810,1
i,1801,1
information,1900,11
i,1803,1
is,1993,5
kadalayapan,1915,1583
information,1759,1
in,1623,1
j,1843,1
i,1764,1
i,1889,1
i,1889,1
in,1818,1
i,2013,8
i,1856,1
highway,1472,3
j,1812,1
instance,1681,1
i,1813,2
j,1832,1
jrmea,1976,1571
i,1832,1
in,1882,1
hnited,1653,1
i,1868,1
j,1783,1
jeruslan,1857,523
jendzian,1890,1070
i,1823,1
i,1721,1
itemize,1905,1
i,1754,1
i,1848,1
i,1804,1
in,1819,1
i,1852,1
information,2007,2
i,1836,1
i,1714,1
i,1852,1
in,1839,1
i,1846,1
j,1841,1
hochberg,1822,1
jeffords,1851,1
inoustrys,1965,4296
hrprs,1897,1704
j,1922,1
in,1911,2
i,1830,1
j,1947,1
j,1861,1
in,1680,1
in,1853,1
in,1805,1
i,1775,1
i,1857,1
i,1777,1
j,1905,1
inouye,1675,1
j,1837,1
ichthin,1843,1
information,1870,1
karadan,1837,871
hkey,1995,83
inches,1734,1
i,1795,1
j,1710,1
information,1894,1
i,1812,1
jeffords,1893,1
i,1849,1
i,1794,1
j,1750,1
itemize,1805,103
judzkich,2017,1426
kaniza,1832,832
inches,1542,12
in,1852,1
jenieve,1894,875
j,1905,1
j,1921,2
journalofneuroscience,2013,523
joosefin,2017,829
in,1845,1
i,1793,2
i,1872,1
highway,1816,1
i,1922,1
i,1839,1
hooliam,1910,583
i,1806,1
i,1786,1
harkin,1841,1
information,1825,1
kefauver,1937,4
j,1925,1
i,1849,1
i,1825,1
i,1953,4
i,1866,1
j,1908,1
i,1833,1
inhofe,1987,6
joosefin,2017,415
in,1854,2
hautbourg,1871,878
i,1838,1
i,1803,1
in,1817,1
i,1827,1
imageconsumer,1996,725
i,1810,1
isserman,1832,1156
inches,1793,1
in,1722,1
j,1826,1
inches,1867,1
isserman,1832,7
i,1738,1
krysia,1951,2
kazmah,1919,803
information,1993,6
i,1819,1
j,1832,1
information,1903,1
in,1810,1
information,1840,1
in,1822,1
i,1706,1
ichthyander,1950,515
hirono,1789,378
information,1857,1
i,1824,1
ibm,2010,208
j,1887,1
is,1981,9
i,2013,8
inouye,1789,1
kalodner,1832,432
in,1783,1
in,1472,155
in,1905,1
i,1822,1
i,1818,1
hnited,1961,1
j,1923,1
j,1867,1
i,1826,1
j,2013,4
j,1814,1
i,1904,1
i,1812,1
i,1732,1
halfeyeh,1885,671
information,1879,2
ictrst,2009,1571
in,1886,1
j,1768,1
is,1980,14
i,1812,1
instance,1803,1
in,1824,1
i,1789,1
in,1860,1
j,1868,1
i,1859,1
information,1825,1
i,1726,1
j,1902,2
information,1818,1
i,1828,1
i,1854,1
helvering,1798,2
highway,1800,1
igraph,1896,650
information,1788,1
i,1800,1
i,1845,1
i,1859,1
i,1906,1
i,1820,1
j,1801,1
j,2013,4
in,1797,1
i,1906,1
j,1781,1
i,1893,1
is,1767,1
in,1793,1
in,1809,1
j,1899,1
i,1987,12
i,1820,1
instance,1814,1
j,1758,1
instance,1803,1
information,1969,1
i,1806,1
heathcliff,1847,2
in,1843,1
information,2003,1
i,1806,1
information,1825,1
j,1937,1
i,1950,2
i,1500,1
highway,1915,1
i,2013,8
j,1800,1
i,1910,1
j,1853,1
i,1810,1
i,1815,1
i,1821,1
i,1821,1
karlos,1788,1
j,1801,1
i,1745,1
in,1834,1
j,1947,1
icdn,1882,2
heathcliff,1847,1
i,1940,2
inannaschamra,2010,629
hirono,1789,378
infoweek,1985,42
j,1995,2
i,1788,1
heathcliff,1847,1
information,1911,1
i,1800,2
icjpa,1969,677
in,1527,1
information,1782,1
i,1805,1
i,1809,1
in,1867,1
in,1826,1
i,1817,1
i,1836,1
inouye,1832,1
harduppe,1844,541
i,1926,1
jeffords,1789,1
information,1895,1
imamooddeen,1847,578
jabaster,1833,607
i,1986,5
in,1917,1
i,1859,1
information,1892,1
i,1852,1
inouye,1789,1901
karlos,1837,727
information,1918,1
i,1847,2
i,1820,1
information,1857,1
in,1956,1
j,1908,1
i,1801,1
karaibrahim,1967,1679
harkin,1832,2
hypocotyl,1892,1475
i,1884,1
is,1904,1
j,1893,1
in,1968,2
is,1819,1
i,2013,4
klobuchar,1874,2
i,1951,2
j,1929,1
klenha,1885,1
j,1831,1
information,1842,1
i,1819,1
information,1966,4
information,1971,209
in,1866,1
kresel,1832,537
i,1815,1
information,1848,1
in,1794,1
kantwise,1861,647
in,1790,1
in,1907,1
j,1714,1
j,1713,1
ibaloi,1904,34
hammarquist,1860,750
holseapple,1872,854
huyp,1823,690
i,1808,3
i,1776,1
j,1857,1
i,1841,1
is,1472,2
hkey,1995,89
in,1807,1
hochberg,1822,1
hoopdriver,1896,4554
i,1910,1
i,1812,1
j,1672,1
kayerts,1897,621
i,1812,1
infoweek,1986,2
information,1895,1
i,1832,1
i,1813,2
i,1804,1
harkin,1881,2
highway,1701,1
i,1814,1
intervenor,1832,11
i,2013,4
in,1815,1
himegimi,1900,846
i,1819,1
i,1832,1
in,1804,1
klobuchar,1789,1272
inches,1734,1
kharapet,1883,661
kaniza,1832,832
i,1832,1
jeffords,1869,1
i,1848,1
jabaster,1833,607
j,1730,1
in,1956,1
i,1683,1
i,1821,1
j,1900,1
jaishnah,1935,669
i,1811,1
information,1883,1
i,1742,1
i,1810,2
i,1823,1
i,1813,1
i,1776,1
in,1856,1
j,2014,82
i,1800,1
i,1810,1
j,1826,1
kefauver,1905,1
i,1873,1
i,1843,2
in,1869,1
in,1842,1
judzkich,2017,1203
in,1968,1
i,1832,1
information,1908,1
i,1921,1
hakeem,1702,1
in,1865,2
in,1840,1
j,1857,1
haldimar,1832,924
hlbg,1873,680
inches,1836,1
i,1805,1
i,1717,1
in,1806,1
i,1915,1
iredacted,1986,1
i,1813,1
in,1880,1
i,1803,1
i,1842,2
i,1809,1
in,1827,1
i,1912,1
j,1826,1
i,1809,1
kalkplot,1984,290
in,1917,1
i,1827,1
i,1859,1
i,1770,1
kalodner,1832,317
i,1827,1
i,1926,1
in,1791,1
i,1807,1
in,1819,1
information,1971,1
i,1769,1
jakubska,1849,610
i,1765,1
information,1922,1
in,1884,1
j,1500,1
i,1797,1
hactcin,1938,4862
hirono,1951,1
information,1999,1
i,1790,1
journalofneuroscience,1991,1
j,1982,1
j,1887,1
inches,1832,1
i,1797,1
information,1936,1
j,1909,2
i,1800,2
i,1838,1
icdn,1824,654
i,1836,1
in,1875,4
j,1882,1
ibm,1640,1
i,1813,1
j,1853,1
i,2013,5
information,1813,1
kozachenko,1956,1
i,1891,1
i,1891,1
in,1809,1
information,1906,1
information,1854,1
j,1867,1
i,1825,1
in,1472,4
karlos,1837,2
i,1808,1
is,2007,1
kornicker,1866,1
i,1857,1
in,1868,1
hkey,1764,1
in,1800,1
jagory,1807,749
i,1825,1
j,1721,1
i,1804,1
hallblithe,1890,3476
hagel,1974,1
j,1857,1
in,1880,1
i,1854,1
i,1815,1
kefauver,1913,2
i,1901,1
ibm,1476,1
i,1863,1
i,1832,1
khundaila,1832,541
i,1765,1
holandeze,2018,4078
j,2014,92
in,1811,1
i,1853,2
intervenor,1832,88
in,1865,2
i,1813,1
i,1862,1
in,1847,1
information,1841,1
information,1523,1
i,1904,1
kefauver,1905,1
izraelovi,2017,3229
i,1824,1
j,1909,1
i,1823,1
i,1866,1
i,1804,1
information,1757,1
jeruslan,1857,517
harkin,1884,1
inches,2016,1880
i,1800,1
j,1901,2
i,1920,1
krentler,1832,50
i,1867,1
in,1832,1
i,1812,1
i,1904,1
i,1783,1
information,1998,1
j,1762,1
j,1835,1
i,1818,1
is,1986,1
inches,1709,2
i,1834,1
in,1761,1
i,1814,1
in,1820,1
i,1824,1
hkey,1764,1
i,1868,2
i,1804,1
i,1808,1
j,1765,1
i,1812,1
i,1806,1
i,1816,1
harkin,1884,1
i,1854,2
information,1680,1
issena,1819,559
information,1915,1
information,1968,1
investsec,1972,1991
is,1986,21
i,1808,1
i,1784,1
i,1814,5
instance,1992,2
i,1801,1
j,1716,1
haemadsorbing,1961,2
i,1886,1
i,1878,1
i,1874,1
j,1738,1
j,1898,1
inches,1542,1
instance,1758,1
heathcliff,1847,1
i,1787,1
i,1826,1
in,1887,1
i,1878,1
j,1729,1
in,1500,1
in,1712,1
kalkplot,1984,1108
highway,1685,1
j,1909,2
i,1838,1
information,1900,1
information,1805,1
j,1500,1
i,1875,1
kharapet,1883,656
i,1783,2
i,1855,1
i,1834,1
information,1835,1
i,1724,1
i,1787,1
i,1872,1
i,1776,1
i,1849,1
i,1861,1
isserman,1832,7
information,1926,1
inkaconf,1979,542
jhdv,1962,1172
j,1853,1
i,1805,1
i,1821,1
janjalla,1893,693
hkey,1995,181
jeffords,1831,1
j,1757,1
i,1903,1
j,1812,1
j,1859,1
i,1804,1
information,1812,1
information,1967,1
i,1907,1
judzkiego,2017,29
information,1500,4
i,1987,1
i,1850,1
information,1810,1
j,1884,1
i,1825,1
j,1910,1
j,1997,2
jrcrte,1975,802
information,1817,1
is,1837,1
indreleia,1951,511
i,1731,1
jnventarey,1894,1400
i,1802,1
hochberg,1891,1
i,1809,1
i,1877,1
i,1731,1
jmishnah,1935,1804
j,1831,1
isakson,1789,1535
j,1873,1
i,1784,1
i,1820,1
is,1993,1
j,1724,1
inhofe,1987,6
i,1789,1
i,1882,1
kalamanik,1874,524
i,1916,1
i,1807,1
i,1834,1
i,1904,1
i,1803,1
i,1820,1
kazmah,1919,803
isorella,1866,578
i,1831,1
j,1778,1
instance,1994,1
information,2003,1
i,1909,1
i,1813,2
i,1986,1
i,1808,1
i,1851,1
j,1738,1
j,1837,1
i,1862,3
information,1981,1
i,1888,1
in,1867,1
kefauver,1892,1
i,1856,1
is,1477,1
i,1809,1
j,1803,1
i,1822,1
j,1833,1
information,1853,1
in,1971,1
information,1845,2
ijgp,1832,1
information,1919,1
in,1845,1
hallblithe,1890,62
i,1804,2
i,1804,1
i,1786,1
hreptyoff,1893,715
i,1804,1
hippeli,1832,670
i,2013,26
i,1849,1
j,1895,1
in,1863,1
instance,1477,446
in,1806,1
i,1840,1
i,1823,1
information,1784,1
in,1826,1
i,1834,1
i,1886,1
i,1800,1
i,1904,2
information,1942,1
is,1472,64
j,1838,1
i,1788,1
hrabcsak,1936,564
i,1804,1
information,1851,1
i,1851,1
information,1936,1
j,1892,1
is,1805,1
heika,1899,1
i,1776,1
indreleia,1951,515
hadjys,1829,62
i,1873,1
i,1850,2
in,1870,1
i,1872,1
in,1809,1
i,1907,1
intervenor,1886,1
instance,1818,2
is,2011,1
kokoal,1903,18
inouye,1832,1
haymitch,2008,900
is,2007,1
i,1810,2
information,1792,1
i,1806,1
instance,1980,1
i,1813,1
information,1825,1
i,1861,1
information,1839,1
i,1809,2
kieos,1990,1041
inouye,1874,1
in,1852,5
i,1836,1
j,1775,1
information,1968,1
information,1896,1
i,1809,2
hadoub,1858,566
i,1714,1
i,1902,1
in,1472,5
information,1832,1
information,1988,1
i,1846,1
i,1821,1
is,1817,1
i,1818,1
i,1846,1
i,2013,8
i,1763,1
hochberg,1903,1
i,1820,1
hypoxi,1809,1
jhdv,1962,1174
j,1820,1
information,1988,1
j,1825,1
information,1903,1
in,1857,1
i,1756,1
judzkiego,2017,1732
in,1836,1
i,1856,1
is,1851,1
i,1812,1
information,1894,1
in,1871,1
i,1801,1
information,1900,1
in,1853,1
i,1884,1
i,1864,1
in,1872,1
karlos,1837,2
hardcastle,1505,1
in,1863,1
i,1817,1
hagel,1872,15
information,1804,1
information,1803,1
i,1824,1
in,1885,1
jetamio,1982,618
jeffords,1893,1
jelnik,1919,960
j,2014,42
hochberg,1852,3
in,1815,1
i,1856,1
i,1811,1
j,1836,1
inouye,1789,7
j,1876,1
j,1853,1
karlsefin,1872,1712
i,1829,1
ibm,1815,1
j,1794,1
itranswp,1999,94
i,1813,2
imamooddeen,1847,578
i,1807,1
konstanty,1880,1
j,1778,1
ibm,1476,1
in,1858,1
information,1915,1
information,1947,1
huxoll,1832,1230
in,1903,2
i,1811,1
information,1884,3
i,1846,1
j,1935,1
infoweek,1985,164
i,1758,1
i,1904,1
izraelovho,2017,624
kefauver,1908,3
information,1757,1
i,1813,1
in,1803,1
j,1871,2
inches,1990,1
hussyn,1830,3146
isorella,1866,578
i,1733,1
highway,1888,1
i,1868,2
i,1839,1
hunsgate,1846,722
information,1998,11
izali,1840,1
igraph,1796,1
hoenniger,1874,1685
julitz,1869,940
kornicker,1866,1
is,1699,1
i,1803,1
i,1808,1
i,1820,1
j,1997,15
juurt,1832,1239
j,1961,1
huahega,1937,568
in,1912,1
i,1847,1
in,1825,1
kaeldra,1989,1174
i,1808,1
j,1849,1
information,1828,1
kefauver,1887,1
hkey,1995,39
information,1970,3
in,1807,1
jawleyford,1849,9
i,1721,1
information,1967,1
i,1709,1
i,1826,1
in,1868,1
information,1835,1
i,1726,1
j,1853,1
kefauver,1942,1
i,1871,1
in,1819,1
in,1884,2
karlos,1788,1
j,1803,1
information,1971,5
i,1781,1
i,1796,1
in,1809,1
j,1859,1
kervanbashi,1864,337
is,1975,5
hyperpyraemia,1905,35
in,1839,1
i,1805,1
khotele,1970,562
kaybonnet,1985,1193
j,1783,1
inhofe,1789,2138
i,1938,1
is,1837,1
i,1806,1
i,1809,1
inches,1823,2
information,1925,92
i,1810,1
i,1794,1
hagel,1686,1
i,1811,1
is,1981,7
harduppe,1871,4
i,1812,1
i,1806,1
ipgenix,2014,129
i,1844,1
izraelovi,2017,2161
information,2002,1
inches,1868,1
i,1884,1
i,1918,1
jagory,1807,755
i,1860,1
in,1851,1
kalodner,1832,1
hochberg,1906,1
i,1815,1
in,1813,1
is,1993,5
kouli,1735,1
is,1980,1
i,1832,1
issena,1843,4
information,1916,1
kastarcom,1998,10
in,1857,1
hkey,1995,37
inches,1867,1
j,1672,1
j,1803,1
information,1835,1
i,1855,1
in,1855,1
j,1887,1
information,1909,1
information,1805,1
information,1818,1
in,1820,1
j,1781,1
i,1789,1
i,1832,2
in,1809,1
i,1874,1
in,1854,1
information,1780,1
i,1801,1
j,1838,1
i,1862,1
i,1899,1
in,1837,1
i,1812,1
itemize,1805,267
j,1840,1
j,1801,1
in,1836,1
i,1727,1
hasseena,1899,595
i,1849,1
j,1837,1
j,1765,1
inches,1862,1
hlbg,1873,681
j,1791,1
instance,1822,1
instance,1665,1
hnited,1653,1
i,1901,1
in,1843,1
jondrette,1862,830
kiolbassa,1877,2
i,1852,1
isserman,1832,1156
j,1874,1
i,1832,2
juraitis,1924,780
j,1843,1
i,1812,1
hactcin,1938,4866
i,1793,1
helwyze,1877,1402
i,1745,1
i,1803,1
instance,1822,1
haemadsorbing,1961,1
i,1910,3
harduppe,1844,541
hippeli,1832,670
i,1834,1
i,1913,1
j,1821,1
intervenor,1832,4
i,1909,1
i,1815,1
j,1772,1
j,1814,1
j,1742,1
ibm,2010,698
i,1750,1
instance,1980,1
i,1804,1
i,1829,1
i,1808,1
i,1803,1
harkin,1675,1
intervenor,1900,2
helmfrid,1845,560
j,1844,1
i,1822,1
i,1806,1
infsci,1934,569
i,1823,1
information,1966,4
inches,1736,3
j,1763,1
j,1909,1
ibm,2010,488
i,1899,1
in,1912,1
i,1897,1
j,1906,1
isakson,1904,1
j,1810,1
j,1812,1
jacobellis,1917,2
i,1807,1
jeffords,1904,1
information,1797,1
i,1782,1
inouye,1789,1901
intervenor,1832,4
i,1837,1
helwyze,1877,1379
i,1847,1
inhofe,1789,2138
in,1804,1
i,1874,1
i,1861,1
j,1829,1
hypocotyl,1901,2
j,1803,1
infoweek,1985,15
information,1500,4
i,1864,2
j,1826,1
i,1814,5
i,1817,1
i,1844,1
i,1986,2
itemize,1879,1
helaena,1751,547
is,1975,5
i,1872,1
information,1895,1
i,1805,1
i,1855,1
hakeem,1969,1
information,1972,1
horohorin,1930,609
j,1759,1
i,1811,1
i,1827,1
in,1971,1
i,1884,1
kefauver,1934,1
in,1823,1
i,1910,1
information,1924,1
i,1864,2
in,1850,1
i,1770,1
kathyanne,1949,678
i,1823,1
i,1808,1
jeffords,1834,1
in,1823,1
in,1847,1
karazm,1759,670
in,1811,1
i,1868,1
kalamanik,1874,524
i,1763,1
in,1797,1
in,1825,1
intervenor,1832,183
helvering,1832,1
i,1838,1
i,1782,1
kayerts,1897,621
klenha,1885,1
in,1873,1
in,1843,1
i,1472,21
in,1906,1
information,1892,1
hawermann,1878,5208
is,1832,1
in,1858,1
in,1855,1
i,1805,1
i,1904,2
hagel,1686,1
i,1850,1
i,1882,1
hardcastle,1773,1
i,1747,1
in,1551,1
halfeyeh,1885,641
kapkaps,1933,164
i,1853,2
information,1857,1
i,1854,2
information,1958,1
information,2001,1
in,1886,1
i,1802,1
i,1793,1
inhofe,1789,7
i,1823,1
kefauver,1937,4
j,1825,1
j,2014,100
jawleyford,1849,1940
heathcliff,1847,853
information,1998,11
i,1823,2
instance,1987,2
i,1784,1
i,1815,1
i,1686,1
j,1771,1
huxoll,1832,1230
i,1852,1
j,1766,1
in,1852,1
j,1831,1
i,1872,1
i,1726,1
i,1808,1
i,1808,2
instance,1999,7
in,1826,1
in,1872,1
hypocotyl,1901,2
i,1686,1
jeffords,1789,1741
j,1802,1
j,1718,1
i,1859,1
in,1869,1
insurcont,1972,8858
i,1847,1
information,1813,1
hananda,1872,611
i,1941,1
izali,1840,1
in,1851,1
khandeel,1883,604
in,1907,1
hethrir,1994,511
kotteakos,1832,7
i,1824,1
i,1874,1
hylexin,2005,616
jnventarey,1894,1400
hostjoghon,1891,721
j,1874,1
in,1863,1
j,1909,3
i,1821,1
i,1839,1
hockenbeamer,1832,553
kefauver,1899,1
information,1892,1
harkin,1875,2
information,2007,5
i,1801,1
i,1821,1
j,1909,1
i,1802,1
information,1906,1
j,1882,1
information,1926,1
jugomandibular,1935,1274
jumalansa,2017,739
izraelin,2017,924
i,1724,1
information,1850,4
kiolbassa,1877,2
j,1832,1
i,1828,1
j,1733,1
hobbleday,1835,513
information,1788,1
i,1766,1
in,1500,1
inches,1736,3
i,1884,1
inouye,1832,1
information,1955,1
komadugu,1857,9
jeffords,1675,1
information,1812,1
i,1835,1
hardcastle,1840,2
i,1819,1
j,1992,4
iahvah,1890,1171
i,1781,1
j,1816,1
highway,1878,1
i,1858,1
is,2011,1
i,1904,1
information,1971,209
j,1833,1
jeruzalemit,2017,691
inches,1823,2
in,1965,1
i,1866,3
is,1812,1
i,1812,1
information,1919,1
i,1800,1
i,1814,1
j,1838,1
j,1710,1
i,1819,1
i,1720,1
j,1796,1
information,1895,1
information,1853,1
is,1863,1
i,1819,1
information,1918,1
in,1793,1
i,1809,1
i,1859,1
instance,1986,1
i,1812,1
inhofe,1994,1
j,1839,1
i,1794,1
i,1830,1
j,2013,14
j,1895,1
i,1808,1
i,1768,1
information,1812,1
j,1871,2
i,1812,1
i,1812,1
information,1911,1
i,1835,1
i,1850,1
i,1829,1
ijgp,1832,1
information,1784,1
i,1717,1
i,1500,3
kennyfeck,1849,6
i,1717,1
i,1894,1
j,1841,1
kieos,1990,1041
i,2013,6
in,1836,1
i,1786,1
i,1812,1
i,1874,1
in,1816,1
i,1819,1
khayetsky,1948,585
i,1818,1
i,1559,1
j,1763,1
intervenor,1832,5
igraph,1841,1
i,1867,1
in,1800,1
i,1822,1
hockinbery,1841,981
i,1831,1
in,1865,1
i,1810,1
i,1836,1
i,1722,1
j,1909,4
hostjoghon,1891,721
i,1838,1
j,1724,1
i,1828,1
i,1907,1
journalofneuroscience,2013,523
journalofneuroscience,1991,1
j,1851,1
i,1697,1
j,1826,1
i,1963,1
j,1850,1
macbett,1958,1196
l,1901,1
l,1867,1
lechenger,1832,20
medidss,2014,3440
michigan,1831,1
milepost,2016,940
m,1866,2
miraudin,1900,729
lobossi,1881,915
monroney,1789,1
market,1841,1
max,1985,3
max,2008,23
murkowski,1980,1
mameloucs,1798,593
m,1811,1
l,1991,3
manapus,1911,522
michigan,1784,1
m,1851,1
malgamite,1897,163
m,1812,1
l,1822,1
knefhausen,1972,525
mysql,2002,9
l,1844,1
max,1877,1
mod,1782,1
m,1601,1
michigan,1480,936
m,1816,1
mashukulumbwi,1893,587
max,1988,1
makhulu,1959,3
m,1962,2
m,2004,2
m,1864,2
meryemdje,1963,1275
m,1878,1
l,1832,1
m,1811,1
murkowski,1965,1
market,1882,1
l,1845,1
kiolbassa,1808,650
lykurgus,1849,883
kotteakos,1832,1058
landrieu,1890,1
maine,1817,2
mccain,1900,1
murkowski,1789,2495
lavarcham,1910,548
m,1857,2
klobuchar,1789,954
l,1856,1
m,1959,1
markey,1905,57
market,1958,1
max,1983,21
l,1870,1
m,1657,1
max,1980,1
max,1991,11
l,1851,2
max,1985,5
l,1833,1
macbett,1958,1196
m,1806,1
michigan,1500,2
l,1833,1
m,1987,25
l,1839,1
mysql,1999,7
m,1470,1
l,1793,1
m,1601,1
max,1985,2
mcnaughtonsmith,1895,594
michigan,1842,1
microstrategy,2003,4
mccain,1854,1
malbihn,1917,588
l,1842,1
mixture,1825,1
l,1880,1
marakaios,2015,556
mpsc,1831,1
max,1983,5
l,1812,2
max,1981,2
mcconaha,1852,5
max,1989,2
lieberman,1994,36
landed,1825,1
marchbanks,1800,1
kocianova,1910,807
m,1907,1
mdws,1967,12
maceagh,1819,851
mcgautha,1832,492
max,1478,2
monroney,1789,1
mansoul,1711,1
mdaar,1976,790
l,1802,1
m,1854,1
m,1845,1
max,1987,1
mahawanse,1833,857
m,1876,1
lieberman,1948,1
lieberman,1899,1
maine,1828,1
l,1855,1
m,1837,1
l,1824,1
l,1820,1
max,1983,14
mysql,2002,3
l,1859,1
koluima,1914,760
manyukin,1931,605
market,1797,1
lieberman,1878,1
leahy,1889,1
kozlevich,1932,553
mizraee,1862,705
m,1797,1
mcgohey,1832,1634
m,1845,1
l,1985,2
lisim,1833,708
m,1742,1
l,1869,1
m,1845,2
kvadruppel,2018,2039
macturk,1824,992
m,1811,1
misbrandin,1908,1
mdws,1768,1
maine,1834,1
max,1988,2
market,1873,1
m,1834,1
m,1970,72
l,1820,1
market,1904,1
ml,1821,1
max,1981,1
m,1860,1
l,1866,1
lasniniar,2019,188
m,1988,1
moynihan,1977,1
l,1822,1
m,1854,1
l,1865,1
max,1972,4
michigan,1866,1
lacheneur,1880,495
mastermaid,1887,4
manor,1729,1
milepost,1824,1
max,1988,2
mckildrick,1909,752
laserdisk,1980,9
mccain,1789,2
l,1839,1
m,1853,1
loznevoi,1949,508
m,1816,1
mdws,1967,7
mixture,1725,1
murkowski,1919,5
millekan,1869,1338
mysql,1999,4
l,1884,1
l,1717,1
m,1866,2
m,1797,1
l,1842,1
l,1850,1
m,1832,1
michigan,1855,1
maulabret,1881,987
m,1845,1
m,1811,1
l,1708,1
max,1989,1
liereler,1964,1943
michigan,1855,1
landed,1501,1
macbett,1780,1
lyonedes,2012,940
manor,1781,1
krentler,1832,688
l,1802,1
max,1979,6
max,1983,1
mansoul,1803,5
m,1803,1
m,1869,1
l,1729,1
m,1815,1
microstrategy,1941,5
m,1908,1
markey,1838,1
max,1980,1
l,1886,1
mclnerney,1928,1
l,1908,1
littlebath,1859,11
medialoft,1999,2789
m,1909,1
m,1852,1
m,1848,1
l,1809,1
m,1954,1
l,1845,1
mph,1943,1
mod,1796,1
macalbin,1815,967
l,1821,1
l,1803,1
manor,1750,1
mod,1988,1
mysql,1999,5
mackeld,1840,9
m,1815,1
l,1807,1
max,1994,4
murkowski,1949,1
mikumwesu,1914,1089
mpsc,1976,1
lanceilhot,1911,1105
michigan,1808,1
mikulski,1977,3
kouli,1728,3
market,1848,1
michigan,1611,1
l,1828,1
manor,1485,2
max,2002,2
l,1742,1
max,1985,22
m,1851,2
m,1800,1
m,1796,1
ldap,1873,1
lieberman,1963,1
mph,2016,974
lugar,1605,1
mcgohey,1832,5
mcschooler,1860,770
l,1905,1
m,1815,1
l,1793,1
max,1982,2
l,1854,1
m,1815,1
m,1871,1
michigan,1842,1
l,1990,1
m,1770,1
l,1800,1
mod,1542,1
max,1823,1
l,1871,1
market,1870,1
leahy,1789,3128
m,1834,1
l,1907,1
max,1900,20
mccain,1867,1
michigan,1838,1
m,1839,1
microstrategy,1931,4
l,1979,1
moynihan,1902,1
kyyra,1973,559
l,1832,1
markey,1499,15
mod,1666,1
markelof,1877,1777
landed,1825,1
market,1718,1
m,2003,9
menucomponent,1996,518
l,1811,1
lacheneur,1880,505
mopac,1832,4
mcconaha,1852,5
mikulski,1977,66
m,1844,1
l,1804,1
kubuschok,1945,1
mistrough,1948,2196
max,1983,4
membrane,1840,1
milepost,2016,940
l,1825,1
michigan,1500,6
market,1501,3
ml,1870,1
max,2004,13
medialoft,1999,81
leddenhurst,1815,503
lautenberg,1789,2390
ml,1599,2
market,1579,1
lmfbr,1967,1
l,1813,1
l,1825,1
lelldorin,1982,1632
l,1912,1
l,1841,1
michigan,1472,1
max,1984,2
mevtv,1989,598
mikulski,1947,2
m,1847,1
korkyraean,1849,241
max,1981,1
michigan,1501,1
lonehand,1866,638
max,1993,1
l,1802,1
krechovski,1890,538
l,1839,1
max,1857,1
m,2004,3
maufelly,1836,54
m,1846,1
michigan,1854,1
l,1835,1
l,1856,1
m,1815,1
marinya,1900,1614
manor,1704,1
max,1994,1
lautenberg,1920,1
maufelly,1836,459
michigan,1839,1
market,1971,1
l,1787,1
max,1981,2
max,1994,2
max,1500,3
magaingon,2017,19
mysql,1999,1
m,1817,1
lieberman,1951,1
lieberman,1935,1
l,1770,3
mysql,1999,25
michigan,1802,1
mansoul,1803,5
mansoul,1682,4
membrane,1684,1
max,1983,2
l,1931,1
m,1803,2
ladarelle,1865,1107
ml,1630,1
lasniniar,2019,820
l,1833,1
l,1779,1
max,1991,1
knefhausen,1972,525
michigan,1861,1
m,1898,1
m,1919,1
mcgohey,1832,1633
m,1968,3
m,1856,1
lugar,1789,1594
markey,1499,15
m,1847,1
lieberman,1918,1
max,1994,8
lupex,1862,733
lugar,1893,1
membrane,1485,10
l,1836,3
l,1857,1
l,1824,1
market,1851,1
l,1827,1
ml,1566,1
mdws,1768,1
market,1829,2
microstrategy,1931,4
lieberman,1962,1
m,1867,1
manor,1726,1
l,1833,1
mgzt,1937,1
klutchem,1891,758
leahy,1789,10
m,1819,1
m,1911,1
max,1749,1
m,1832,1
l,1863,1
l,1985,3
landed,1501,1
m,1872,1
m,1880,1
max,2000,1
manapus,1911,522
m,1841,1
mgzt,1974,835
mastermaid,1859,1
kstinst,1996,728
lykurgus,1849,883
mcclelend,1885,2755
l,1761,1
max,1984,3
landed,2016,1880
kornicker,1927,1
m,1950,1
m,1853,1
ksthaus,1996,586
m,1856,1
market,1853,1
membrane,1794,1
mcgohey,1832,5
l,1856,1
l,1859,1
murkowski,1965,1
manor,1742,1
l,1748,1
l,1805,1
market,1841,1
mysql,1999,1
max,1984,1
michigan,1508,1
lykurgus,1849,25
manor,1820,2
l,1841,1
kingconstance,1900,1386
mopac,1717,3
mediatracker,1996,829
koutokaeino,1885,658
l,1834,1
milepost,1737,1
lieberman,1903,2
mightineffes,1666,2
l,1821,1
magaingon,2017,19
membrane,1967,1
max,1900,1
l,1627,1
murkowski,1949,1
michaelorrow,2019,655
l,1856,1
marchbanks,1809,1
lieberman,1994,37
l,1709,1
mclnerney,1808,1
michigan,1823,1
mccollester,1832,158
membrane,1840,1
l,1877,1
max,1900,20
ldap,1997,1
l,1869,1
max,1993,1
l,1877,1
mevtv,1966,1
mudgee,1800,10
mclarning,1843,528
m,1959,1
lautenberg,1984,1
mameloucs,1798,592
koperskl,1906,734
mikulski,1961,1
michigan,1800,1
lieberman,1952,1
mastermaid,1859,558
max,1991,1
market,1728,1
l,1732,1
m,1850,2
m,1770,1
m,1801,1
m,1849,2
max,1989,1
l,1817,1
m,1891,1
mambunong,1919,29
lieberman,1967,1
mixture,1825,6
milepost,1737,1
max,1982,1
m,1837,1
l,1927,1
moynihan,1897,1
mccaskill,1789,213
max,1980,1
max,1985,1
l,1857,1
leafpool,1993,8
m,1882,1
l,1943,1
mgzmc,1974,447
m,1879,1
max,1992,1
malderyl,1837,538
mccollester,1808,2
l,1861,1
maine,1807,2
m,2003,10
michigan,1861,15
mccollester,1832,6
max,1977,1
marchbanks,1735,1
m,1772,1
l,1986,2
lechenger,1832,1093
l,1868,2
l,1850,1
mccaskill,1843,3
mccain,1874,1
mod,1542,1
m,1873,1
lionblaze,2008,533
landed,1807,1
makhulu,1906,1
mysql,1999,4
mcgautha,1832,36
m,1835,1
l,1822,1
m,1968,3
kluxi,1872,632
m,1832,1
mikulski,1926,1
michigan,1808,1
m,1908,1
m,1672,1
l,1803,1
maine,1893,1
mccollester,1832,6
macgopus,1833,891
m,1876,1
l,1825,1
m,1849,1
michigan,1861,15
max,1964,1
lieberman,1924,1
kotikokura,1928,3856
market,1963,1
l,1918,1
lugar,1905,1
max,1983,5
marchbanks,1735,1
membrane,1834,2
mixture,1853,3
max,2000,1
l,1825,1
ml,1782,1
l,1833,1
landed,2016,1880
ml,1710,1
lugar,1810,1
l,1907,1
mshflexgrid,1998,628
l,1900,1
krysia,1893,1800
leahy,1832,1
mallisham,1969,2
m,1812,1
mixture,1855,1
max,1992,4
m,1906,1
m,1489,3
monroney,1789,6
l,1853,1
max,1996,35
l,1806,1
lmfbr,1970,6
m,1856,1
m,1989,1
landed,1700,2
m,1791,1
mcschooler,1860,770
linderborg,1875,580
market,1847,1
mitzvos,1931,1
lefpc,1995,693
mopac,1832,6
loznevoi,1949,515
max,1979,2
lugar,1855,2
m,1860,1
manor,1798,1
l,1866,1
kornicker,1609,1
mevtv,1966,1
localtelephoneservice,1978,46
michigan,1807,1
max,1969,5
myrvin,1827,2
mansoul,1682,14
m,1850,1
makhulu,1906,1
m,1748,1
murkowski,1914,2
max,1988,1
lynggaard,1913,1255
l,1719,1
l,1862,1
max,1984,4
mashko,1895,1850
mccaskill,1843,3
landed,1690,1
mpsc,1831,1
michigan,1832,1
l,1812,1
m,1835,1
max,1982,2
landrieu,1789,2533
microstrategy,1999,2
m,1849,2
leahy,1878,1
max,1988,7
merhileh,1801,4
luxima,1811,1902
l,1709,1
mcconaha,1852,5
lpah,1964,566
m,1831,1
mcgohey,1832,36
m,1849,1
l,1804,1
lechenger,1832,1096
m,1804,1
market,1963,1
l,1812,1
membrane,1547,1
membrane,1868,1
mccain,1539,1
l,1868,1
lieberman,1913,1
markey,1918,1
lodloe,1891,2957
m,1816,1
l,1887,1
malgamite,1897,248
max,2001,2
mopac,1717,3
mannerstedt,1843,826
mccain,1832,3
m,1845,2
m,1772,1
l,1779,1
lautenberg,1789,2390
m,1735,4
m,1816,2
l,1837,1
landrieu,1789,2592
lieberman,1935,1
m,1744,1
mikulski,1961,1
membrane,1822,3
ldap,1844,1
m,1828,1
mysql,2002,3
l,1839,1
membrane,1840,1
mcconaha,1852,856
mph,1687,1
monroney,1789,6
m,1849,2
l,1858,1
ldap,1997,1
kozeri,1925,1025
makhulu,1959,3
m,1890,1
l,1891,1
monroney,1789,89
lavarcham,1904,75
m,1908,1
moynihan,1919,1
lessony,2018,1461
michigan,1508,1
macgopus,1833,885
max,1989,1
landed,1807,1
max,1994,2
mistrough,1948,2196
michigan,1834,1
mysql,1899,2
lisim,1767,3
mopac,1832,717
mysql,2000,5
mixture,1813,1
l,1859,1
m,1856,1
michigan,1874,1
max,1991,1
koutokaeino,1885,673
margland,1796,900
l,1832,3
m,1848,2
mangathai,1909,1494
l,1905,1
mixture,1832,1
markey,1841,1
kranitski,1901,765
michigan,1831,1
lugar,1913,1
menucomponent,1996,30
mccaskill,1789,401
l,1838,1
mph,2016,974
localtelephoneservice,1978,1070
m,1920,2
ml,1832,1
m,1884,1
m,2004,2
max,1994,1
m,1987,46
laughraine,2015,842
l,1877,1
lewinsky,1789,20
leahy,1841,1
m,1831,1
metromex,1918,6
mod,1763,1
lamounde,1824,948
l,1856,1
mixture,1853,3
michigan,1800,1
m,1657,1
krysia,1893,1800
murkowski,1980,1
m,1832,1
mccain,1882,1
manor,1726,1
lewinsky,1789,922
l,1834,1
m,1867,1
m,1891,1
max,1983,1
mikulski,1919,1
m,1833,1
ml,1490,3
m,1909,1
lionblaze,2008,528
lynggaard,1910,2
mysql,1999,3
margland,1796,900
ldap,1986,1
mainstram,1919,1076
max,1991,11
m,1735,4
menucomponent,1996,514
mannerstedt,1843,825
kokoal,1903,21
m,1810,1
lugar,1964,1
m,1748,1
l,1821,1
market,1812,2
market,1668,1
michigan,1838,1
l,1856,1
kouli,1745,2
l,1853,1
malderyl,1837,538
l,1855,1
m,1987,47
manor,1701,1
kresel,1797,1
kotikokura,1928,3849
landrieu,1789,2530
m,1787,1
lekacos,1832,887
market,1634,1
l,1962,1
m,1901,1
m,1990,1
murkowski,1968,2
maine,1828,1
l,1867,1
lewinsky,1789,36
lucelet,1877,974
lieberman,1490,1
mixture,1699,1
ml,1688,1
m,1636,2
m,1813,1
maine,1480,536
membrane,1834,2
mod,1804,2
mod,1827,1
mopac,1832,4
milepost,2016,2820
michigan,1802,1
max,1984,3
macder,1811,498
miraudin,1900,737
membrane,1902,1
m,1824,1
lmfbr,1970,6
lieberman,1908,1
m,1864,1
mgzt,1963,1
l,1858,1
mysql,1999,3
lewinsky,1789,1
lisabel,1859,610
m,1601,23
m,1903,1
lexthk,1967,1009
larinski,1877,645
l,1918,1
m,1849,1
lennebacker,1832,1322
mclnerney,1808,521
kromlaix,1876,748
membrane,1967,1
kutiizov,1904,1428
max,1996,3
market,1795,2
milepost,1899,1
m,1811,1
max,1500,3
manor,1563,1
m,1832,1
michigan,1875,1
mixture,1883,1
littlebath,1859,1365
klenzendorff,1911,705
m,1876,2
mixture,1883,1
kornicker,1866,6
m,1835,1
lorkhoor,1958,631
m,1842,1
mgzt,1974,842
l,1837,1
max,1977,1
maine,1823,1
m,1875,1
littlebath,1859,1379
mansoul,1711,1
l,1849,1
m,1807,1
m,1833,1
m,1834,1
max,1994,2
l,1808,1
m,1632,1
midstoke,1900,908
michigan,1777,1
m,1884,1
m,1497,2
l,1891,1
kluxi,1872,633
l,1863,1
mclnerney,1901,2
m,1837,1
ml,1766,1
m,1854,1
michigan,1827,1
max,1990,3
m,1823,1
l,1813,1
lewinsky,1789,943
l,1816,1
l,1910,1
l,1967,1
lieberman,1994,11
m,1849,1
marjolain,1872,582
max,1972,1
kranitski,1901,765
m,1763,1
mikulski,1789,2255
manor,1563,1
monroney,1789,89
m,1824,1
mclnerney,1899,2
m,1961,1
m,1987,35
m,1845,1
m,1878,1
l,1686,1
l,1869,1
mph,1687,1
m,1853,1
m,1970,68
l,1875,1
l,1914,2
m,1872,1
l,1837,1
lacheneur,1880,1
l,1962,1
l,1839,1
l,1844,1
max,1985,1
murkowski,1968,2
manor,1798,1
lieberman,1951,1
l,1868,1
lyngstrand,1890,760
microstrategy,1941,14
metirosine,1984,1
mattenheim,1869,582
max,1994,2
mcconaha,1852,5
max,1984,1
l,1813,1
max,1979,6
mcmarrell,1866,879
m,1807,1
maine,1601,2
m,1851,1
microstrategy,1941,9
market,1769,1
m,2008,2
maine,1857,1
l,1803,1
market,1949,2
l,1832,1
max,1968,4
michigan,1839,1
leahy,1832,1
m,1852,1
mixture,1825,1
metromex,1918,6
m,1807,1
mixture,1500,551
mccaskill,1910,1
mod,1566,1
l,1834,1
marinya,1900,1616
membrane,1840,1
l,1842,1
l,1782,1
markey,1841,2
lautenberg,1769,1
m,1750,1
lieberman,1967,1
m,1881,1
max,2006,2
m,1970,2
m,1830,1
m,1877,1
mattenheim,1869,584
mitkhal,1927,969
mysql,1999,5
michigan,1846,1
lmfbr,1535,1
mdws,1923,1
l,1868,1
mod,1783,1
leahy,1490,1
milepost,1899,2
l,1842,1
lyngstrand,1889,231
ml,1643,1
l,1827,1
lamounde,1824,952
max,1972,4
mod,1890,1
market,1776,1
market,1812,2
michigan,1874,1
markey,1870,1
m,1744,1
m,1872,1
mrscics,1973,524
m,1891,1
l,1668,1
mshflexgrid,1998,628
l,1841,1
l,1828,1
lieberman,1903,2
m,1800,1
max,1994,2
lmfbr,1972,2
mixture,1825,6
l,1853,1
max,1981,1
ldap,1844,1
membrane,1832,2
l,1949,1
lupex,1862,5
market,1909,3
m,1796,1
m,1849,1
mudgee,1800,10
kouli,1657,12
kornicker,1927,1
mansoul,1682,1303
michigan,1834,1
littlebath,1859,11
mastermaid,1859,541
leafpool,2006,15
militona,1847,675
klimkov,1908,805
max,1987,11
llanfeare,1879,551
mccollester,1832,421
max,1994,4
lanovitch,1895,794
landed,1819,1
l,1832,1
localtelephoneservice,1978,1070
mysql,2001,1
m,1831,1
maijstral,1963,501
michigan,1846,1
mahoiza,1874,1038
mccaskill,1836,2
m,1871,1
mgzmc,1974,745
lewinsky,1914,1
m,1810,1
markey,1870,1
l,1841,1
m,1824,1
l,1893,1
m,1809,1
m,1989,1
l,1818,1
mclnerney,1808,1
milepost,1824,1
m,1833,1
max,2008,25
max,1989,1
kokoal,1903,573
mixture,1896,1
l,1890,1
m,1983,1
l,1809,1
manor,1722,2
klenha,1808,586
mgzt,1963,1
l,1868,2
l,1812,1
mansoul,1682,1
mod,1988,1
lisida,1825,841
murkowski,1919,5
max,1985,2
l,1891,1
max,1980,6
m,1813,1
l,1481,1
mccaskill,1855,1
maulfry,1898,1265
mhoram,1977,1553
mccollester,1808,2
mansoul,1682,1318
mallisham,1969,2
m,1837,1
m,1825,2
moleskine,1870,10
majoochi,1820,564
maine,1823,1
murkowski,1914,2
max,1672,1
market,1477,26
membrane,1832,2
l,1821,2
leahy,1889,1
ml,1726,1
locait,1820,979
m,1898,1
market,1829,1
leahy,1832,8
mph,2016,974
maine,1697,1
monroney,1917,2
l,1863,1
lieberman,1962,1
max,1985,5
max,1985,1
medialoft,1999,2642
l,1845,1
lisim,1767,4
m,1775,1
membrane,1972,3
l,1825,1
marchbanks,1800,1
maulfry,1898,1254
markey,1838,1
m,1812,1
klutchem,1891,758
manor,1766,1
m,1816,1
miscellaneousstoreretailers,1999,751
markey,1977,1
m,1847,1
lmfbr,1535,676
market,1971,1
michigan,1875,1
lautenberg,1769,1
l,1872,1
lonehand,1866,616
mccain,1876,4
marakaios,2015,556
mpsc,1873,1
l,1855,1
milepost,1840,1
mcgautha,1832,9
max,1991,1
michigan,1870,1
maine,1864,1
l,1895,2
mclnerney,1928,1
max,1964,1
m,1601,23
l,1889,1
mccaskill,1843,3
m,1863,1
m,1811,1
m,1803,1
m,1834,1
lynggaard,1913,1255
maine,1864,1
landed,1700,2
l,1856,2
l,1902,1
l,1862,1
lugar,1789,1594
laserdisk,1980,9
l,1719,1
market,1861,1
lobossi,1881,915
market,1909,3
m,1950,4
lepeters,1970,4703
market,1579,1
m,1903,1
l,1866,1
metirosine,1982,1
m,1972,1
mhoram,1977,1557
m,1800,1
michigan,1777,1
m,1851,1
lupex,1862,5
lepeters,1970,4655
mikulski,1919,3
metromex,1918,538
m,1796,1
laserdisk,1934,441
mimasian,1872,536
m,1842,1
m,1899,2
l,1863,1
moynihan,1912,1
m,1806,1
l,1864,1
market,1859,2
lykurgus,1849,25
macturk,1815,1
kokoal,1903,21
l,1836,1
m,1830,1
max,1983,4
max,1900,1
kleinboy,1850,890
mixture,1813,1
m,1850,1
l,1800,1
mimasian,1872,187
mpsc,1937,1007
l,1832,1
l,1832,1
l,1890,1
lekacos,1832,886
l,1908,1
lieberman,1904,1
max,1981,2
market,1861,1
macalbin,1815,978
l,1823,1
m,1812,1
ml,1714,1
mccain,1789,349
m,1919,1
m,1742,1
mysql,2000,4
l,1481,1
markey,1918,1
max,1995,5
macturk,1737,4
l,1871,1
max,2003,17
market,1728,1
murkowski,1789,2498
l,1854,1
m,1857,2
max,2002,8
konstanty,1833,983
markey,1977,1
mysql,2001,2
lieberman,1789,2377
l,1475,16
max,1981,1
mccaskill,1843,1
m,1813,1
maufelly,1836,513
market,1853,1
michigan,1508,1
l,1823,1
leheudry,1933,771
michigan,1823,1
mccain,1909,1
l,1849,1
max,1969,5
ml,1699,1
macturk,1824,1
mccain,1882,1
market,1726,1
l,1686,1
mixture,1725,1
ml,1905,2
m,1819,1
m,1834,1
l,1845,1
ml,1781,1
mysql,2013,5
m,1819,1
market,1774,1
miscellaneousstoreretailers,1999,751
marjolain,1872,582
l,1874,1
macturk,1815,1
ml,1896,1
membrane,1825,1
mixture,1500,551
mccollester,1832,158
mgzic,1975,1382
kyyra,1973,559
m,1803,2
l,1879,1
max,1984,4
klenzendorff,1911,705
manor,1742,1
llanfeare,1879,575
l,1869,1
kleinboy,1850,890
markey,1907,6
l,1830,1
moynihan,1899,1
mod,1947,3
l,1804,1
l,1812,2
maulabret,1881,987
l,1923,1
l,1706,1
m,1864,1
l,1865,1
l,1627,1
l,1836,1
maine,1864,1
mdws,1923,1
michigan,1861,1
lascelyne,1824,562
markey,1789,726
michigan,1796,1
mudgee,1857,1
murkowski,1980,1
mysql,1899,2
l,1967,1
l,1841,1
l,1844,1
m,1852,1
l,1895,1
m,1987,27
l,1782,1
l,1497,1
l,1902,1
lembarene,1897,602
m,1797,1
maine,1834,1
l,1817,1
lewinsky,1789,36
kloughn,2002,1241
landrieu,1789,2593
membrane,1485,184
market,1847,1
l,1830,1
kouli,1657,12
marduchk,2010,938
l,1884,1
mixture,1883,1
m,1797,1
m,1907,1
m,1832,1
leahy,1832,8
microstrategy,1941,6
m,1807,1
maine,1817,2
lyonedes,2012,940
m,1497,2
mysql,2013,6
l,1782,1
membrane,1485,315
macturk,1824,5
mcclelend,1885,2756
lupex,1862,733
maijstral,1963,501
lmfbr,1967,1
max,2008,16
ml,1478,1
lugar,1964,1
lithway,1913,855
krennic,2016,2243
m,1804,1
mccaskill,1843,1
lugar,1824,2
macveaoh,1873,91
l,1830,1
markey,1906,1
l,1991,3
mahawanse,1833,857
l,1835,1
kinsgear,1873,694
murkowski,1968,2
macturk,1737,4
l,1737,1
lugar,1893,1
m,1833,1
medidss,2014,3440
market,1782,1
kotteakos,1832,1054
l,1991,2
mallisham,1960,659
m,1862,1
kyedani,1891,501
max,1979,2
max,1980,1
max,1983,2
l,1865,1
max,1992,4
mackeld,1840,9
lodloe,1891,2945
kornicker,1843,1429
m,1867,1
moynihan,1789,684
l,1877,1
m,1848,1
m,1986,11
macveaoh,1873,91
mccollester,1832,9
laserdisk,1985,3
lieberman,1918,1
lieberman,1789,9
max,1983,2
mcclelend,1885,27
m,1793,1
m,1636,2
membrane,1841,1
kozeri,1925,1027
lucepress,1972,559
mysql,1999,7
m,1857,1
max,2008,16
macder,1810,1
ldsday,1901,1471
l,1834,1
maholmb,1866,1407
l,1917,1
mpsc,1873,1
lieberman,1832,1
l,1872,1
kukaracha,1982,1184
mph,1651,1
lmfbr,1971,1
max,1971,1
michigan,1480,936
l,1782,1
l,1836,1
mdaar,1976,790
mccollester,1832,421
manyukin,1931,602
mashukulumbwi,1893,587
merkley,1789,1093
majochi,1820,2941
m,1806,1
l,1857,1
lelldorin,1982,1655
mixture,1883,1
kutiizov,1904,1431
kvadruppel,2018,2039
m,1850,1
l,1826,1
m,1470,1
lynggaard,1910,2
membrane,1846,1
misbrandin,1912,609
m,1823,1
kimyera,1893,502
laughraine,2015,842
lmfbr,1535,1
lugar,1824,2
maine,1480,189
m,1847,1
michigan,1807,1
m,1796,1
market,1829,1
liereler,1964,1943
m,1831,1
maine,1819,1
michigan,1784,1
mikulski,1926,1
manor,1837,9
max,1972,5
l,1837,1
lieberman,1963,1
market,1922,1
m,1672,1
mangathai,1909,1494
lmfbr,1946,1
max,1990,2
landrieu,1890,1
membrane,1825,1
lavarcham,1910,641
maceagh,1819,851
monroney,1917,2
leahy,1817,1
l,1706,1
kotteakos,1832,3
max,1972,4
maine,1857,1
laserdisk,1934,441
mikulski,1874,2
membrane,1485,42
michigan,1832,1
lennebacker,1832,1322
mccaskill,1843,3
membrane,1972,3
macder,1811,506
lomahongyoma,1944,817
lembarene,1897,632
koperskl,1906,735
market,1915,1
ml,1649,1
lavarcham,1904,75
l,1891,1
lewinsky,1862,1
lieberman,1921,1
lmfbr,1535,1
max,1983,2
m,1748,1
manor,1837,9
lanceilhot,1911,1101
merillia,1901,752
max,1971,2
max,1729,1
lieberman,1789,2377
m,1804,1
m,1816,2
mitzvos,1888,2
m,1818,1
m,1961,1
mph,2016,974
michigan,1499,1
kilnorton,1905,707
michigan,1500,1
m,1869,1
max,1973,3
microstrategy,1941,6
luxima,1811,1903
lieberman,1948,1
mccain,1843,2
market,1904,1
lieberman,1878,1
malvide,1827,683
kilnorton,1905,707
klenha,1808,586
m,1832,1
mikumwesu,1914,1082
m,1805,1
l,1833,1
koluima,1914,760
lefpc,1995,698
l,1977,1
mccaskill,1789,213
leafpool,2006,1373
market,2001,41
l,1789,1
leezibeth,1871,691
lisabel,1859,610
mizraee,1862,705
markey,1841,2
m,1853,1
mpsc,1976,1
landed,1819,1
l,1832,3
maine,1480,536
l,1979,1
l,1729,1
m,1875,1
l,1831,1
lautenberg,1949,7
mashko,1895,1828
mod,1566,1
l,1878,1
l,1890,12
max,1900,2
metalwnews,1987,1108
kleonike,1849,7
mansoul,1682,1
m,1891,1
kimyera,1893,505
max,1982,1
m,1837,1
l,1880,1
mixture,1475,9
m,1884,1
l,1818,1
l,1472,4
l,1901,1
maine,1858,1
l,1859,1
mccain,1789,349
lasniniar,2019,188
kresel,1797,1
max,1989,1
klobuchar,1789,954
manor,1847,1
manor,1704,1
mixture,1825,1
ml,1904,1
m,1859,1
ladarelle,1865,1107
kubuschok,1945,1
michigan,1500,6
l,1500,1
l,1811,1
kvihpak,1867,546
michigan,1838,1
leahy,1895,1
lessony,2018,1444
l,1879,1
m,1972,1
mopac,1832,6
market,1718,1
mpsc,1941,1
macveaoh,1873,786
m,1848,2
l,1985,3
l,1985,1
max,2002,6
l,1858,1
max,1982,5
mcgautha,1832,36
l,1722,1
max,1994,8
max,1622,2
m,1841,1
m,1810,1
l,1497,1
kingconstance,1900,1386
larinski,1877,644
kiolbassa,1808,650
kornicker,1866,6
l,1856,1
lugar,1797,3
m,1734,1
l,1834,1
l,1830,1
m,1987,22
michigan,1501,1
l,1866,1
lasniniar,2019,811
max,1622,2
l,1944,1
mysql,2001,1
leheudry,1933,727
max,1971,2
korkyraeans,1849,556
l,1748,1
max,1985,4
l,1772,1
l,1901,1
m,1632,1
m,1710,1
mcmarrell,1866,879
max,1981,2
mcnaughtonsmith,1895,594
mikulski,1987,2
l,1855,1
leddenhurst,1815,501
max,1984,2
l,1882,1
mccaskill,1910,1
l,1859,1
l,1867,1
mysql,2007,2
l,1821,1
m,1819,1
market,1870,1
michaelorrow,2019,641
kleonike,1849,7
l,1825,1
markey,1841,1
m,1830,1
m,1825,1
lmfbr,1535,673
max,1987,13
max,1996,37
lomahongyoma,1944,817
milepost,1840,1
macturk,1824,985
malvide,1827,683
mccollester,1832,9
l,1793,1
l,1757,1
ml,1478,1
m,1877,1
m,1834,1
mod,1816,1
m,1967,2
m,1853,1
m,1856,1
mahanenko,2018,1825
l,1497,1
lucelet,1877,950
kozachenko,1892,3640
michigan,1808,1
manor,1485,2
m,1794,1
mitzvos,1931,1
mandorallen,1982,2081
mixture,1731,1
m,1809,1
l,1887,1
m,1867,1
l,1862,1
max,1994,2
m,1842,1
localtelephone,1978,1135
l,1772,1
meromic,1923,1094
membrane,1855,1
michigan,1838,1
klangklang,1896,623
mixture,1832,1
manor,1781,1
lykurgus,1854,2
mccain,1789,1835
max,1982,4
mccain,1882,1
michigan,1500,2
leahy,1825,1
leftbury,1891,1076
moynihan,1919,1
l,1834,1
m,1850,1
l,1787,1
l,1811,1
mysql,1999,20
l,1825,1
max,1988,6
mph,2016,974
l,1827,1
max,1986,2
moleskine,1870,10
m,1710,1
market,1915,1
krennic,2016,2228
mccain,1878,1
l,1857,1
market,1782,1
ksthaus,1996,586
mcclelend,1885,27
moynihan,1912,1
mediawee,1991,559
m,1800,1
mixture,1896,1
mimasian,1872,349
mcgohey,1832,2
luteocobalt,1848,110
market,1873,1
l,1909,1
lascelyne,1824,557
m,1813,1
membrane,1704,3
max,2006,2
m,1869,1
lisida,1825,841
m,1846,1
meryemdje,1963,1275
michigan,1832,1
michigan,1808,1
m,1834,1
michigan,1854,1
majoochi,1820,564
michigan,1500,1
market,1859,2
ldap,1990,1
mikulski,1789,2727
mahoiza,1874,1038
l,1816,1
l,1879,1
mastermaid,1859,16
l,1803,1
mikulski,1977,66
myrvin,1827,2
manor,1766,1
kvihpak,1867,546
m,1816,1
m,1989,1
maine,1480,189
lugar,1605,1
lieberman,1994,11
mcgohey,1832,2
klobuchar,1976,1
mopac,1832,720
m,1874,1
ml,1490,3
l,1864,1
m,1863,1
mod,1763,1
m,1863,1
max,1994,1
m,1860,1
metirosine,1982,1
lyngstrand,1889,231
mikulski,1874,2
mainstram,1919,1069
kstinst,1996,728
manor,1797,1
max,1984,2
mixture,1825,1
mikulski,1789,2727
milepost,2016,2820
mph,2016,974
mixture,1731,1
lugar,1887,1
lechenger,1832,20
militona,1847,675
l,1837,2
moynihan,1949,3
mediawee,1991,513
m,1890,1
mccain,1854,1
m,1734,1
murkowski,1980,1
mccaskill,1789,830
mod,1977,1
l,1808,1
mikulski,1919,1
m,1856,1
l,1832,1
mod,1766,1
mgzt,1937,1
mansoul,1682,1
max,1900,2
m,1810,1
mikulski,1919,3
mysql,2002,6
lieberman,1490,1
lugar,1977,11
m,1842,1
lyngstrand,1890,760
m,1853,1
l,1839,1
m,1809,1
leahy,1490,1
max,1981,1
m,1816,1
manor,1731,1
mikulski,1924,1
merkley,1742,1
m,1880,1
mikulski,1947,2
max,1968,5
m,1802,1
moynihan,1899,1
michigan,1844,2
m,1763,1
l,1910,1
kukaracha,1982,1185
l,1861,1
m,1839,1
l,1931,1
m,1859,1
max,1996,3
m,1859,1
macbett,1780,1
merkley,1742,1
m,1839,1
merkley,1789,1093
milepost,1897,1
l,1977,1
m,1989,1
l,1793,1
lacheneur,1880,7
l,1837,2
ldap,1873,1
l,1854,1
kocianova,1910,807
moynihan,1902,1
market,1848,1
lautenberg,1949,7
lieberman,1920,1
mitzvos,1888,2
m,1864,2
membrane,1485,142
max,2001,2
membrane,1746,1
m,1850,1
l,1834,1
l,1854,1
mccaskill,1789,401
l,1832,1
l,1923,1
mccain,1867,1
kyedani,1891,509
max,1900,2
m,1817,1
ldsday,1901,1471
m,1834,1
m,1500,1
market,1958,1
max,1988,7
max,1992,1
l,1804,1
l,1856,1
moynihan,1977,1
m,1835,1
m,1911,1
max,2008,15
markey,1789,726
l,1830,1
m,1988,1
l,1808,1
mccaskill,1789,830
m,1832,1
max,1672,1
l,1892,1
mcgohey,1832,1
market,1949,2
m,1816,1
metirosine,1984,1
kozachenko,1892,3640
m,1735,1
l,1879,1
milepost,1883,4
localtelephoneservice,1978,46
murkowski,1968,2
max,1990,3
lieberman,1893,1
max,1971,1
lieberman,1895,1
mccain,1789,1835
m,1967,1
l,1915,1
max,1973,3
kozlevich,1932,569
laserdisk,1985,3
m,1873,1
lanovitch,1895,794
mikulski,1987,2
max,1478,2
kromlaix,1876,748
m,1868,1
l,1847,1
locait,1820,979
max,1974,2
michigan,1866,1
l,1949,1
max,1986,1
m,1841,1
m,1837,1
mgzic,1975,1382
leahy,1789,3128
macveaoh,1873,787
m,1816,1
lucepress,1972,545
korkyraeans,1849,556
mikulski,1789,2255
m,1882,2
mikulski,1924,1
mediatracker,1996,833
l,1812,1
max,1985,2
markelof,1877,1777
maine,1819,1
m,1828,1
menucomponent,1996,30
lorkhoor,1958,615
mixture,1855,1
maholmb,1866,1407
l,1832,1
l,1858,1
lorlotte,1867,1335
localtelephone,1978,1135
manor,1812,1
lsifs,1969,505
microstrategy,1941,738
max,1994,1
misbrandin,1908,1
microstrategy,1941,709
ml,1768,1
lithway,1913,817
mclnerney,1808,521
m,1825,1
mckildrick,1909,760
lisim,1833,710
mitkhal,1927,962
kinsgear,1873,691
mccain,1539,1
max,1995,4
l,1892,1
l,1847,1
membrane,1855,1
l,1668,1
m,1748,1
l,1827,1
maine,1864,1
market,1726,1
leahy,1841,1
moynihan,1789,684
mallisham,1960,659
l,1886,1
l,1990,1
m,1815,1
l,1866,1
max,1981,1
m,1950,3
l,1863,1
max,1989,1
m,1825,2
l,1826,1
l,1737,1
max,1974,2
lpah,1964,574
l,1856,1
meromic,1923,1103
m,1824,1
max,1987,1
m,1954,1
m,1812,1
l,1620,1
max,1985,3
l,1839,1
mevtv,1989,598
m,1817,1
m,1818,1
l,1800,1
leafpool,2006,1357
max,1992,1
l,1472,4
mixture,1475,9
midstoke,1900,908
mcgautha,1832,487
mysql,1999,1
lohsep,2006,676
l,1800,1
m,1954,1
moynihan,1897,1
landrieu,1789,1
michigan,1472,1
merillia,1901,752
l,1807,1
lieberman,1913,1
misbrandin,1912,609
l,1901,1
leftbury,1891,1076
m,1793,1
l,1839,1
kloughn,2002,1241
l,1856,1
mcgautha,1832,9
marchbanks,1891,1
mod,1879,1
l,1855,1
l,1845,1
market,1750,1
l,1834,1
l,1825,1
mccaskill,1836,2
membrane,1868,1
kokoal,1903,572
michigan,1827,1
m,1849,2
moynihan,1949,3
l,1620,1
marchbanks,1809,1
mrscics,1973,527
metalwnews,1987,966
l,1868,1
mightineffes,1666,2
l,1836,1
m,1901,1
lieberman,1869,1
max,1980,6
mcconaha,1852,856
m,1834,2
mandorallen,1982,2081
market,2001,41
michigan,1844,2
market,1828,1
laserdisk,1987,23
m,1819,1
membrane,1846,1
l,1722,1
l,1811,1
majochi,1820,2941
l,1770,3
lieberman,1920,1
lewinsky,1862,1
mambunong,1919,29
metromex,1918,538
klangklang,1896,623
l,1708,1
max,1988,6
m,1859,1
kyprioth,2003,673
m,1775,1
mclarning,1843,528
membrane,1841,1
milepost,1899,2
mccain,1882,1
manor,1922,1
malbihn,1917,588
linderborg,1875,580
m,1841,138
m,1817,1
m,1824,1
m,1860,1
m,1963,1
m,1962,2
mysql,2002,2
macder,1836,1
m,1986,9
l,1742,1
lieberman,1832,2
lsifs,1969,532
konstanty,1833,983
krentler,1832,688
l,1817,1
market,1750,1
max,1985,2
kyprioth,2003,673
lmfbr,1946,1
membrane,2000,1
l,1878,1
lmfbr,1967,3
m,1851,2
l,1895,2
l,1863,1
membrane,1485,325
l,1868,1
mansoul,1682,3
mikulski,1977,3
max,2004,13
komadugu,1857,80
klimkov,1908,805
l,1823,1
m,1983,1
luteocobalt,1848,110
krechovski,1890,538
membrane,1794,1
marchbanks,1891,1
market,1769,1
m,1804,1
mahanenko,2018,1825
leezibeth,1871,682
membrane,1775,1
market,1477,26
l,1872,1
murkowski,1970,1
komadugu,1857,80
m,1816,1
l,1822,1
m,1863,1
l,1857,1
lorlotte,1867,1316
m,1857,1
leahy,1825,1
mcgohey,1832,36
l,1851,1
l,1708,1
m,1847,1
millekan,1869,1338
mclnerney,1899,2
lohsep,2006,709
l,1830,1
marduchk,2010,928
murkowski,1970,1
mph,1651,1
m,1851,1
korkyraean,1849,272
m,1805,1
korkyraean,1849,513
lexthk,1967,1004
m,1896,1
page,1926,1
name,2000,2
n,1839,1
monroney,1789,1
orgunje,1834,17
perithecium,1849,1
official,1839,1
neshdanof,1877,4512
n,1997,4
n,1996,18
no,1844,1
no,1900,3
p,1868,1
plebiscite,1872,3
p,1827,1
o,1809,1
n,1863,1
ocean,1897,1
o,1858,1
o,1988,5
page,2000,9
no,1499,1
o,1885,2
p,1827,1
northmour,1880,34
op,1620,1
p,1887,1
o,1874,1
nethlds,1943,687
page,1962,3
ormersfield,1857,2522
obama,1849,1
oledbcommand,2001,2
nellemane,1881,999
phnx,1901,829
o,1824,1
paranepionic,1851,1
name,1995,2
n,1982,9
o,1852,1
pennsalt,1832,3
permit,1830,1
o,1827,1
nonoperatives,1832,1
no,1841,1
o,1804,1
p,1992,1
page,2001,22
patrasche,1872,1919
permit,1766,3
olyenin,1888,38
name,1472,3
no,1480,1
page,1995,10
n,1869,1
p,1803,1
mysql,1986,1
norderud,1878,1151
n,1754,1
name,1866,2
page,1995,1
p,1860,1
p,1894,1
op,1839,1
one,1475,3
of,1758,1
partnerlishments,1989,3466
project,1797,1
official,1848,1
name,1918,1
oxfendazole,1979,1
nethlds,1958,1
netduino,2011,548
p,1827,1
p,1839,1
n,1810,1
o,1910,1
page,1826,2
n,1919,2
ohomuraji,1896,1105
paturzo,1820,799
p,1972,1
no,1893,1
plutonium,1955,2
overshute,1876,588
page,2002,1
name,1895,1
one,1475,3
project,1817,2
pianoforte,1595,5
p,1816,1
o,1827,1
name,1756,1
plebiscite,1871,1
no,1973,44
orgunje,1834,17
no,1780,1
no,1943,1
p,1825,1
p,1865,1
name,1996,4
pstv,1958,6
name,1637,1
n,1816,1
o,1826,1
name,1990,2
obama,1948,1
newsrxjournalists,2013,2412
n,1835,1
p,1831,1
o,1756,1
n,1909,1
page,1852,1
n,1475,282
p,1824,1
p,1803,1
n,1838,1
n,1712,1
o,1808,1
oracleas,2004,2214
p,1847,1
ocean,1836,1
o,1811,1
p,1803,1
ncsw,1863,1
olelbis,1898,15
no,1998,9
no,2003,2
o,1816,1
n,1995,2
muzzlehatch,1959,539
nazileh,1911,406
p,1856,1
op,1989,1
photoplays,1832,7
plebiscite,1897,3
project,1818,1
p,1815,1
page,1981,1
o,1857,1
p,1797,1
p,1803,1
p,1803,7
p,1999,8
p,1919,1
n,1902,1
official,1499,5
no,1985,1
no,1824,1
no,1489,5
ocean,1670,1
paralegal,1975,1
paksenarrion,1988,1519
p,1820,1
phokion,1849,16
mod,1875,1
nelvil,1807,971
p,1844,1
n,1816,1
p,1859,1
o,1851,1
nabokov,1828,1
ocean,1846,1
ocean,1864,2
poray,1832,1
n,1740,1
o,1834,2
name,1996,2
p,1819,1
p,1927,2
mungls,1759,686
page,1924,1
official,1805,1
neshdanof,1877,4542
npsbn,2012,1931
name,2001,2
p,1893,1
project,1934,1
p,1819,1
passand,1810,1
p,1817,1
page,1785,1
preplant,1925,1
o,1797,1
ocean,1844,1
project,1669,1
o,1877,1
op,1500,1
no,1855,1
nutrilite,1942,1
o,1848,1
negl,1874,3
no,1478,1
p,1994,3
n,1791,1
nonoperatives,1912,527
p,1827,1
official,1881,1
n,1837,1
p,1862,2
of,1701,1
one,1737,1
nsurlconnection,2009,518
moynihan,1899,1
page,1900,7
n,1810,1
p,1862,2
noerr,1832,2
n,1843,1
mondaugen,1963,753
page,1995,12
name,1618,1
npspac,1987,829
n,1996,18
o,1830,1
no,1992,1
p,1860,1
o,1792,1
one,1818,1
p,1834,1
n,1788,1
pianoforte,1700,1
p,1501,1
n,1818,1
o,1876,1
n,1766,1
oculopression,1966,55
n,1810,1
no,1841,1
obama,1970,2
moynihan,1529,4
official,1805,1
name,1883,1
o,1756,1
no,1897,1
nyngan,1800,19
netwworl,1988,1023
p,1825,3
p,1888,1
o,1984,1
no,1834,1
nelvil,1807,971
plutonium,1825,1
project,1832,1
nutrilite,1832,648
op,1937,1
p,1965,3
page,2001,1
panikovsky,1932,965
p,1909,1
o,1870,1
plutonium,1951,1
o,1883,1
o,1994,2
one,1801,1
naakwama,2004,1375
o,1816,1
p,1916,1
nascot,2004,582
paksenarrion,1988,1496
n,1868,1
olfan,1894,885
name,1912,1
p,1866,1
o,1891,2
o,1851,1
o,1839,1
page,1785,1
mordreth,1864,1001
platonov,1899,1
of,1875,1
propodeum,1881,3
p,1845,1
nebadon,1955,1908
of,1857,1
pateroff,1866,19
n,1827,1
o,1812,1
o,1984,1
name,1970,2
permit,1757,1
n,1890,2
no,1933,1
no,1861,1
o,1984,1
p,1824,1
o,1833,1
p,1894,1
of,1819,1
n,1807,1
p,1831,1
o,1983,2
op,1581,2
n,1859,1
page,1647,1
p,1885,1
mph,1758,1
of,1910,1
name,1971,1
no,1811,1
negl,1873,2
mysql,1900,10
n,1834,1
one,1480,171
objectdbx,1999,584
project,1975,1
plutonium,1535,11
n,1731,1
of,1897,2
of,1800,1
official,1477,8
p,1867,1
o,1828,1
mysql,1899,3
o,1877,1
phokians,1849,5
p,1908,1
project,1919,1
patingi,1846,559
nabokov,1941,1
o,1909,2
no,1822,1
olimani,1960,937
project,1966,15
of,1839,1
o,1741,1
n,1869,1
p,1846,1
n,1858,1
naltner,1832,6
no,1489,2
o,1905,1
name,1653,1
novoveski,1893,523
neameh,1840,5
p,1856,1
project,1971,5
monroney,1939,12
page,1995,7
name,1985,4
p,1854,1
obama,1914,1
official,1810,1
p,1822,1
njper,1969,4270
no,1943,1
n,1858,1
no,1969,3
of,1853,1
orberosia,1909,1075
n,1849,1
p,1904,1
page,1895,1
nabokov,1920,1
page,1799,2
one,2013,1
o,1834,1
oeyvind,1870,3
project,2001,1
name,1828,1
page,1900,3
mod,2001,3
n,1812,3
n,1899,1
n,1842,1
nyngan,1800,500
page,2005,2
name,2000,2
one,2014,46
name,1997,1
name,1999,1
n,1875,1
one,1881,1
n,1919,2
p,1835,1
official,1858,2
muiceron,1874,505
p,1875,2
o,1870,1
name,1986,1
propodeum,1881,3
oracleas,2004,2215
op,2014,21
p,1863,1
p,1977,4
p,1812,1
nakaranga,1878,515
orgonotic,1942,23
no,2002,3
ncsw,1886,34
p,1834,1
name,1860,1
progranhe,1965,2444
noerr,1964,3
ndotsheni,1948,724
no,1776,2
paralegal,1789,1235
name,1986,22
oqeh,1986,1038
moynihan,1893,1
o,1986,5
preregulatory,1979,871
of,1694,1
mph,1695,1
o,1914,1
name,1650,1
no,2003,2
p,1803,5
o,1794,1
op,1905,1
o,1914,1
paralegal,1973,1
poray,1832,1
permit,1766,3
pstv,1976,1
p,1832,1
polling,1824,1
page,1978,19
page,1801,1
mod,2001,3
permit,1806,1
official,1802,4
n,1798,1
nycivproc,1914,30
page,1998,2
no,1841,1
otternes,1893,758
murkowski,1789,2647
p,1845,1
n,1820,1
offielecom,2010,603
n,1764,1
p,1830,1
p,1715,1
p,1749,1
preemergence,1901,1
o,1808,1
o,1824,1
mordryn,1916,517
ossineke,1832,6
official,1810,1
o,1871,1
op,1985,3
project,1863,1
pcnot,1979,4040
no,1841,1
negl,1771,1
n,1881,1
murkowski,1982,2
n,1920,4
o,1909,1
p,1719,1
no,1992,1
n,1812,3
oledbcommand,2001,22
official,1820,1
op,1834,1
project,1810,1
orsoff,1878,860
ocean,1500,1
plutonium,1535,11
no,1928,1
moynihan,1904,2
official,1820,1
ocean,1846,1
netduino,2011,546
moteczoma,1964,1090
ngarachu,1974,987
of,1798,1
o,1472,2
p,1841,1
name,1995,3
nutrilite,1832,7
n,1865,1
n,1844,1
name,1915,1
p,1797,1
name,1971,1
no,1802,1
mondaugen,1963,748
p,1877,2
no,1990,2
pcnot,1799,1
norrer,1826,1
page,1900,1
p,1859,1
n,1991,20
orberosia,1909,39
n,1810,1
p,1867,1
mod,1795,1
mopac,1821,1
no,1900,3
project,1976,1
pontmercy,1862,1
o,1807,1
page,1789,1
n,1864,1
project,1797,1
olfan,1885,2
op,1673,1
p,1907,1
name,1980,9
p,1809,1
no,2000,28
namkia,1950,1171
ortenegg,1888,3620
project,1823,1
p,1810,2
patrolmen,1881,1
name,1756,1
nettlepoint,1888,798
oulita,1796,1
mysql,1900,8
no,1977,5
n,1872,1
of,1808,1
of,1841,1
op,1501,22
p,1795,1
mpsc,1811,1
negl,1679,1
n,1834,1
o,1820,1
p,1915,1
otflcerfs,1990,736
page,1991,3
o,1984,1
one,1841,1
nutrilite,1832,6
p,1821,1
o,1984,1
mujungu,1935,1410
oxfendazole,1950,4
no,2008,36
p,1851,1
no,1907,1
p,1868,1
o,1826,1
official,1953,1
name,1845,1
p,1830,1
permit,1695,1
p,1922,1
n,1956,1
paturzo,1820,799
n,1847,3
n,1834,1
of,1824,1
ossineke,1832,712
project,2008,14
negl,1827,1
of,1867,1
namenda,1957,2
obama,1965,1
p,1830,1
northmour,1880,2153
newshawks,1923,78
p,1832,1
ollivera,1869,3856
ohmed,1844,1915
one,1717,1
o,1781,1
plebiscite,1553,2
no,1815,1
mordryn,1916,517
platonov,1899,1
o,1984,1
otbp,1704,1
p,1957,3
o,1472,2
o,1994,2
name,1868,1
nectophore,1888,36
phnx,1901,830
o,1896,1
page,1749,1
p,1832,1
page,1489,2
name,1977,5
nycivproc,1914,479
nyngan,1800,10
n,1859,1
no,1992,1
porrata,1832,6
n,1873,1
nahasulat,2018,230
no,1499,1
oledbcommand,2001,133
page,1977,7
o,1792,1
n,1868,1
photoplays,1912,1
o,1834,2
o,1856,1
one,1820,1
musadieu,1903,20
p,1870,1
one,1687,1
o,1987,3
naltner,1832,6
no,1933,1
p,1847,1
no,1997,3
project,2001,1
n,2004,3
o,1475,1
preplant,1930,7
p,1972,1
official,1808,1
o,1715,1
name,1872,2
page,1900,1
ogwoma,1970,833
negl,1952,2
name,1631,1
p,1941,1
ocean,1805,1
p,1811,1
o,1818,1
official,1903,1
name,1966,2
op,1912,1
p,1715,1
page,1992,8
passand,1810,1
no,1982,2
page,1979,4
patrasche,1872,45
o,1859,1
multiball,1879,31
moesg,1808,594
morningquest,1893,21
objectcraft,1991,777
obama,1949,1
of,1472,9
p,1766,1
n,1828,1
noerr,1955,1
project,1477,14
p,1697,1
project,1851,2
paralegal,1789,1224
nylic,1832,10
of,1889,1
no,1826,1
permit,1699,1
p,1834,1
o,1874,1
n,1716,1
nanahboozhoo,1903,1075
oulita,1858,559
paralegal,1964,1
n,1816,1
patrolmen,1887,1
monroney,1789,625
name,1970,8
no,1480,1
project,1669,1
n,1997,4
no,1987,1
pannenbecker,1947,675
name,2016,6431
nahasulat,2018,230
project,1821,1
nekhlyiidov,1904,4499
name,1472,3
op,1937,1
name,1995,2
o,1870,1
mod,1481,2
ocean,1796,1
publictran,1972,2319
page,1823,1
orgonotic,1942,16
otflcerts,1990,811
o,1820,1
nethlds,1855,5
o,1882,1
o,2000,1
oculopression,1966,55
mujungu,1935,1408
partnerlishments,1989,3466
polling,1478,9
n,1804,1
one,1871,1
obama,1696,1
name,1917,1
n,1845,2
page,1845,1
p,1845,1
p,1808,1
one,1831,1
n,1758,1
n,1876,1
p,1813,1
permit,1695,1
no,1994,3
pianoforte,1832,1
p,1857,1
moynihan,1868,1
nonfatally,1906,5
myrvin,1827,766
no,1985,1
n,1740,1
o,1852,1
plebiscite,1871,1
p,1825,3
p,1829,10
ornville,1802,541
nutrilite,1940,4
p,1877,2
official,1805,1
n,1833,1
op,1472,2
n,1842,1
pstv,1869,5
p,1855,1
p,1808,1
o,1835,1
n,1676,1
progrannes,1965,964
page,1926,1
name,1861,1
p,1809,1
ortelga,1974,795
one,1604,1
ontwr,1914,30
name,1970,1
n,1786,1
p,1867,1
official,1499,622
preplant,1925,1
page,2000,9
no,1811,1
o,1604,1
obama,1709,1
project,1810,1
p,1859,1
project,1873,1
namenda,1957,2
page,1995,2
p,1830,1
of,1800,1
no,1997,6
n,1816,1
n,1859,1
o,1865,1
no,1882,1
o,1758,1
musadieu,1903,936
n,1874,2
patrolmen,1886,1
neracel,1980,1095
obama,1971,2
o,1819,1
p,1593,4
no,1844,1
n,1815,1
name,1895,1
mudgee,1800,529
one,1817,1
of,1472,10
one,1851,1
morningquest,1893,690
novehent,1965,1222
n,1887,1
name,1995,3
mysql,1900,24
p,1808,1
o,1803,1
n,1862,1
project,1966,15
p,1898,1
p,1832,1
nylic,1832,11
p,1869,1
noerr,1501,1
official,1891,1
p,1956,2
page,1826,2
pentetrazole,1958,1
obama,1709,1
no,1844,1
monroney,1939,2
no,1809,1
name,2016,6431
n,1847,1
p,1716,1
ocean,1762,1
page,1991,4
nellemane,1881,998
no,1998,2
name,1965,1
p,1856,1
project,1976,1
plutonium,1955,2
o,2001,1
n,1864,1
n,1995,2
p,1882,1
n,1863,1
o,1808,1
n,1808,1
nylic,1832,551
nepeese,1917,989
of,1867,1
n,1876,1
name,1992,1
progranne,1968,1
npsbn,2012,1962
p,1866,1
name,2001,2
o,1754,1
official,1799,2
o,1477,1
name,2001,2
ncsw,1863,1
o,1989,1
official,1873,2
o,1813,1
n,1855,1
mod,1700,1
n,1994,15
p,1812,1
project,1987,1
p,1886,1
no,1472,1
objectcraft,1991,766
n,1852,1
o,1765,2
nusap,1963,1
no,1805,1
pobsp,1951,13604
o,1855,1
page,2005,1
nabokov,1925,1
oudijck,1921,1199
n,1853,1
p,1999,8
no,1989,1
p,1984,1
o,1985,3
otbp,1704,1
nethlds,1943,1
project,1987,1
p,1865,1
n,1868,1
name,1893,1
n,1868,1
p,1639,1
n,1995,2
no,1825,1
naiyenezgani,1918,710
n,1993,2
op,2002,23
p,1840,1
name,1830,1
moynihan,1896,1
musadieu,1903,103
name,1998,1
p,1855,1
p,1821,1
nabucet,1936,680
project,1873,1
o,1832,1
newbelle,1878,961
page,1995,18
o,1826,1
n,1802,1
mthuka,1999,521
p,1811,1
p,1869,1
oeyvind,1870,634
neameh,1840,5
official,1876,2
newbelle,1878,961
n,1905,1
pianoforte,1825,1
monotouch,2010,1069
permit,1472,1
o,1660,1
p,1723,1
o,1508,1
o,1475,1
nscid,1945,501
n,1888,1
p,1870,1
pendlex,1990,3887
project,1840,1
n,1721,1
moynihan,1881,1
name,1971,1
nscid,1945,55
op,1809,1
o,1823,1
ogwoma,1970,833
o,1896,1
p,1958,1
n,1819,1
mysql,2002,3
patamoke,1978,1436
p,1716,1
no,1900,2
name,1996,3
n,1739,1
page,1920,1
paralegal,1967,1
p,1815,2
northmour,1880,17
nascot,1886,2
organiseo,1965,1311
p,1986,4
n,1868,1
o,1985,5
mph,1695,1
parrifer,1868,553
official,1845,1
monzar,1819,1028
project,1832,1
of,1472,91
p,1870,1
organiseo,1965,1298
p,1849,1
norvegjeze,2018,2039
no,1811,1
official,1799,1
n,1810,1
oblitacythereis,1969,662
n,1818,1
p,1766,1
orgunje,1834,787
name,1973,1
one,1809,1
project,1817,2
o,1834,2
naltner,1832,678
n,1919,2
p,1834,1
o,1741,1
name,1992,1
permit,1950,1
phokians,1849,5
of,1834,1
pstv,1944,1
one,1809,1
noerr,1501,1
official,1793,1
p,1985,7
oulita,1858,12
nethlds,1950,1
project,1851,2
p,1969,1
myatlyuk,1940,575
pianoforte,1700,1
n,1764,1
o,1819,1
n,1859,1
murkowski,1903,1
nyngan,1884,3
pianoforte,1827,1
o,1833,1
p,1971,5
name,1990,2
no,1716,1
pstv,1944,1
page,1981,1
no,1812,1
n,1869,1
patrolmen,1501,214
p,1891,1
n,1758,1
no,1987,1
o,1866,1
no,1832,1
productsli,1972,1378
n,1880,1
otamar,1915,513
peepgass,1998,875
plotke,1875,1
mowledy,1873,1794
ocean,2016,940
official,1869,2
one,1822,1
nelvil,1807,9
o,1809,1
official,1839,1
no,1950,1
official,1823,1
o,1911,1
okotook,1824,695
p,1901,1
of,1807,1
passand,1724,1
netwworl,1988,153
official,2003,2
op,1952,1
page,1900,3
novehent,1965,1222
p,1817,2
permit,1821,1
n,1905,1
pianoforte,1700,2
o,1832,1
name,1918,1
neameh,1840,646
ossineke,1832,6
n,1919,1
page,1885,1
of,1841,1
o,1803,1
n,1873,1
p,1820,1
o,1984,1
p,1966,1
project,2008,14
negl,1877,1
objectdbx,1999,587
murkowski,1964,3
p,1822,2
o,1865,1
name,1896,1
o,1824,1
p,1472,5
no,1816,1
n,1852,1
op,1742,1
n,1990,2
name,1722,1
nascot,1879,1
pianoforte,1595,1
nabokov,1932,1
nonoperatives,1912,525
p,1721,1
oxfendazole,1950,234
orgonotic,1942,17
no,1849,1
n,1858,1
n,1924,8
no,2002,3
p,1819,1
page,2001,18
p,1817,2
one,1717,1
name,1985,1
nabokov,1920,1
op,1710,1
official,1809,1
o,1604,1
of,1860,1
no,1906,6
o,1857,1
o,1910,1
p,1941,1
p,1846,1
page,1476,5
n,1839,1
p,1809,1
p,1834,1
permit,1472,1
monotouch,2010,24
p,1887,1
pannenbecker,1882,2
mph,1758,1
nybd,1957,1593
p,1825,1
n,1808,1
nemtsy,1914,9
official,1892,1
negl,1814,1
ntsomi,1947,5
moynihan,1891,3
o,1876,1
mstranscript,1952,1123
p,1845,1
p,1820,1
no,1816,2
p,1925,1
no,1834,1
p,1859,1
pantalei,1877,610
name,1990,1
p,1808,1
name,2001,2
n,1900,2
olfan,1894,8
project,1743,1
p,1915,1
mwaiko,1963,570
n,1854,1
n,1852,1
n,1900,2
publicoff,1972,5870
n,1927,1
oxfendazole,1976,7
nabokov,1932,1
o,1834,1
name,1972,1
muheen,1834,885
paralegal,1974,1
name,1990,1
o,1508,1
op,1877,5
progranhe,1965,2450
nagsilabas,2017,8
o,1833,1
page,1475,15
p,1803,1
of,1819,1
p,1885,1
o,1839,1
p,1825,2
p,1821,1
nonfatally,1906,5
no,1936,3
netwworl,1988,153
o,1811,1
productsli,1957,3
okotook,1824,695
n,1676,1
njper,1969,4265
n,1846,2
p,1946,1
paehaole,1886,513
oracleparameter,2003,576
project,1811,1
morningquest,1893,655
n,1795,1
ocean,1882,1
no,1997,3
neameh,1840,678
page,2004,1
official,1809,2
p,1814,1
op,1741,1
morontia,1902,2
no,1864,1
p,1697,1
nettlepoint,1888,798
n,1818,1
nabokov,1942,1
oskit,1997,502
name,1985,1
nebadon,1955,1908
obama,1939,1
n,1900,1
o,1985,1
pateroff,1866,19
page,1852,1
pannenbecker,1882,2
n,1810,1
o,1856,1
p,1844,1
name,1992,1
monfriez,1996,692
mudgee,1800,534
p,1827,1
patrolmen,1863,1
official,1903,1
n,1786,1
no,1812,1
o,1990,16
ocean,1690,1
official,1810,1
patrolmen,1501,214
no,1802,1
of,1816,1
page,2005,2
no,1855,1
moynihan,1909,1
o,1849,1
o,1910,1
mysql,1900,10
o,1811,1
p,1845,1
orsoff,1878,860
name,1977,5
o,1987,5
orberosia,1909,1075
n,1766,1
name,1995,5
naiyenezgani,1918,723
page,1995,2
ornville,1802,542
namkia,1950,1171
pianoforte,1825,1
one,1833,1
p,1834,1
pobsp,1951,12971
p,1853,1
n,1900,1
n,1852,1
name,1997,1
o,1809,1
nonfatally,1909,2
plasterboard,1832,51
name,1980,9
ocean,1881,1
naltner,1832,681
page,2001,23
n,1802,1
p,1836,2
n,1804,1
no,1990,3
o,1818,1
p,1808,1
mysql,1999,10
p,1829,10
p,1824,1
n,1875,1
n,1712,1
no,1873,1
n,1716,1
page,1874,1
page,2005,8
p,1845,1
patrolmen,1863,1
mpsc,1811,1
name,1995,1
no,1500,1
page,1980,2
o,1660,1
p,1827,1
p,1864,1
pianoforte,1832,1
ocean,1780,1
o,1985,1
oblitacythereis,1969,627
page,2002,19
nycivproc,1914,30
n,1852,1
official,1802,4
no,2000,28
n,1844,1
n,1996,1
p,1803,1
publicoff,1972,4657
official,2003,2
monroney,1909,3
o,1867,1
n,1847,1
norrer,1965,567
o,1827,1
one,1536,1
oledbconnection,1999,1
o,1797,1
o,1903,1
neracel,1980,1095
no,1475,1
project,1753,1
nabokov,1810,1148
one,1842,1
project,1811,3
one,1838,1
name,1883,1
n,1899,1
of,1838,2
one,1983,219
one,1847,1
plutonium,1825,1
no,1873,3
name,1845,1
p,1919,1
p,1863,1
p,1828,1
nonfatally,1909,509
oeyvind,1870,3
project,1894,1
nethlds,1855,5
n,1856,3
ohomuraji,1896,1116
nascot,1801,2
project,1753,1
p,1916,1
nidstrom,1898,809
project,1975,1
o,1986,5
pateroff,1866,1023
negl,1814,1
plutonium,1950,2
of,1838,3
o,1807,1
p,1830,1
page,2007,77
n,1853,1
p,1830,1
panghooloo,1815,2
name,1998,1
n,1834,1
navaiy,1964,507
p,1874,1
mod,1764,1
o,1814,1
name,1909,1
no,1900,1
p,1621,1
no,1987,1
oledbcommand,2001,3
p,1837,1
oudijck,1921,1199
no,1950,1
name,1986,22
p,1796,1
norderud,1878,11
phokion,1849,16
no,1987,1
o,1987,3
p,1867,1
oledbconnection,2001,18
p,1810,1
nazileh,1911,799
permit,1817,1
olyenin,1888,44
murkowski,1919,1
no,1900,2
n,1819,1
prussion,1960,540
n,1814,1
p,1882,1
o,1811,1
p,1834,1
ontwr,1914,888
progranne,1965,871
oledbcommand,2001,728
name,1891,1
no,1825,1
p,1907,1
name,1985,1
oeyvind,1870,622
p,1832,1
modelpur,1972,719
polling,1478,9
name,1884,1
official,1867,1
p,1765,1
no,1824,1
o,1851,1
of,1815,1
n,1825,1
otflcerts,1990,811
page,1900,24
n,1881,3
o,1872,1
p,1986,1
p,1840,1
o,1834,1
n,1811,1
p,1801,1
no,1891,2
o,1985,4
moesg,1808,2
p,1912,2
p,1835,1
n,1863,1
p,1815,1
name,1792,1
n,1856,1
n,1731,1
plotke,1875,1
plebiscite,1870,1
p,1715,1
nakaranga,1878,515
o,1882,1
o,1987,5
page,1977,7
o,1820,1
o,1849,1
patamoke,1978,1487
mysql,1977,4
mysql,2000,1
of,1832,1
o,1824,1
n,1851,1
of,1735,1
nusap,2003,630
name,1828,1
name,1975,5
n,1882,1
negl,1952,1487
op,1985,3
ontwr,1914,28
official,1477,17
o,1983,2
muiceron,1874,505
one,1470,1
p,1969,1
p,1868,1
no,1472,89
op,2002,30
project,1821,1
o,1910,1
ocean,1751,1
official,1879,1
n,1472,1
o,1859,1
p,1908,1
no,1851,1
mungls,1759,686
p,1888,1
page,1992,8
novoveski,1893,523
porrata,1912,1
one,1853,1
netwworl,1988,73
ndotsheni,1948,724
no,1966,2
p,1912,2
official,1599,1
p,1803,2
norderud,1878,11
o,1985,4
ortelga,1974,815
murkowski,1982,2
n,1958,1
op,1901,1
page,2007,72
page,1900,2
n,1868,1
no,1977,5
n,1822,1
page,1924,1
o,2000,1
n,1952,1
p,1960,1
moynihan,1868,1
n,1847,1
platonov,1891,1
patrolmen,1841,6
offielecom,2010,603
no,1854,1
page,1980,2
paturzo,1820,11
o,1830,1
page,2004,24
n,1990,2
p,1811,1
paranepionic,1851,1
of,1897,2
p,1860,1
n,1850,1
nekhlyiidov,1904,4497
no,1985,1
p,1814,1
mwaiko,1963,562
p,1908,1
oledbconnection,2002,25
op,1978,6
plebiscite,1478,48
one,1834,1
o,1862,1
official,1881,1
n,1821,1
n,1822,1
nuunamiut,1953,1
pccim,1990,891
no,1864,1
obama,1965,1
project,1971,1
o,1828,1
p,1902,1
p,1765,1
of,1825,1
name,1861,1
plutonium,1951,1
o,1776,1
moesg,1808,595
o,1821,1
o,2000,1
official,1805,1
n,1885,1
p,1472,5
n,1823,1
peithetaerus,1874,667
nidstrom,1898,806
p,1812,1
n,1924,1
patingi,1846,559
nehludof,1902,681
of,1840,1
p,1790,1
motecusuma,1844,2374
n,1810,1
no,1969,3
n,1838,1
olelbis,1898,1133
o,1854,1
netwworl,1988,949
n,1640,1
o,1990,16
p,1930,1
mortlands,1870,1236
n,1851,1
no,1850,2
name,1976,1
official,1889,1
name,1877,1
official,1477,25
one,1694,1
nabokov,1810,2
one,1852,1
o,1870,1
paralegal,1890,1
project,1811,4
n,1891,1
p,1834,1
patrasche,1872,1874
name,1995,4
naakwama,2004,1375
name,1999,1
page,1998,2
n,1821,1
orgonotic,1942,13
pianoforte,1700,1
outougamiz,1827,1504
nascot,1879,1
o,1809,1
montefalderon,1847,601
paralegal,1971,1
monkshaugh,1827,1789
ollivera,1869,3868
n,1840,1
op,1675,1
no,1998,5
npspac,1987,829
o,1809,1
o,1905,1
nectophore,1888,38
myrvin,1827,722
occludent,1851,106
nutrilite,1832,657
one,1524,1
n,1800,1
paronsina,1868,608
p,1813,1
mysql,2008,5
page,1941,1
o,1807,1
plutonium,1950,3
mstranscript,1952,1123
n,1848,1
ocean,1882,1
n,1893,1
paehaole,1886,513
no,1998,2
one,1885,2
nonoperatives,1832,1
o,1833,1
o,1840,1
n,1901,1
newsrxjournalists,2013,82
nyeshangte,1996,703
project,1863,1
p,1806,1
p,1845,1
n,1863,1
motecusuma,1844,2378
one,1550,1
name,2000,2
name,1872,3
o,1868,1
p,1898,1
n,1839,1
o,1806,1
ocean,1748,1
n,1831,1
page,1900,3
mysql,1999,3
otflcerfs,1990,736
p,1859,1
n,1875,1
name,1861,1
ocean,1500,1
page,1966,2
ocean,1472,10
paralegal,1969,1
official,1841,1
o,1815,1
p,1806,1
p,1882,1
moynihan,1881,1
o,1832,1
name,1879,1
o,1987,3
plebiscite,1478,48
o,1984,1
murkowski,1983,2
no,1688,1
p,1830,1
ncsw,1917,1
oledbconnection,2001,785
n,1889,1
no,1990,2
op,1800,2
p,1885,1
p,1904,1
official,1827,1
of,1860,1
no,1893,1
oledbcommand,2001,16
photoplays,1912,1
p,1814,1
nabokov,1828,1
n,1912,1
mortlands,1870,1236
o,1739,1
name,1881,3
porrata,1832,6
o,1900,1
no,1805,1
ocean,1842,1
official,1898,1
p,1800,1
p,1787,1
plebiscite,1867,1
p,1990,1
o,1859,1
n,1620,1
nusap,1963,1
p,1856,1
n,1819,1
n,1858,1
o,1827,1
o,1894,1
newsrxjournalists,2013,2412
page,1900,24
p,1844,1
p,1813,1
pggjdf,2004,809
no,1827,1
pianoforte,1700,2
o,1820,1
p,1749,1
n,1854,1
p,1794,1
openafs,2002,828
paralegal,1890,1
nylic,1832,1
nonfatally,1909,494
p,1925,1
name,1929,1
pylba,1983,2799
official,1799,2
o,1826,1
noerr,1832,3
oqeh,1889,1
nybd,1957,1589
ocean,1472,10
n,1837,1
nehludof,1902,684
project,1811,1
p,1839,1
p,1826,1
p,1909,1
official,1828,2
project,1743,1
official,1795,3
paturzo,1820,11
o,1822,1
one,1475,3
moteczoma,1964,1090
name,2001,2
murkowski,1789,2647
n,1989,1
n,1836,1
mudgee,1800,1
p,1958,1
no,1832,1
p,1787,1
n,1804,1
mysql,2002,1
p,1816,1
p,1827,1
mukhlesuzzaman,1965,2760
n,1863,1
op,1901,1
no,1900,1
o,1835,1
name,1845,1
of,1860,1
p,1899,1
o,1907,1
name,1716,1
p,1832,1
of,1985,5
p,1815,1
p,1830,1
n,1916,1
n,1842,2
name,2001,3
p,1819,1
prussion,1960,540
page,1900,3
one,1470,1
norderud,1878,1142
of,1912,1
monroney,1939,2
n,1891,1
n,1807,1
op,1989,1
o,1820,1
no,1844,1
o,1990,2
o,1871,1
n,1995,2
puresheetmusic,2014,3
op,2014,28
of,1864,1
page,1816,1
project,1934,1
o,1865,1
page,1962,3
no,1809,1
n,1888,1
n,1880,1
o,1891,2
o,1911,1
plebiscite,1872,3
olimani,1960,929
norrer,1826,1
p,1984,1
oskit,1997,502
p,1715,1
moynihan,1832,4
of,1858,1
p,1859,1
o,1824,1
n,1682,1
official,1825,1
northmour,1880,2088
p,1723,1
no,1947,1
official,1854,1
plutonium,1951,1
morontia,1902,2
name,1965,1
no,1901,1
mudgee,1800,4
p,1908,1
of,1472,1
name,1653,1
name,1966,2
myatlyuk,1940,553
op,1814,1
one,2013,1
obama,1789,817
o,1909,1
orgunje,1834,778
nscid,1945,446
one,2014,46
page,1941,1
p,1859,1
o,1839,1
p,1821,1
olelbis,1898,1166
name,1965,1
peckaby,1862,1193
o,1803,1
name,1964,1
no,1928,1
n,1850,1
no,1985,1
p,1814,1
op,1624,1
mysql,1977,4
of,1518,1
olfan,1894,896
n,1601,3
newshawks,1923,78
nyeshangte,1996,685
name,2001,3
n,1885,1
p,1985,2
oledbconnection,2002,25
name,1985,4
name,1915,1
permit,1851,1
p,1815,1
p,1792,1
page,1793,14
n,1958,1
name,1756,1
mod,1986,2
project,1909,1
noerr,1832,1
o,1860,1
plebiscite,1871,1
offdean,1894,622
official,1820,1
p,1946,1
p,1860,1
o,1815,1
no,1985,2
of,1810,1
opeku,1902,682
o,1859,1
mysql,2008,5
pianoforte,1700,1
plebiscite,1870,1
o,1843,1
project,1971,1
of,1808,1
plutonium,1961,2
nepeese,1917,1061
nemtsy,1914,1352
peepgass,1998,908
puresheetmusic,2014,3
official,1871,1
name,1998,1
o,1816,1
o,1811,1
patrolmen,1501,14
n,1875,1
p,1801,1
nyngan,1800,510
permit,1757,1
p,1832,1
name,1997,1
o,1751,1
paralegal,1789,11
o,1862,1
n,1861,1
page,1900,3
p,1651,1
o,1841,1
permit,1861,6
nelvil,1809,1
n,1882,1
page,2001,6
o,1824,1
no,1816,2
p,1862,1
openmi,2004,540
name,1990,2
nabokov,1925,1
op,2002,41
no,1874,1
p,1830,1
oracleparameter,2003,571
op,1978,6
name,1972,1
o,1856,2
p,1822,2
p,1621,1
ngarachu,1974,1005
page,1895,1
nascot,2004,582
n,1808,2
p,1868,1
n,1822,1
name,1879,1
n,1859,1
n,1849,1
monfriez,1996,692
p,1875,1
n,1891,1
n,1832,1
o,1849,1
orberosia,1909,39
n,1865,1
p,1891,1
n,1884,1
montreithe,1814,537
ocean,1805,1
pentetrazole,1958,1
p,1816,1
o,1817,1
p,1742,1
one,1832,3
ocean,1863,1
page,1900,3
mysql,2000,1
o,1855,1
of,1701,1
o,1867,1
of,1472,1
page,1477,2
o,1794,1
page,2005,8
o,1775,1
name,1998,1
p,1830,1
no,1997,2
p,1834,1
o,1870,1
p,1824,1
mordreth,1864,1001
p,1885,1
n,1869,1
page,2001,1
no,1475,1
o,1475,1
preregulatory,1979,871
op,1523,1
of,1472,1
peckaby,1862,1207
no,1873,3
montreithe,1814,542
p,1904,1
name,1990,1
p,1986,3
o,1868,1
o,1817,1
of,1912,1
o,1828,1
no,1939,1
o,1984,2
project,1841,1
o,1793,1
o,1832,1
project,1870,1
n,1819,1
ncsw,1886,6
moynihan,1899,1
o,1848,1
n,1989,1
o,1844,1
o,1475,32
permit,1817,1
p,1820,1
nazileh,1911,393
official,1499,617
o,1840,1
p,1871,2
of,1828,1
pennsalt,1832,3
nelvil,1807,9
op,1756,1
p,1907,1
ormersfield,1857,2513
name,1990,1
name,2000,2
ocean,1863,1
p,1901,1
nascot,1886,2
one,1478,3
n,1836,1
mysql,1987,1
page,1978,19
n,1754,1
o,1834,1
nabucet,1936,671
p,1865,1
p,1886,1
ocean,1842,1
name,1834,1
n,1859,2
nativemenuitem,2008,850
o,1910,1
p,1862,1
name,1650,1
p,1822,1
occludent,1851,106
name,1500,3
of,1800,1
monzar,1819,1044
official,1823,1
otamar,1915,499
ocean,1881,1
permit,1806,1
noerr,1832,1
p,1814,1
of,1798,1
p,1855,1
op,1912,1
o,1822,1
n,1834,1
n,1991,20
n,1727,1
n,1814,1
n,1863,1
mowledy,1873,1792
plutonium,1946,6
n,1885,1
p,1932,1
p,2003,5
n,1881,3
o,1877,2
project,1909,1
no,1869,1
mysql,1990,1
popsci,1968,3140
noerr,1971,1
olyenin,1888,1443
o,1914,1
o,1986,1
p,1743,1
page,1799,2
project,1996,1
plutonium,1955,2
official,1809,2
n,1682,1
pianoforte,1832,1
n,1924,8
name,1883,1
oledbconnection,2001,5
o,1824,1
no,1997,1
multiball,1879,34
n,1893,1
progrannes,1965,902
no,1500,1
o,1988,4
openmi,2004,572
obama,1696,1
nusap,2003,672
p,1844,1
n,1920,4
official,1810,2
n,1991,7
official,1809,1
p,1766,1
page,1999,14
no,1999,12
n,1823,1
no,1811,1
monroney,1789,625
project,1894,1
p,1651,1
o,1839,1
n,1831,1
panghooloo,1815,2
norrer,1965,567
pylba,1983,2799
ncsw,1886,588
name,1996,2
n,1878,1
nagsilabas,2017,7
o,1824,1
page,1995,3
mysql,1899,3
polling,1814,1
name,1971,1
o,1984,1
no,1997,6
one,1725,1
plutonium,1955,2
p,1809,1
page,1880,1
pateroff,1866,1022
pennsalt,1945,2
nangadto,2018,115
n,1472,1
modelpur,1972,718
p,1870,1
n,1853,1
o,1832,1
moynihan,1529,4
permit,1901,1
p,1866,1
p,1851,1
plutonium,1950,1
n,1856,3
oxfendazole,1950,224
nascot,1801,2
n,1876,1
no,1997,1
n,1853,1
name,1850,1
page,2001,18
p,1808,1
monroney,1939,12
n,1834,1
page,1789,1
pantalei,1877,603
page,1900,3
no,1786,1
n,1861,1
n,1994,15
ncsw,1886,628
passand,1724,1
project,1810,1
one,1983,199
page,1995,1
n,1810,1
n,1890,1
n,1858,1
no,1941,4
name,1905,1
no,1472,84
patrasche,1872,1
o,1839,1
muzzlehatch,1959,539
monroney,1789,1
preemergence,1901,1
p,1790,1
ncsw,1917,1
p,1949,2
p,1815,1
o,1872,1
of,1977,6
o,1874,1
obama,1789,817
o,1857,1
p,1766,1
no,1973,43
n,1804,1
p,1908,1
opeku,1902,682
op,1472,2
name,1879,1
of,1753,1
n,1885,1
name,1985,2
p,1796,1
overshute,1876,563
mod,1688,1
p,1867,1
p,1837,1
nylic,1832,9
ocean,1762,1
n,1850,1
p,1873,1
official,1848,2
moesg,1808,2
o,1840,1
no,1779,1
p,1862,1
n,1816,1
ocean,1690,1
no,1834,1
p,1949,2
no,1999,1
no,1815,1
p,1832,1
n,1884,1
of,1812,1
name,1997,1
p,1815,2
ocean,1796,1
oledbconnection,2001,777
name,1716,1
n,1873,1
neameh,1840,32
nativemenuitem,2008,858
n,1823,1
one,1851,1
newsrxjournalists,2013,82
page,1852,1
nswpd,1965,576
plutonium,1957,1
p,1870,1
name,1997,1
o,1827,1
oledbconnection,2001,18
page,1900,3
p,1836,2
p,1792,1
p,1808,1
p,1815,1
no,1854,1
n,1881,1
orgonotic,1942,6
name,1478,2
pianoforte,1595,4
pcnot,1972,1
n,1826,1
official,1700,1
p,1860,1
official,1891,1
perithecium,1849,1
o,1836,1
p,1719,1
p,1843,1
o,1581,1
p,1903,1
o,1834,1
name,1995,5
ontwr,1914,948
o,1985,3
n,1889,1
n,1991,7
page,1995,8
page,1995,20
plasterboard,1832,51
of,1889,1
p,1901,1
pianoforte,1832,1
o,1756,1
p,1827,1
oulita,1796,1
name,1998,1
name,1721,1
o,1834,2
o,1826,1
n,1878,1
name,1995,1
p,1893,1
p,1824,1
p,1907,1
official,1799,1
page,2005,1
p,1824,1
mysql,1987,1
pianoforte,1825,1
n,1807,1
ocean,1748,1
page,1475,15
pggjdf,2004,815
n,1889,1
n,1823,1
murkowski,1983,2
n,1873,1
page,1995,12
page,2004,1
p,1986,1
official,1848,1
pianoforte,1827,1
p,1830,1
nyngan,1800,19
p,1820,1
page,1788,1
o,1846,1
p,1815,1
project,1942,1
o,1848,2
moynihan,1832,4
plutonium,1957,1
n,1853,1
n,1843,1
no,2004,5
project,1737,1
multiball,1879,3
page,1962,1
mod,1481,2
n,1850,1
musadieu,1903,813
plutonium,1961,2
o,1990,1
no,1966,2
n,1832,1
o,1840,1
o,1910,1
mysql,2002,3
ntsomi,1947,5
p,1930,1
parrifer,1868,553
panikovsky,1932,965
otternes,1893,758
n,1788,1
n,1853,1
p,2007,1
project,1477,14
p,1743,1
o,1821,1
one,1872,1
o,1810,1
p,1837,1
p,1826,1
o,1907,1
n,1891,1
photoplays,1832,7
publictran,1972,1512
moynihan,1896,1
mod,1795,1
mopac,1821,1
oserr,1985,522
name,1730,1
op,2002,27
pcnot,1972,1
n,1863,1
no,1989,1
no,1982,2
name,1863,1
of,1985,7
n,1847,1
outougamiz,1827,1483
op,1801,1
n,1993,2
of,1472,90
negl,1864,1
o,1894,1
p,1834,1
nabokov,1810,1146
noerr,1971,1
o,1807,1
one,1818,1
o,1887,1
navaiy,1964,510
paronsina,1868,608
name,1998,1
nethlds,1943,688
n,1798,1
one,1840,1
p,1831,1
n,1939,1
mysql,1900,10
o,1809,1
nanahboozhoo,1903,1084
olyenin,1888,1539
mthuka,1999,521
n,1840,1
nutrilite,1832,6
name,1965,1
n,1601,3
n,1795,1
p,1834,1
o,1833,1
p,1956,2
op,1821,1
o,1862,1
o,1815,1
n,1902,1
p,1931,1
o,1776,1
o,1874,1
official,1830,1
nuunamiut,1953,1
official,1879,1
n,1611,1
op,2002,37
n,1863,1
n,1887,1
page,2002,19
n,1848,1
ohmed,1844,1915
o,1832,1
mukhlesuzzaman,1965,2760
name,1997,1
o,1717,1
n,1816,1
progranne,1965,870
of,1839,1
of,1977,8
name,1861,1
name,1995,4
northmour,1880,15
murkowski,1985,2
pannenbecker,1947,675
p,1825,2
of,1472,1
monkshaugh,1827,1718
page,1979,4
p,1830,1
p,1894,1
no,1472,5
openafs,2002,871
o,1989,1
offdean,1894,637
name,1896,1
ocean,2016,940
one,1732,2
o,1823,1
page,2001,6
p,1765,1
page,1999,9
p,1846,1
p,1795,1
o,1817,1
n,1868,1
no,1523,1
n,1834,1
oledbconnection,1999,1
o,1839,1
no,1939,1
p,1819,1
p,1816,1
page,1608,1
n,1852,1
n,1594,1
project,1951,1
pontmercy,1862,1
o,1890,1
op,1501,1
no,1985,2
o,1852,1
no,1999,11
o,1781,1
n,1798,1
plutonium,1951,1
no,1996,2
name,2001,2
op,1654,1
no,1990,3
n,1855,1
name,1970,9
no,1999,1
oxfendazole,1976,7
page,1788,1
page,1900,8
o,1909,1
ortenegg,1888,3905
n,1818,1
o,1903,1
popsci,1968,3132
pendlex,1990,3887
p,1765,1
official,1854,1
pobsp,1951,590
p,2003,5
o,1860,1
p,1986,4
nemtsy,1914,1361
project,1811,3
nangadto,2018,115
nethlds,1950,1
p,1957,3
official,1599,1
name,1992,1
p,1894,1
ocean,1751,1
project,1811,4
p,1986,1
moleskine,1870,981
name,1990,2
n,1893,1
nswpd,1965,576
no,1941,4
permit,1500,5
o,1855,1
n,1823,1
pstv,1869,5
p,2007,1
o,1887,1
p,1986,3
n,1791,1
no,1874,1
n,1806,1
pccim,1990,879
p,1915,1
p,1891,1
page,1647,1
monroney,1909,3
pcnot,1799,1
p,1985,6
platonov,1891,1
official,1892,1
p,1865,1
p,1811,1
o,1758,1
muheen,1834,882
oledbcommand,2001,590
montefalderon,1847,601
one,1607,1
oserr,1985,521
no,1907,1
one,1480,1
n,1807,1
patrolmen,1501,14
o,1862,1
namenda,2004,641
n,1863,1
name,1997,1
ocean,1864,2
of,1870,1
of,1825,1
n,1886,1
p,1986,1
p,1894,1
of,1662,1
p,1977,4
p,1985,2
page,1885,1
name,1862,2
p,1817,1
p,1931,1
n,1611,1
n,1804,1
no,1816,1
patrolmen,1881,1
pmha,1860,1
ocean,1642,2
o,1775,1
one,1607,1
pmha,1860,1
p,1897,1
murkowski,1919,1
op,1952,1
patrasche,1872,1
no,1472,1
no,1842,1
p,1866,1
n,1894,1
o,1820,1
page,1966,2
nycivproc,1914,480
official,1820,1
name,1986,1
p,1599,1
o,1715,1
progranne,1968,1
namenda,2004,641
n,1839,1
ossineke,1832,712
obama,1997,16
no,1855,1
no,1947,1
peithetaerus,1874,667
no,1844,1
n,2004,1
nylic,1832,562
o,1856,2
no,1811,1
n,1939,1
negl,1827,1
name,1964,1
no,1869,1
p,1871,2
one,1806,1
op,1500,1
page,1877,1
permit,1861,6
oulita,1858,557
project,1971,5
norvegjeze,2018,2039
monotouch,2010,1118
p,1834,1
no,1992,1
o,1985,1
p,1814,1
negl,1870,2
page,1793,14
name,1997,1
official,1858,2
northmour,1880,17
op,1711,1
p,1819,1
o,1816,1
o,1910,1
project,1942,1
name,1917,1
negl,1679,1
nabokov,1941,1
name,1909,1
nsurlconnection,2009,520
n,1806,1
p,1906,1
official,1825,1
page,2004,24
n,1859,2
no,1997,1
p,1831,1
no,1937,1
name,1929,1
p,1851,1
p,1864,1
n,1475,5
p,1843,1
page,1880,1
n,1839,1
no,1991,1
page,1476,5
moleskine,1870,981
name,1500,3
o,1867,1
official,1793,1
obama,2005,1
nabokov,1962,1
sample,1905,1
resources,1751,1
r,1673,1
section,1928,2
redevelopment,1947,1
show,1796,1
s,1841,1
r,1857,1
r,1852,1
start,1856,1
s,1790,1
s,1790,1
progranne,1928,1
pentrediwaith,1957,865
second,1644,1
seblvd,1995,1196
r,1804,1
s,1990,4
s,1810,1
r,1918,1
renter,1747,7
state,1846,1
r,1841,1
s,1854,1
pneumanee,1814,673
rollcall,1789,6
start,2010,12
revelwood,1954,1195
r,1909,1
rosuvastabn,2004,110
pennsalt,1832,4
r,1853,1
sinsheimer,1832,20
shenzhen,1900,889
perseopods,1888,675
s,1900,1
s,1989,2
s,1891,1
s,1828,1
sample,1825,1
redevelopment,1915,1
s,1475,2
set,1965,1
sarbanes,1938,1
section,1934,1
r,1863,1
show,1800,1
resources,1637,1
scileppi,1832,21
renter,1741,1
s,1801,1
r,1861,1
s,1805,1
popsci,1952,4
s,1856,1
r,1906,1
romemites,1971,852
salanda,1855,4
shappirio,1832,1
pindstofte,1819,737
state,1929,3
subwoofers,1954,24
quienyin,2007,570
project,1916,1
section,1729,1
streckewald,1879,1
rmsa,1869,9
s,1955,1
s,1990,3
resources,1887,1
r,1994,2
see,1982,39
sql,2001,1
perithecium,1783,265
s,1811,1
s,1818,1
poray,1807,230
remarketing,1800,1
ravensbane,1905,3
section,1870,1
podkhalyuzin,1917,1633
pompides,1807,610
set,1980,15
s,1824,1
reauthorize,1978,1
r,2013,6
show,1985,1
plotke,1808,612
set,1980,5
section,1832,1
s,1986,3
start,1960,2
schumer,1789,3176
resources,1956,1
smartalk,1941,7
s,1867,1
subdepartment,1874,2
sql,2002,4
ramadosh,2010,692
project,1906,1
r,1836,2
roundtripairfare,1981,5
propodeum,1865,78
second,1845,1
productsli,1923,1
preplogic,2002,863
pelizzioni,1865,528
r,1826,1
quedy,1831,327
raesser,1879,1290
raesser,1879,1290
sharshulle,1900,89
rmsa,1835,1
rwema,1962,1
s,1814,1
recovered,1796,1
spie,1822,1
s,1976,1
s,1832,1
rompres,1990,1100
sql,1994,235
pianoforte,1825,1
s,1834,1
r,1846,1
sql,2002,10
resources,1855,2
resources,1907,1
project,1805,1
resources,1938,1
s,1808,1
r,1874,1
s,1825,1
project,1706,1
s,1870,1
remarketing,1937,1
second,1816,1
r,1923,2
start,1501,1
s,1874,1
s,1838,1
s,1856,1
second,1845,1
s,1864,1
pikpoyntz,1911,988
reaction,1878,1
resources,1939,1
r,1893,2
resources,1922,1
sample,1905,1
s,1975,2
state,1978,2
section,1865,1
sssr,1957,1
r,1845,1
r,1876,1
sp,1837,1
sql,2002,82
specification,1542,14
project,1852,1
politikus,1867,1
s,1900,1
second,1688,1
sampled,1826,2
second,1810,1
state,1847,1
project,1472,112
sql,1994,23
r,1914,1
start,1857,1
resources,1979,1
quienyin,2007,565
s,1870,1
quiraina,1935,847
r,1900,1
s,1838,1
sql,1992,1
resources,1995,1
second,1613,3
s,1942,7
s,1830,1
set,1990,2
s,1812,1
sample,1940,3
s,1818,1
section,1721,1
restud,1925,1597
s,1985,1
s,1880,1
r,1893,1
r,1884,1
r,1508,1
rovsing,1894,1
redevelopment,1951,1
recovered,1851,1
resources,1911,1
project,1790,1
s,1816,1
resources,1863,3
shenzhen,1982,1
s,1813,1
set,1999,3
reaction,1833,1
recovered,1906,1
ringhurst,1873,495
r,1707,1
see,1605,1
sql,1994,20
resources,1827,4
r,1875,1
project,1936,1
sarbanes,1789,1102
sizes,1811,1
purpureocobalt,1848,144
romfrey,1875,35
r,1904,1
resources,1870,1
state,1803,1
sarbanes,1986,1
solution,1999,3
solution,1974,1
sql,1994,33
r,1806,1
s,1879,1
s,1984,1
s,2012,25
rosuvastabn,2004,110
rollcall,1908,1
s,1853,1
sample,1869,1
s,1817,1
project,1900,1
resources,1911,1
second,1621,1
s,1810,1
s,1853,1
start,1976,4
resources,1472,243
sql,2000,3
solution,1831,1
s,1814,1
sql,1997,3
second,1815,1
r,1888,1
resources,1871,1
s,1831,1
project,1953,1
sp,1715,1
s,1808,1
r,1868,1
s,1987,4
pinchbold,1862,1187
s,1986,4
s,1813,1
r,1904,1
section,1848,1
r,1475,66
reargument,1832,187
roesselle,1870,543
pubconexam,1946,1279
regentis,1790,1
s,1813,1
resources,1869,1
roxmouth,1904,1553
project,1908,1
quadroped,1987,1292
residue,1828,2
permit,1472,20
rmsa,1835,1
s,1868,1
redevelopment,1817,1
s,1837,1
s,1811,1
solution,1703,1
section,1903,1
s,1472,29
r,1820,1
second,1801,1
s,1862,1
robsiox,1920,1150
spuis,1902,1
section,1928,2
sarbanes,1993,5
propodeum,1865,78
section,1715,1
project,1790,1
photoplays,1832,386
shall,1754,1
specification,1815,1
residue,1499,1
s,1472,3
roundtripairfare,1978,763
state,1846,1
sample,1859,1
r,1825,1
s,1832,1
porgh,1725,74
r,1916,1
spdrs,1856,1
pumpelhagen,1871,778
recovered,1832,1
reaction,1803,2
r,1815,1
polling,1553,2
sql,2005,7
reauthorize,1789,1
project,1665,1
s,1838,1
s,1986,3
section,1880,1
s,1856,3
rudykoff,1832,1266
r,1950,1
section,1475,12
s,1814,1
s,1884,1
resources,1824,1
roseocobalt,1848,80
redevelopment,1501,27
s,1733,1
s,1815,2
snowe,1888,1
revelwood,1954,1199
popsci,1952,4
s,1904,2
s,1858,1
set,1983,25
project,1953,1
perseopods,1888,687
sinsheimer,1878,1
s,1863,2
s,1899,1
resources,1869,1
salanda,1855,4
s,1944,2
s,1860,1
sql,2000,5
project,1966,1
plutonium,1760,1
s,1802,1
solness,1892,1
s,1820,1
sql,2002,22
sizes,1869,2
pianoforte,1728,3
s,1862,1
s,1978,2
rollcall,1896,1
pinchbold,1862,1185
r,1835,1
s,1809,1
set,1983,25
s,1845,1
rodellec,1883,770
syncall,1980,1335
ravensbane,1908,942
section,1853,1
s,1806,1
referativnyy,1959,1538
s,1910,1
section,1755,2
s,1839,1
r,1875,1
resources,1824,1
resources,1823,1
roesselle,1870,543
set,1990,2
r,1914,1
r,1984,1
reasono,1835,589
sigafus,1832,28
section,1853,1
r,1832,2
purposecode,2001,1216
set,1639,1
r,1804,1
r,1851,1
state,1780,1
reargument,1832,182
project,2013,60
s,1844,1
s,1867,1
resources,1814,2
penslnve,1991,55
rollcall,1834,2
s,1711,1
s,1855,1
rumlong,1971,581
s,1885,1
r,1845,1
sql,2001,4
slochower,1832,2
sql,1994,43
project,1914,1
second,1833,1
s,1971,1
petticate,1960,3179
rhialto,1950,768
sppred,2003,532
second,1684,2
plasterboard,1832,4
s,1810,1
specification,1853,1
reaction,1885,1
s,1820,1
start,1856,1
s,1472,26
reaction,1868,1
s,1808,1
set,1996,3
r,1797,1
resources,1883,1
snowe,1800,1
state,1938,1
show,1500,3
specification,1921,1
rmsa,1869,9
r,1918,2
s,1893,1
project,2013,56
set,1940,1
resources,1885,5
penellan,1874,5
start,1845,1
rompres,1834,2
sample,1977,1
s,1898,2
pneumanee,1814,677
qrrn,1969,521
progrannes,1863,1
s,1882,1
restitutn,1814,1
sql,1900,1
rollcall,1896,1
redoximorphic,1923,105
project,1908,1
recovered,1815,1
set,1698,1
set,1987,1
pennsalt,1832,981
s,1986,1
r,1750,1
resources,1907,1
start,2010,8
r,1848,1
s,1813,1
s,1985,1
section,1822,1
r,1829,1
rollcall,1789,509
reargument,1879,1
reaction,1475,130
resources,1823,1
s,1719,1
specification,1921,1
restelli,1820,1239
sample,1940,3
state,1581,1
r,1875,1
recovered,1812,1
saugestad,1882,1
sql,1994,8
s,1856,1
phokion,1849,558
s,1854,1
state,1855,1
resources,1838,1
section,1787,1
second,1800,1
sql,1994,27
r,1884,1
spdrs,1941,637
potapych,1917,765
sp,1992,4
sql,1994,23
r,1978,2
rovsing,1887,1
r,1882,1
resources,1938,1
sarbanes,1986,1
pianoforte,1523,1
rhialto,1950,767
reargument,1832,565
rehspubliki,1995,539
s,1856,1
state,1991,5
preplogic,2002,53
start,2002,23
s,1828,1
sql,2000,22
s,1478,1
rhoneland,1843,606
s,1886,1
project,1934,3
s,1761,1
s,1820,1
santorum,1974,1
solution,1844,1
receptual,1888,15
s,1814,1
smlurban,1981,5
redevelopment,1913,1
r,1774,1
sql,1984,4
r,1755,1
s,1733,1
s,1500,5
resources,1892,5
state,1802,3
resources,1910,1
section,1808,1
reaction,1831,1
sporza,1832,1
riccabocca,1840,1
s,1820,1
spie,1623,1
solution,1842,1
s,1833,1
r,1884,1
specification,1822,1
section,1886,1
resources,1907,1
show,1865,1
r,1828,1
r,1884,1
section,1808,1
resources,1834,1
recovered,1825,1
s,1794,1
perithecium,1783,262
sql,1995,1
sql,2005,1
set,1523,1
sinsheimer,1832,20
renter,1855,1
quiraina,1935,847
solution,1844,1
sql,1990,2
reaction,1824,1
reasonfor,1991,500
start,2010,9
resources,1850,1
r,1856,1
s,1809,1
start,1829,1
r,1828,1
sql,2001,1
s,1865,1
rubashov,1941,543
show,1500,1
s,1781,1
start,2010,23
section,1475,12
solution,1840,1
s,1868,1
recovered,1501,1
preemergence,1684,206
section,1838,1
resources,1909,5
schumer,1969,1
sql,1994,29
section,1853,1
set,1818,1
second,1553,1
resources,1472,1
redemonde,1921,712
raingold,1893,79
r,1829,1
sample,1877,1
s,1819,1
sizes,1864,1
sql,1994,16
quartersfirst,1919,1403
s,1985,1
renter,1983,1226
residue,1714,1
suddenlink,2005,6
section,1853,1
specification,1825,2
show,1846,1
show,1866,1
r,1852,1
r,1829,1
project,1811,1
slatinshek,1959,10
rumlong,1971,594
sssr,1839,1
pierslynn,1882,577
quietjet,1986,390
quartersfirst,1919,1420
project,1854,1
prussion,1763,1
specification,1800,1
sql,1994,25
s,1908,1
rhabdosomes,1895,14
section,1829,1
poray,1807,258
sql,1999,1
project,1934,1
second,1739,1
s,1848,1
sample,1923,1
resources,1885,5
r,1832,2
resources,1968,1
permit,1845,1
s,1814,1
r,2005,1
preplogic,1900,2
recommissioned,1832,2
s,1869,1
plasterboard,1832,721
s,1908,1
state,1816,1
plebiscite,1478,3
state,1849,3
second,2004,1
snowe,1888,1
recmnded,1975,814
second,1852,1
section,1858,3
pelumpton,1930,558
permit,1826,1
project,2013,60
resources,1875,1
s,1812,1
s,1905,1
s,1904,2
shaunia,2004,562
subface,1775,1
resources,1847,2
set,1981,2
s,1888,1
quietjet,1986,391
project,1887,1
perkonian,1960,748
s,1985,1
section,1834,1
sicts,1872,1
project,1880,1
section,1797,1
r,1682,1
sql,2000,4
state,1480,1
state,1802,3
stabenow,1789,2031
preplant,1684,118
riccabocca,1848,1
pmha,1945,54
s,1831,1
solution,2000,1
project,1906,1
sql,1994,237
reaction,1819,1
s,1856,1
s,1848,1
raesser,1879,8
show,1855,1
r,1863,1
s,1854,1
qrrn,1969,526
sql,1994,35
reaction,1853,1
s,1846,1
section,1944,1
resources,1830,1
sql,1994,43
redevelopment,1943,3
pidku,1965,542
residue,1500,356
plebiscite,1478,317
pmha,1945,3230
rollcall,1958,2
r,1829,1
s,1821,1
ratestimes,1924,721
s,1805,1
resources,1909,5
r,1836,2
section,1837,1
s,1986,4
s,1884,1
resources,1897,1
state,1978,13
r,1866,1
regentis,1680,1
plutonium,1945,1
s,1818,1
shall,1738,1
s,1823,1
r,1808,1
pianoforte,1728,3
r,1884,1
sql,1808,1
seidlits,1789,1
r,1872,1
s,1832,1
sample,1875,1
spdrs,1941,638
phonny,1850,4940
snowe,1979,2
s,1840,1
s,1817,1
resources,1935,2
riccabocca,1848,1
pmha,1791,1
section,1787,1
riccabocca,1840,1
section,1840,1
project,1665,1
reasonfor,1661,1
permit,1749,1
s,1923,1
petticate,1960,3286
redevelopment,1817,1
sampled,1826,6
ravenpaw,2004,892
r,1852,1
s,1864,1
s,1902,1
polling,1478,1
r,1680,1
start,1857,1
s,1990,2
preplant,1889,1
snowe,1979,2
r,1994,2
sample,1984,3
shaheen,1789,1257
redevelopment,1949,1
pundrapore,1872,1030
r,1680,1
shaheen,1789,1257
pianoforte,1824,3
s,1863,2
section,1815,1
reauthorize,1789,83
s,1838,1
specification,1822,1
subgrantee,1892,36
start,1991,56
polling,1832,1
section,1920,1
sample,1988,5
second,1803,1
r,1829,1
r,1857,1
s,1879,1
remarketing,1937,1
s,1793,1
r,1835,1
poggiolis,1904,561
sql,2001,1
peterkee,1919,47
s,1728,1
r,1874,1
start,1805,1
quietjet,1986,125
sizes,1820,1
reporteolt,1988,1006
preemergence,1930,1
r,1873,1
rollcall,1896,1
pianoforte,1523,1
ravensbane,1908,1286
scholarlyeditionstm,2012,16716
solution,1844,1
start,1848,1
section,1828,1
s,1986,7
s,1835,1
solution,1809,1
ramsgas,1987,769
s,1985,1
recovered,1817,2
s,1688,1
sample,1877,1
sql,1999,2
seblvd,1995,1196
romaschoff,1907,752
s,1918,2
restelli,1820,1240
rowoldt,1832,544
pultuney,1844,516
s,1843,1
s,1735,1
sizes,1806,1
recovered,1736,1
pompalone,1921,597
resources,1839,3
s,1844,1
s,1911,1
r,1880,1
r,1792,1
reargument,1832,4
s,1814,1
second,1684,2
ramicauls,1973,621
recindos,1807,575
resources,1904,1
s,1692,1
sql,1806,1
second,1823,1
rubashov,1832,1
project,1491,1
s,1803,1
reaction,1824,1
s,1800,1
r,1851,1
resources,1976,1
rossiyska,1991,658
shall,1662,3
sql,1853,1
project,1852,1
sql,1994,39
project,1801,1
see,1616,1
s,1861,1
section,1829,1
sql,1993,1
r,1881,1
rubashov,1941,543
s,1500,1
r,1889,1
start,2003,1
section,1803,8
s,1877,1
solution,1901,1
rompres,1973,2
section,1501,1
section,1820,1
specification,1833,1
resources,1789,1
rosscraig,1875,1
rubiacin,1841,1
r,1827,1
section,1920,1
shiboob,1819,9
sql,1988,1
resources,1814,2
sql,2000,2
state,1991,5
s,1922,1
r,1859,1
second,1477,3
romaschoff,1907,749
s,1878,1
r,1872,1
start,1991,1
sizes,1811,1
resources,1914,1
s,1733,1
r,1843,1
ravensbird,1863,540
restelli,1820,1
recovered,1832,1
s,1759,1
r,1835,1
shall,1799,1
r,1835,1
show,1996,10
s,1868,1
s,1889,1
puddleham,1869,570
qemara,1935,648
s,1835,1
permabks,1949,504
sphygmoscope,1856,15
section,1798,2
r,1893,1
subprogramme,1947,1786
r,1852,1
sp,1869,1
redevelopment,1945,1
recovered,1906,1
project,1501,2
resources,1897,1
primpenny,1861,605
s,1911,2
project,1480,2
shall,1738,1
section,1803,8
s,1899,1
s,1818,2
permit,1803,1
romemites,1971,852
s,1808,1
s,1761,1
s,1834,1
resources,1905,4
r,1812,1
quickwin,1991,531
recovered,1813,1
specification,1899,2
s,1915,1
penslnve,1991,837
sssr,1815,1
reasonfor,1710,1
set,1981,3
plebiscite,1561,1
reaction,1831,2
s,1885,1
recovered,1825,1
reidmar,1829,617
s,1745,1
plasterboard,1936,2
shenzhen,1900,889
resources,1865,1
redevelopment,1915,1
s,1856,1
resources,1472,1
project,1706,1
poray,1807,488
ruthmayr,1961,713
sql,1994,20
s,1832,1
s,1850,1
reporteolt,1988,1063
streckewald,1879,1
s,1831,1
rompres,1973,2
reaction,1829,1
resources,1868,1
section,1941,1
s,1800,1
preemergence,1684,206
plebiscite,1877,1
s,1986,2
pronyakin,1963,594
recovered,1721,1
pompalone,1921,597
shappirio,1832,1
plutonium,1945,1
sununu,1789,526
project,1989,1
r,1725,1
r,1925,1
state,1830,1
project,1880,1
stebnicka,1956,510
shall,1500,7
remarketing,1881,515
pubconadmr,1946,1463
sppred,2003,578
second,1671,3
qisseh,1929,551
s,1894,1
renter,1806,1
state,1472,113
state,1960,1
start,1999,16
set,1986,2
reaction,1853,1
r,1883,1
s,1837,1
section,1947,1
s,1723,1
set,1998,18
state,1848,1
start,2010,8
sql,2001,1
recovered,1501,1
s,1829,1
solution,1866,1
s,1806,1
sample,1960,1
project,1863,1
r,1906,1
s,1884,1
r,1794,1
perithecium,1783,3
resources,1979,1
set,1818,1
s,1846,1
r,1793,1
s,1825,1
phonny,1850,4940
rosalviva,1824,655
s,1825,1
s,1816,1
roundtripair,1978,2078
s,1806,1
r,1831,3
section,1840,5
resources,1871,1
r,1841,1
renter,1712,1
s,1497,1
streissguth,1889,1
s,1950,1
penellan,1874,525
s,1815,2
rabenmark,1839,583
subprogramme,1947,1812
pindstofte,1819,734
s,1815,1
spdrs,1856,1
permit,1831,1
reaction,1885,1
s,1822,1
renter,1929,1
s,1815,1
solution,1842,1
r,1925,1
rovsing,1860,1
start,2010,12
section,1798,1
r,1888,1
sql,1984,4
section,1715,1
s,1849,1
sample,1977,1
state,1972,1
sencland,1970,532
r,1500,1
protectier,2010,1088
s,1858,1
recommissioned,1778,919
sampled,1880,3
schumer,1991,1
reaction,1824,2
sunlocks,1890,51
r,2013,6
resources,1883,1
r,1908,1
r,1911,1
slcfs,1978,1
section,1753,1
s,1869,1
pmha,1945,3175
reaction,1833,1
recovered,1701,1
r,1870,2
synapomorphy,1969,916
s,1857,3
resources,1758,1
s,1975,2
quadrifids,1829,1
s,1885,1
redevelopment,1480,1
realchip,1984,482
project,1804,1
s,1822,1
plummie,1843,530
s,1828,1
s,1798,1
plutonium,1817,1
redevelopment,1913,1
resources,1838,1
recommissioned,1915,1
qemara,1695,1
rexelaer,1893,2500
r,1750,2
s,1854,1
resources,1985,1
s,1993,9
resources,1869,1
s,1818,1
pelizzioni,1865,528
quedy,1831,327
resources,1899,1
s,1942,7
suddenlink,2005,6
sql,1928,1
preemergence,1930,1
rovsing,1860,648
recovered,1796,1
start,1842,1
sssr,1475,498
resources,1865,1
riccabocca,1847,4
second,1801,1
resources,1924,1
sql,1997,1
restud,1890,2
r,1812,1
stabenow,1879,6
s,1805,1
robinair,1836,282
potapych,1917,765
remarketing,1800,1
s,1903,1
restitutn,1972,1769
resources,1867,1
section,1846,1
stabenow,1972,3
quedy,1831,292
r,1819,2
reaction,1905,1
sql,1993,2
sample,1885,1
project,1914,1
s,1986,9
project,1805,1
resources,1867,1
s,1957,1
solution,1899,1
r,1871,1
s,1820,1
preregulatory,1971,3
r,1994,2
s,1803,1
s,1919,1
r,1862,1
recommissioned,1778,111
restitutn,1972,482
plasterboard,1832,727
project,1472,112
s,1834,1
subface,1840,1
state,1706,1
s,1861,2
s,1814,1
resources,1922,4
snowe,1789,2229
show,1796,1
rovsing,1887,1
sssr,1701,1
state,1960,1
r,1978,2
set,1980,8
sampled,1885,1
pultuney,1844,516
sencland,1956,1
sample,1986,9
rosscraig,1874,628
r,1860,1
s,1831,1
sehegal,1965,703
s,1987,4
s,1856,1
s,1880,1
qisseh,1929,559
r,1806,1
resources,1808,1
s,1848,1
raesser,1879,8
solution,1896,3
r,1857,1
resources,1907,1
pureshram,1826,950
start,1996,1
sql,2004,5
renter,1600,9
r,1508,1
plebiscite,1478,320
r,1861,1
section,1844,1
permit,1813,1
s,1847,1
reargument,1832,571
redevelopment,1501,5
polling,1864,1
ramsgas,1987,769
s,1895,2
project,1936,1
resources,1847,2
sample,1968,1
sql,1870,1
show,1800,1
rhabdosomes,1895,14
shawkee,1832,26
reaction,1475,19
spie,1899,1
sizes,1796,6
r,1838,1
redevelopment,1501,26
project,1790,1
s,1880,1
section,1852,1
rostov,1475,1
r,1838,1
solution,1901,1
section,1873,1
redevelopment,1942,1
r,1858,1
r,1856,1
reaction,1475,19
rostov,1916,1
start,2010,32
start,2003,1
sql,1993,48
rowoldt,1832,544
s,1808,1
section,1501,1
resources,1586,1
s,1902,1
proginoskes,1972,2
podbipienta,1890,728
state,1897,1
s,1867,1
s,1728,1
section,1853,2
s,1990,3
pomuchelskopp,1871,1518
section,1767,1
sp,1705,2
sample,1986,11
resources,1912,1
romfrey,1875,35
pennsalt,1900,2
pryche,1803,1
sql,1993,1
sample,1968,1
redevelopment,1946,1
r,1774,1
r,1807,1
s,1830,1
project,1934,3
recovered,1812,1
set,1797,1
s,1874,1
recovered,1804,1
resources,1868,1
solution,1866,1
rwema,1962,1
second,1976,2
studdenham,1912,291
roxmouth,1904,1550
resources,1945,1
riccabocca,1840,546
s,1914,2
s,1735,1
sablerie,1868,553
s,1828,1
s,1812,1
r,1978,4
s,1785,1
sosib,1808,9
s,1809,1
redoximorphic,1923,8
r,1852,1
start,1829,1
spuis,1964,670
s,1882,1
sp,1728,1
sql,1994,23
resources,1912,148
s,1831,1
sql,1993,1
s,1895,2
plummie,1843,530
rovsing,1860,647
s,1793,1
sql,1994,29
s,1826,1
s,1805,1
r,1875,1
roundtripairfare,1978,27
s,1832,1
solution,1865,2
permit,1813,1
sql,2001,9
snowe,1789,2229
second,1816,1
s,1800,1
preplogic,2002,809
recindos,1807,575
reaction,1892,1
r,1821,1
s,1803,1
solution,1475,2
polling,1830,1
state,1928,1
redevelopment,1942,1
see,1501,1
s,1846,1
robinair,1836,326
section,1853,2
state,1947,1
s,1892,1
r,1884,1
s,1828,1
s,1857,1
s,1850,1
reaction,1840,1
regentis,1537,4
preplant,1684,275
s,1851,1
ravensbane,1905,3
solution,1999,3
plausaby,1873,1104
sicts,1990,1010
penellan,1874,518
renisenb,1944,653
set,1983,1
restud,1925,1597
sbcsub,2006,2177
s,1700,1
permit,1808,2
s,1885,1
sample,1902,1
platonov,1866,1
phokians,1849,673
resources,1798,1
s,1919,1
rollcall,1789,6
s,1837,1
shall,1726,1
s,1831,1
state,1472,113
section,1875,1
s,1829,1
qemara,1935,648
shiboob,1819,9
second,1817,1
state,1999,1
solution,1996,1
r,1918,1
s,1863,1
s,1993,1
richerden,1879,1663
s,1812,1
s,1846,1
resources,1758,1
s,1833,1
renter,1893,1
residue,1500,356
s,1839,1
second,1976,2
s,1812,1
s,1868,1
s,1820,1
resources,1798,5
second,1767,1
state,1889,1
pianoforte,1700,1
reaction,1475,130
second,1739,1
r,1869,1
proginoskes,1973,1056
r,1475,66
s,1836,1
r,1910,1
s,1824,1
r,1950,1
s,1808,1
scileppi,1832,21
perithecium,1823,3
seqra,1943,596
s,1987,6
sql,1996,1
r,1819,1
section,1828,1
r,1890,1
spielfogel,1832,4
popplecourt,1880,788
s,1981,1
specification,1542,14
s,1905,1
r,1867,1
sizes,1844,1
scholarlyeditionsm,2012,4816
schmittou,1867,1
ravoni,1845,540
set,1500,10
s,1816,1
sudekum,1832,1
show,1985,1
slcfs,1978,1
s,1900,1
raingold,1893,79
rathallan,1829,538
sql,1993,2
plutonium,1825,1
s,1832,1
sencland,1970,542
s,1911,1
project,1863,1
ramadosh,2010,54
section,1750,1
roldk,1986,1458
phokion,1849,6
s,1909,1
r,1911,1
s,1819,1
s,1828,1
set,1983,1
s,1816,1
s,1864,1
s,1981,1
s,1850,1
s,1800,1
remarketing,1941,2
s,1831,1
second,1621,1
reaction,1831,1
popsci,1892,5
s,1891,1
sizes,1841,2
resources,1995,1
s,1880,3
s,1831,1
s,1829,2
restelli,1820,1
roundtripairfare,1978,784
s,1825,1
resources,1922,4
preemergence,1951,2
s,1811,1
r,1489,3
r,2005,1
s,1839,1
ptychomaletoechia,1950,565
s,1856,4
sencland,1954,1
s,1802,1
preregulatory,1979,12
podbipienta,1890,730
recovered,1815,1
section,1852,1
s,1814,1
reasonfor,1884,1
reauthorize,1979,12
state,1964,1
strandflat,1922,46
r,1895,1
robinair,1836,282
s,1814,1
second,1796,1
sql,1991,4
sql,1994,35
puddleham,1869,570
s,1882,1
schumer,1905,1
popplecourt,1880,793
set,1901,1
seidlits,1789,1
specification,1815,1
state,1900,3
pomuchelskopp,1871,1518
section,1967,1
sql,2000,5
resources,1910,2
s,1990,3
second,1794,2
s,1892,2
s,1861,1
section,1832,2
sjrpp,1982,1717
project,1926,1
solness,1892,1007
plutonium,1910,1
sssr,1815,1
recovered,1858,1
reasonfor,1884,1
section,1755,2
sql,2002,22
r,1829,1
reaction,1892,1
sql,1994,19
popsci,1892,5
r,1779,1
ravenhold,1883,757
pseudopulchellia,1935,947
preplant,1889,1
r,1803,1
s,1877,1
pennsalt,1832,959
resources,1586,1
resources,1922,1
sizes,1799,1
s,1808,1
section,1925,2
resources,1839,1
s,1851,1
sencland,1956,1
section,1827,1
recovered,1851,1
shaunia,2004,562
plutonium,1535,120
pentetrazole,1947,45
riccabocca,1840,544
pruang,1848,638
r,1870,2
r,1794,1
s,1876,1
specification,1899,2
s,1881,3
s,1849,1
s,1747,1
second,1832,1
rollcall,1834,2
pundrapore,1872,1054
s,1903,1
set,1965,1
s,1831,1
primpenny,1861,605
s,1849,1
resources,1836,1
snowe,1896,1
second,1777,1
subgrantee,1892,36
project,1979,1
ramadosh,2010,54
second,1824,1
s,1854,1
sql,2001,9
s,1746,1
r,1871,2
rodellec,1883,770
sicts,1990,1010
s,1822,1
resources,1905,4
sql,1717,2
sql,2000,3
solution,1809,1
s,1950,1
quowarr,1972,1158
remarketing,1941,8
r,1859,1
r,1910,1
reaction,1824,1
s,1834,1
project,1501,2
project,1854,1
s,1719,1
rudykoff,1832,1266
resources,1907,1
rozlogi,1890,702
s,1881,1
set,1971,3
r,1953,1
s,1833,1
s,1996,21
s,1986,2
second,1753,1
pubconexam,1946,1280
reaction,1781,1
reasonfor,1991,500
strandflat,1922,46
roundtripairfare,1978,21
s,1813,2
s,1833,1
s,1846,1
show,1501,4
sample,1923,1
ruthmayr,1961,717
quauhtemoctzin,1844,557
start,1987,7
resources,1892,5
pyonex,1907,598
s,1851,1
plotke,1808,612
progrannes,1863,1
raingold,1893,2343
state,1803,1
s,1898,2
set,1639,1
s,1852,1
section,1729,1
pteronarctos,1957,775
s,1893,1
start,2002,23
second,2004,1
s,1987,6
r,1874,1
start,1805,1
r,1738,1
r,1900,1
s,1878,1
see,1616,1
s,1907,1
project,1916,1
sql,2002,26
start,2004,22
second,1806,1
resources,1472,243
s,1882,1
snowe,1845,1
s,1851,1
section,1815,1
s,1854,2
reaction,1831,1
salestx,1972,1296
sql,2002,25
sql,2000,3
sql,1717,2
s,1917,5
schlake,1886,1
r,1860,1
s,1891,1
section,1838,1
resources,1872,1
resources,1924,1
porrata,1832,500
project,1853,1
section,1868,1
r,1888,1
r,1838,1
r,1863,1
s,1804,1
s,1814,1
s,1985,3
r,1819,2
section,1849,1
r,1808,1
section,1991,13
s,1852,1
solution,1812,2
section,1802,1
sehegal,1965,748
r,1808,1
s,1813,2
resources,2012,4
sharshulle,1900,89
pycnum,1902,723
state,1708,1
set,1971,3
roadfill,1923,763
project,1989,1
section,1755,1
resources,1472,50
roadfill,1967,1
rwema,1939,6082
sql,1829,1
state,1978,2
shendy,1819,12
rabenmark,1839,585
sencland,1954,1
r,1867,1
sql,1797,1
preemergence,1888,5
s,1733,1
penslnve,1991,782
s,1814,1
s,2002,5
s,1844,1
renter,1600,9
spie,1900,3935
section,1798,1
spuis,1964,714
s,1984,1
redoximorphic,1923,97
spie,1945,2
recovered,1721,1
state,1855,1
ringhurst,1873,50
sysboot,1984,592
rcerpf,1991,620
set,1980,15
see,1982,35
s,1950,1
see,1481,1
sql,1957,1
spie,1893,1
r,1844,1
s,1990,2
polling,1811,1
residue,1480,5
section,1858,1
r,1915,1
perithecium,1867,1
second,1777,1
s,1814,1
resources,1910,1
s,1856,1
sql,1992,1
solution,1814,1
s,1810,1
pennsalt,1832,17
photoplays,1832,386
solution,1870,1
r,1816,1
rompres,1834,2
sizes,1864,1
start,1996,1
sununu,1789,526
r,1918,2
r,1806,1
sql,1997,1
preplant,1946,2
see,1982,349
r,1827,1
schrimpf,1832,4
sample,1869,1
recovered,1500,713
s,1915,2
qicar,1992,2274
section,1822,1
resources,1899,1
project,1811,2
sql,1988,1
pendlex,1893,1
s,1845,1
ravoni,1845,537
s,1853,1
reaction,1829,1
r,1994,2
sp,1698,1
pryche,1803,1
reaction,1824,1
s,1843,1
sample,1862,1
resources,1976,1
sample,1825,1
s,1802,1
sarbanes,1993,5
rovsing,1894,1
s,1802,1
second,1803,1
r,1810,1
reargument,1832,6
reaction,1878,1
recovered,1864,1
schumer,1789,3176
santorum,1789,1795
s,1881,4
s,1806,1
sssr,1932,1
s,1858,1
renter,1868,1
s,1803,1
shall,1500,7
resources,1852,1
rostanges,1841,1085
sablerie,1868,553
rainscourt,1830,551
second,1477,3
pennsalt,1832,4
pentavalon,1915,782
shenzhen,1971,1
plebiscite,1553,1
second,1785,1
section,1991,16
s,1985,1
rubiacin,1841,1
resources,1798,5
regentis,1817,1
r,1896,1
perissard,1910,536
s,1905,1
start,1764,1
resources,1935,2
r,1859,1
sample,1984,3
s,1854,2
rfpsa,1956,5009
permit,1472,43
section,1750,1
s,1805,1
rzekli,2017,26
s,1841,1
s,1988,1
state,1491,1
sample,1951,1
rtrrm,1964,758
set,1998,18
sql,1797,1
sql,1994,22
section,1858,1
redevelopment,1947,1
r,1884,1
redevelopment,1897,1
solution,1851,2
prussion,1763,1
s,1688,1
state,1948,1
r,1803,1
second,1806,1
s,1924,1
r,1881,1
r,1820,1
redevelopment,1945,1
r,1875,1
resources,1968,1
sample,2004,3
siberell,1874,2
rebersak,1949,539
seqra,1943,595
shappirio,1832,23
resources,1938,1
resources,1869,1
recovered,1736,1
s,1874,1
s,1851,1
s,1811,1
redevelopment,1941,2
resources,1789,1
permit,1813,2
r,1899,1
pyonex,1907,598
r,1494,1
s,1859,1
shall,1799,1
sp,1985,8
r,1857,1
s,1807,1
s,1854,1
roundtripair,1978,2078
solution,1865,2
r,1793,1
s,1762,1
s,1846,1
section,1821,1
s,1843,1
robsiox,1920,1150
progranne,1928,1
streissguth,1832,1
section,1821,1
s,1809,1
sysboot,1984,592
section,1840,5
r,1868,2
section,1828,1
sp,1489,2
residue,1810,4
s,1826,2
recovered,1864,1
pubconadmr,1946,1470
reaction,1831,1
r,1673,1
s,1865,1
second,1814,1
stebnicka,1956,510
s,1825,1
sample,1859,1
s,1881,4
section,1938,1
s,1831,1
photoplays,1913,2
resources,1907,1
raingold,1893,2319
rovsing,1860,2
s,1986,1
redevelopment,1943,1
section,1824,1
shall,1725,1
s,1850,1
r,1743,1
project,1790,1
reaction,1872,1
section,1834,1
set,1994,7
state,1849,3
r,1825,1
recovered,1813,1
riekla,1914,2
realchip,1984,68
s,1852,1
r,1862,1
preplogic,1900,2
second,1832,1
sql,1801,1
solution,1996,1
rollcall,1914,1
r,1839,1
subdepartment,1874,2
rzekli,2017,376
s,2002,5
start,1975,1
residue,1802,1
rostov,1923,1
solution,1870,1
set,1983,52
s,1845,1
state,1818,1
section,1821,1
sample,1904,1
s,1900,1
resources,1876,1
s,1990,4
redevelopment,1949,1
s,1988,1
scnlr,1956,1999
s,1845,1
show,1819,1
resources,1852,1
s,1801,1
rtrrm,1964,772
s,2002,5
permit,1749,1
richerden,1879,115
rowoldt,1832,4
r,1702,1
s,1847,1
r,1816,1
s,1923,1
s,1861,1
sheykh,1759,1
sql,1995,1
resources,1806,1
set,1986,2
quietjet,1973,4
s,1829,2
resources,1872,1
s,1850,1
streissguth,1889,1
resources,1915,1
sssr,1475,498
sql,2000,10
resources,1904,1
phokians,1849,673
s,1834,1
polling,1478,111
reauthorize,1789,1
r,1832,1
start,1976,4
sarbanes,1789,1102
r,1837,1
recovered,1832,1
start,1900,1
rosalviva,1824,655
r,1850,1
reaction,1892,1
r,1977,5
show,1996,10
smlurban,1981,504
s,1986,1
slatinshek,1959,39
s,1917,3
s,1986,7
sssr,1893,2
r,1871,2
s,1996,21
quedy,1831,292
resources,1914,1
reaction,1781,1
start,1991,56
resources,1798,1
slatinshek,1947,535
renter,1983,1226
r,2001,1
s,1841,1
stabenow,1879,6
s,1821,1
s,1971,1
s,1881,2
sphygmoscope,1856,15
r,1854,1
s,1985,3
sample,1960,1
resources,1875,1
s,1771,1
plutonium,1825,1
r,1905,1
see,1481,1
sampled,1826,4
section,1825,1
resources,1945,1
sql,2001,4
sql,2000,21
s,1846,1
sql,1999,1
salestx,1972,1970
s,1692,1
section,1829,1
s,1955,1
renter,1796,1
project,1849,1
s,1831,1
s,1880,3
rzekli,2017,402
r,1826,1
r,2006,4
polling,1877,1
rostov,1903,1
section,1870,1
puresheetmusic,2012,2162
s,1986,3
s,1882,1
see,1982,41
sql,2000,5
s,1730,1
section,1808,1
s,1852,1
spielfogel,1832,4
residue,1499,1
resources,1910,1
s,1745,1
pikpoyntz,1911,988
resources,1876,1
s,1861,1
phokion,1849,564
r,1810,1
redevelopment,1950,1
set,1991,1
s,1834,1
r,1839,1
sql,1900,1
r,1738,1
s,1990,1
ptychomaletoechia,1950,592
sql,2002,4
reaction,1819,1
rosscraig,1874,614
redevelopment,1897,1
recommissioned,1778,806
second,1858,1
sample,1499,587
recmnded,1975,814
resources,1830,1
project,1853,1
resources,1838,1
project,1982,1
reaction,1878,1
pontmercy,1862,606
show,1812,1
r,1779,1
solution,1844,1
pruang,1848,638
s,1843,1
ravensbird,1863,534
sinsheimer,1878,1
r,1889,1
section,1865,1
peterkee,1919,503
second,1649,1
plutonium,1946,2
pollingray,1910,1553
plasterboard,1832,1
s,1843,1
pollingray,1910,1553
r,1829,1
s,1917,3
section,1798,1
second,1840,1
solution,1930,1
ratestimes,1924,721
reasonfor,1661,1
set,1698,1
solution,1851,2
poggiolis,1904,561
rostov,1475,1
r,1750,2
sql,1997,3
s,1986,2
quinnox,1901,576
r,1861,1
politikus,1865,609
s,1769,1
r,1868,2
resources,1834,1
s,1878,1
sample,1875,1
s,1730,1
slochower,1832,3
r,1707,1
reaction,1831,2
s,1950,1
reargument,1917,1
resources,1910,1
romfrey,1874,565
purpureocobalt,1848,144
rollcall,1945,1
redevelopment,1945,1
rostov,1904,850
r,1750,1
reaction,1879,1
r,1755,1
r,1818,1
s,1765,1
state,1794,1
recommissioned,1778,2
s,1497,1
redevelopment,1951,1
renter,1741,1
pelesu,1898,526
s,1849,1
r,1835,1
s,1854,1
sp,1729,2
r,1850,1
redevelopment,1943,1
razmiotnov,1935,702
set,1980,5
pmha,1791,1
rcerpf,1991,621
section,1853,1
spie,1969,1
r,1896,1
show,1523,1
set,1500,10
s,1986,2
ravenpaw,2004,882
spie,1897,1
state,1900,3
rubashov,1832,1
receptual,1888,24
resources,1914,1
sql,2005,1
start,2004,22
resources,1827,4
pelumpton,1930,558
sniadach,1832,7
s,1986,1
s,1889,1
rostov,1851,1
r,1797,1
puddlebox,1914,2677
s,1894,1
rtdm,1935,728
s,1833,1
r,2006,4
resources,1816,1
sbcsub,2006,2177
s,1950,1
s,1800,1
show,1555,1
s,1864,1
project,1963,1
r,1853,1
r,1858,1
s,1796,2
sizes,1806,1
s,1877,1
rehspubliki,1995,539
r,1855,1
rosuvastatm,2004,91
section,1886,1
s,1922,1
s,1825,1
s,1500,1
sql,2001,1
sp,1828,2
r,1852,1
solution,1896,3
s,1841,1
scholarlyeditionsm,2012,4809
s,1832,1
renisenb,1944,646
sample,1951,1
s,1804,1
r,1865,1
s,1819,1
section,1838,1
section,1847,1
rollcall,1914,1
plasterboard,1896,2
resources,1472,50
sizes,1840,1
riccabocca,1847,4
recovered,1804,1
s,2012,25
r,1858,1
synapomorphy,1969,916
sp,1826,1
scnlr,1956,1996
rostov,1810,1
plitplov,1983,964
sample,1988,5
r,1882,1
s,1802,1
r,1873,1
s,1900,1
project,2013,56
s,1902,1
shall,1542,1
rainscourt,1830,551
r,1822,1
s,1818,1
schumer,1905,1
s,1851,1
s,1978,2
s,1840,1
permabks,1949,504
sizes,1542,3
sp,1985,15
state,1659,1
specification,1893,1
see,1686,1
state,1972,1
s,1759,1
rhoneland,1843,606
s,1803,1
s,1846,1
plutonium,1535,6
safeni,1878,826
r,1871,2
state,1780,1
s,1797,1
referativnyy,1947,1
reauthorize,1789,51
s,1847,1
s,1827,1
project,1918,1
resources,1914,1
s,1829,1
s,1808,1
reasono,1835,589
r,1808,1
s,1845,1
s,1844,1
s,1846,1
s,1990,1
project,1941,2
s,1985,1
s,1842,1
r,1895,1
second,1823,1
pentrediwaith,1957,848
s,1851,1
sizes,1840,1
recovered,1858,1
sudekum,1832,1
r,1868,1
s,1812,1
solution,1814,1
second,1809,1
ringhurst,1873,522
s,1880,1
rosuvastatm,2004,91
pompides,1807,610
rowoldt,1832,4
r,1920,1
rebersak,1949,545
reaction,1868,1
solution,1831,1
plutonium,1535,114
r,1884,1
slochower,1832,3
sizes,1889,2
quauhtemoctzin,1844,542
project,1972,1
sql,1900,1
roldk,1986,1453
s,1810,1
sql,1994,19
s,1835,1
start,1842,1
sql,1993,2
r,1783,1
s,1863,1
restitutn,1814,1
s,1986,1
s,1989,2
see,1670,1
section,1928,1
r,1893,2
purposecode,2001,1216
section,1797,1
resources,1890,1
s,1771,1
saugestad,1882,1
s,1869,1
s,1800,1
s,1985,1
second,1810,1
s,1851,1
sql,1994,27
s,1840,1
rathallan,1829,544
s,1846,1
resources,1912,140
section,1802,1
r,1837,1
sql,2000,10
resources,1839,1
redevelopment,1501,1
state,1794,1
s,1839,1
riekla,1914,2
rostov,1810,1
s,1909,1
slatinshek,1959,10
razmiotnov,1935,702
project,1836,2
pumpelhagen,1871,750
project,1801,1
s,1765,1
s,1831,1
s,1785,1
set,1983,52
resources,1967,3
s,1747,1
specification,1800,1
r,1726,1
s,1853,1
siberell,1874,2
sunlocks,1890,51
r,1818,1
slochower,1832,2
section,1847,1
state,1708,1
project,1805,1
reaction,1878,1
s,1824,2
reaction,1824,2
specification,1821,1
s,1892,1
sql,1994,8
s,1818,1
start,1501,1
quietjet,1986,125
shall,1609,1
polling,1811,1
see,1624,1
pycnum,1902,723
resources,1822,1
restud,1768,1
spie,1623,1
second,1659,2
s,1487,1
sapaugh,1947,1
plitplov,1983,964
pennyways,1874,641
recovered,1817,2
sosib,1808,9
section,1832,1
sql,1994,38
r,1682,1
s,1823,1
r,1726,1
sizes,1901,1
section,1840,1
sizes,1901,1
schrimpf,1832,4
pronyakin,1963,596
sp,1902,1
realchip,1984,479
project,1790,1
s,1855,1
pentetrazole,1947,44
sniadach,1832,7
s,1700,1
s,1814,1
referativnyy,1959,1537
section,1856,1
s,1911,2
r,1871,2
s,1843,1
s,1846,1
sql,1993,1
show,1500,2
r,1909,1
resources,1910,2
rostov,1904,848
solness,1892,1
s,1869,1
shall,1774,1
permit,1728,1
riazo,1826,526
resources,1822,1
r,1803,1
quietjet,1973,4
s,1988,3
s,1932,1
sql,1963,1
sapaugh,1947,1
sample,1968,1
section,1810,2
s,1835,1
s,1853,1
project,1804,1
s,1821,1
studdenham,1912,289
sampled,1880,1
r,1920,1
r,1829,1
state,1706,1
s,1862,1
sarbanes,1947,1
recommissioned,1832,2
pennyways,1874,641
redevelopment,1480,1
r,1899,1
r,1984,1
schlake,1886,1
polling,1830,1
sample,1902,1
set,1979,1
r,1873,1
ramadosh,2010,696
set,1840,2
sp,1489,2
second,1644,1
start,1838,1
residue,1499,2
s,1885,1
second,1746,1
phnx,1851,1
project,1477,1
regentis,1790,1
platonov,1866,1
shappirio,1832,23
riccabocca,1840,1
sql,1994,23
s,1907,1
santorum,1789,1794
s,1803,1
solution,2000,1
shall,1609,1
securetran,1957,1
s,1986,3
protectier,2010,1240
solution,1874,1
r,1834,1
schumer,1991,1
specification,1853,1
richerden,1879,137
specification,1800,1
r,1807,1
syncall,1980,1268
robinair,1836,326
rostov,1851,1
solution,1840,1
resources,1887,1
r,1719,1
s,1857,1
shawkee,1832,26
smlurban,1981,499
sporza,1832,1
second,1501,5
phnx,1851,1
permit,1827,1
propodeum,1899,4
s,1855,1
redevelopment,1893,1
s,1849,1
porrata,1832,500
residue,1838,1
start,1900,1
s,1813,1
r,1826,1
rollcall,1874,1
slatinshek,1947,535
rasswyet,1956,676
rovsing,1860,2
section,1853,6
residue,1480,5
s,1900,1
r,1827,1
s,1880,1
s,1814,1
s,1850,2
s,1891,1
resources,1855,2
r,1850,1
sample,1968,1
sampled,1880,4
s,1995,6
section,1858,3
r,1854,1
section,1821,1
remarketing,1881,515
puddlebox,1914,2677
ringhurst,1873,56
sample,1861,1
quowarr,1972,1160
section,1967,1
resources,1936,1
residue,1831,1
stabenow,1789,2031
preplant,1684,157
sql,2001,1
recovered,1500,713
sample,1885,1
section,1822,1
sheykh,1759,1
s,1874,1
solution,1475,2
s,1853,1
scholarlyeditionstm,2012,16725
set,1996,10
permit,1472,23
residue,1733,1
r,1838,1
s,1986,1
resources,1839,3
project,1500,1
s,2002,5
section,1810,2
section,1755,1
residue,1813,1
podkhalyuzin,1917,1633
s,1836,1
sjrpp,1982,1717
s,1888,1
resources,1623,1
santorum,1974,1
s,1797,1
resources,1956,1
s,1834,1
s,1879,1
section,1853,6
r,1743,1
s,1809,1
project,1926,1
sharshulle,1900,709
resources,1816,1
r,1844,1
roundtripairfare,1978,27
s,1787,1
resources,1890,1
s,1986,3
s,1945,1
s,1869,1
pennsalt,1832,5
project,1963,1
sql,1999,2
r,1906,1
quadrifids,1829,1
sample,1904,1
reaction,1879,1
s,1853,2
sql,1993,1
r,1829,1
rosscraig,1875,1
renter,1796,1
set,1981,3
s,1843,1
s,1986,4
roseocobalt,1848,80
s,1986,3
sp,1985,15
solution,1812,2
reauthorize,1789,31
s,1857,1
s,1834,1
project,1982,1
s,1711,1
resources,1939,1
r,1500,1
s,1986,4
set,1980,8
sql,1999,3
polling,1478,110
rostov,1916,1
rostov,1903,1
redevelopment,1870,1
plasterboard,1896,2
sample,1825,1
shall,1787,1
state,1964,1
second,1809,1
sarbanes,1947,1
ravenhold,1883,771
s,1825,1
section,1920,1
sumbat,1827,4
roadfill,1923,763
section,1865,1
s,1854,1
r,1908,1
recovered,1804,2
sample,2004,3
r,1858,1
sample,1499,587
recovered,1832,1
sql,1994,27
s,1852,1
rossiyska,1991,658
s,1851,1
smartalk,1941,7
start,1500,1
r,1829,1
section,1820,1
resources,1936,1
s,1826,1
snowe,1800,1
subwoofers,1954,24
solution,1824,1
r,1850,1
politikus,1865,615
rollcall,1945,1
sampled,1880,5
s,1826,1
rozlogi,1890,702
set,1981,3
residue,1807,1
rwema,1939,6082
s,1905,1
set,1994,7
s,1986,9
r,1819,1
reaction,1905,1
r,1848,1
resources,1938,1
s,1781,1
s,1827,1
start,1991,1
s,1814,1
s,1531,1
sumbat,1827,4
project,1966,1
riazo,1826,524
sql,1999,2
redemonde,1921,740
s,1859,1
s,1985,1
recovered,1804,2
s,1986,2
s,1852,1
s,1823,1
richerden,1879,1915
set,1996,10
sizes,1799,1
sigafus,1832,28
s,1478,1
section,1808,1
r,1906,1
rmsa,1952,1041
set,1856,1
sample,1910,1
s,1835,1
safeni,1878,826
sql,1994,22
pureshram,1826,950
rollcall,1789,509
s,1723,1
sp,1992,4
resources,1808,1
schmittou,1867,1
rostanges,1841,1089
resources,1863,3
second,1815,1
recommissioned,1778,11
slatinshek,1959,39
s,1819,1
permit,1826,1
see,1982,42
project,1811,1
r,1871,1
s,1944,2
resources,1777,1
sql,1994,25
streissguth,1832,1
state,1659,1
section,1825,1
resources,1777,1
s,1902,1
resources,1967,3
sql,2002,6
s,1804,1
powervc,2014,1306
resources,1836,1
rmsa,1952,1038
resources,1798,1
sibhc,1941,768
pierslynn,1882,603
spie,1945,2
rtdm,1935,727
shall,1725,1
rasswyet,1956,676
perkonian,1960,748
s,1986,3
sql,1993,46
s,1838,1
ramicauls,1973,621
solution,1974,1
second,1659,2
redevelopment,1943,3
residue,1813,1
referativnyy,1947,1
sql,1994,25
preregulatory,1971,3
sicts,1872,1
s,1809,1
rubashov,1941,16
s,1913,1
s,1850,1
s,1837,1
s,1894,1
porgh,1725,63
quadragante,1803,1022
r,1838,1
stabenow,1972,3
r,1875,1
sssr,1895,1
pendlex,1893,1
sssr,1701,1
start,1937,1
specification,1893,1
securetran,1972,4282
s,1871,1
permit,1813,2
s,1762,1
resources,1798,1
sharshulle,1900,709
s,1826,2
regentis,1537,4
s,1847,1
specification,1825,2
start,1987,7
s,1805,1
polling,1873,1
sp,1535,1
section,1798,2
quinnox,1901,564
s,1810,1
perissard,1910,532
porrata,1899,2
snowe,1896,1
state,1978,9
see,1982,349
powervc,2014,1306
photoplays,1913,2
qemara,1695,1
sql,1993,1
spuis,1902,1
s,1978,2
r,1807,1
s,1796,2
sql,1991,4
s,1781,1
rovsing,1899,1
state,1919,1
start,1500,1
restud,1890,2
resources,2012,3
s,1831,1
sql,1994,16
productsli,1923,1
resources,1623,1
section,1798,1
sizes,1542,3
s,1908,1
sp,1985,8
spie,1899,1
quadragante,1803,1022
project,1972,1
romfrey,1874,565
s,1986,1
puresheetmusic,2012,2162
s,1877,1
s,1853,1
project,1941,2
s,1821,1
r,1800,1
rollcall,1908,1
sample,1825,1
plausaby,1873,1108
s,1813,1
solness,1892,1007
solution,1824,1
plutonium,1817,1
solution,1930,1
roadfill,1967,1
s,1986,2
show,1523,1
pontmercy,1862,606
resources,1870,1
set,1792,1
resources,1904,1
start,1854,1
realchip,1984,68
r,1822,1
redevelopment,1946,1
sql,2005,7
s,1986,1
pteronarctos,1957,775
s,1976,1
pentavalon,1915,802
s,1787,1
start,1999,16
resources,1904,1
s,1864,1
project,1887,1
reaction,1803,2
plasterboard,1832,1
resources,1985,1
sql,1807,1
pseudopulchellia,1935,938
resources,1751,1
pidku,1965,542
s,1821,1
r,1872,1
s,1809,1
subprogramme,1947,26
pelesu,1898,536
sql,1994,38
set,1996,3
start,1601,3
r,1840,1
s,1847,1
s,1778,1
restud,1768,1
s,1990,3
s,1812,1
solution,1874,1
sibhc,1941,768
snowe,1845,1
section,1834,1
popplecourt,1880,5
s,1818,2
shendy,1819,12
spie,1825,1
rfpsa,1956,5009
resources,1915,1
sample,1861,1
sql,1830,1
r,1800,1
recovered,1750,1
specification,1800,1
peterkee,1919,550
section,1824,1
r,1923,2
project,1900,1
project,1979,1
r,1873,1
sql,1990,1
specification,1853,1
set,1999,3
r,1806,1
schumer,1969,1
redevelopment,1947,1
sizes,1844,1
quickwin,1991,523
s,1794,1
start,1860,1
rexelaer,1893,2507
s,1915,1
pianoforte,1827,2
s,1804,1
section,1834,1
r,1829,1
subface,1775,1
s,1945,1
reidmar,1829,617
s,1964,1
sulphart,1921,565
state,1869,1
strongsoul,1890,1523
solution,1788,1
section,1841,1
t,1873,1
section,1898,1
the,1788,1
the,1823,1
table,1980,6
t,1772,1
t,1990,11
scholarlynews,2012,3706
t,1814,1
that,1741,1
sciencelog,1997,662
the,1855,1
section,1874,1
table,1896,1
the,1863,1
specification,1480,417
tel,1601,1
solution,1475,15
table,1900,16
sample,1885,1
sinsheimer,1900,3
summertrees,1896,1
t,1808,1
to,1821,1
sidsall,1918,528
the,1812,1
t,2013,12
the,1816,1
the,1852,1
the,1910,1
the,1852,1
table,1817,1
the,1818,1
t,1806,1
that,1846,1
the,1817,1
table,1979,1
stantiloup,1880,684
sharshulle,1866,6
t,1880,2
t,1693,1
t,1691,1
t,1900,1
the,1824,1
second,1747,1
territory,1832,3
the,1844,1
t,1772,1
t,1847,1
t,1810,1
t,1878,1
that,1696,1
the,1895,1
section,1864,1
sinalita,1971,1
schumer,1838,1
t,1880,2
start,1826,3
territory,1478,38
the,1857,1
t,1472,7
to,1811,1
the,1830,1
the,1810,1
sizes,1850,1
sp,1475,1
shumopavi,1891,757
that,1669,1
to,2002,55
table,1900,2
start,1992,4
solution,1915,1
spdrs,1840,2
the,1828,1
superforecasters,2015,115
that,1807,1
thune,1942,1
the,1820,1
tryckt,1977,3242
t,1874,1
to,1805,1
state,1879,1
the,1776,1
the,1821,1
teihchungyu,1829,4094
tariff,1835,1
table,1975,2
stuverud,1893,773
see,1601,1
tattyboys,1854,572
sizes,1850,1
subface,1825,573
territory,1478,1
sql,2000,4
the,1855,1
the,1854,1
shall,1726,1
the,1900,1
sampled,1887,1
scarinza,1958,576
tariff,1879,1
territory,1478,2
specification,1480,421
the,1837,1
sicts,1790,1
sultanmurat,1976,933
section,1918,2
sp,1722,1
start,1819,1
state,1889,1
specification,1804,2
shueyun,1829,1490
the,1808,1
tricare,1998,2
second,1704,1
specification,1701,1
solution,1815,1
the,1890,1
the,1808,1
the,1871,1
the,1805,1
t,1821,1
tricare,1789,565
second,1761,3
t,1882,1
table,1900,7
santalba,1886,1052
t,1944,1
section,1857,4
test,1535,1
set,1987,1
sql,1706,1
t,1795,1
snowe,1847,2
tariff,1500,570
the,1836,1
the,1842,1
stoltzberg,1847,623
section,1839,1
tidsskriftartikler,1978,828
the,1851,1
second,1849,1
table,1470,2
table,1823,1
tel,1625,1
seatransit,1832,70
state,1853,3
to,2001,1
soorocks,1826,732
solution,2008,6
to,1807,1
t,2013,8
the,1643,1
start,1927,1
steinmarc,1867,1443
shueyun,1829,1474
section,1856,2
the,1858,1
sharshulle,1866,6
to,1656,1
the,1876,1
t,1852,1
state,1963,1
taniania,1898,1
test,1476,1
shazmak,1998,765
start,1980,1
the,1854,2
that,1730,1
section,1888,2
t,1541,1
test,1500,6
t,1830,1
state,1843,1
specification,1480,3
sununu,1987,1
t,1979,1
the,1854,1
that,1588,1
teamstepps,2006,545
the,1830,1
t,1859,1
section,1878,1
sapaugh,1872,546
t,1976,1
the,1899,1
squirrelflight,2006,107
suddenlink,2003,1354
that,1472,12
t,1892,3
t,1783,1
skildpadde,1860,532
subprogramme,1947,1
show,1731,1
t,1859,1
t,1804,1
scholarlypapertm,2012,3260
solution,1890,1
tel,1767,1
section,1826,1
second,1475,3
tarifnummer,1973,555
table,1988,1
section,1874,1
tsarevich,1876,33
t,2013,2
the,1853,1
show,1795,1
second,1831,2
t,1865,1
the,1860,1
state,1648,1
the,1819,1
the,1812,1
t,1864,1
the,1601,1
the,1803,1
solution,1819,1
the,1854,1
t,1816,1
stuverud,1893,773
the,1832,1
that,1821,1
treaty,1760,1
sp,1782,1
the,1837,1
table,1979,1
the,1844,1
t,1883,1
the,1838,1
section,1810,3
to,1999,19
treaty,1718,2
t,1990,3
table,1922,1
the,1891,1
the,1834,1
the,1586,1
table,1846,1
skavanga,2013,635
state,1863,1
sp,1844,1
section,2004,1
the,1857,1
the,1868,1
syntopogenous,1961,2
table,1762,1
synapomorphy,1927,1
the,1856,1
t,1874,1
to,1905,1
t,1845,1
sp,1475,1
the,1851,1
second,2009,1
state,1831,1
tvbds,2008,1832
t,1899,1
t,1868,1
shoxford,1877,567
that,1815,1
the,1819,1
t,1845,1
table,1937,3
the,1901,2
the,1860,1
thompsonbalys,1955,2462
section,1812,1
t,1865,1
that,1816,1
to,1999,19
saverell,1854,1487
see,1877,1
the,1801,1
tel,1838,1
the,1715,1
sapaugh,1872,546
the,2016,3
table,1975,9
t,2013,6
the,1719,1
t,2014,198
territory,1478,2
schnoerr,1913,3301
t,1721,1
t,1640,1
test,1481,1
shall,1784,1
t,1793,1
state,1927,1
the,1843,1
tel,1825,1
table,1900,2
scholarlybriefw,2012,2006
solution,1924,6
thompsonbalys,1955,2462
test,1804,1
soery,1846,1055
section,1904,1
to,2001,6
the,1887,1
to,1843,1
table,1910,1
the,1832,2
to,1900,12
the,1839,1
t,1812,1
the,1913,1
stabenow,1989,1
sssr,1744,1
to,1889,1
sp,1860,1
t,1735,1
subwoofers,1954,91
territory,1862,1
t,1821,1
t,1883,1
t,1875,1
table,1900,1
sizes,1897,1
suzzarelli,1822,706
t,1784,1
section,1472,312
state,1889,1
table,1900,54
the,1827,1
the,1908,1
sehwun,1834,752
the,1839,1
the,1825,1
the,1826,1
territory,1478,513
tariff,1699,1
shall,1648,1
the,1877,1
territory,1644,1
table,1896,1
section,1917,1
that,1696,1
territory,1832,3
table,1999,1
second,1864,1
solness,1894,3
tippengray,1891,2052
table,1888,1
table,1926,1
second,2016,940
t,1833,1
table,1853,1
shorbojoya,1968,616
the,1834,1
the,1884,1
subgrantee,1874,1
sinsheimer,1832,867
that,1858,1
sarbanes,1675,1
table,1994,12
that,1576,4
stiftulas,1810,541
t,1849,1
the,1852,1
state,1998,2
teloser,1967,765
the,1799,1
test,1501,1
swyftcard,1985,701
state,1834,1
t,1847,1
spie,1852,1
t,1836,1
the,1854,1
see,1784,1
section,1857,4
t,1803,1
tariff,1760,1
shazmak,1998,780
territory,1803,1
test,1501,1
state,1825,1
soery,1846,1056
stoltzberg,1847,623
sarbanes,1941,2
the,1844,1
skildpadde,1860,542
sp,1734,1
test,1481,1
t,1700,1
the,1849,1
the,1812,1
second,1949,1
the,1818,1
the,1609,1
test,1832,1
streckewald,1859,564
second,1700,1
t,1816,1
specification,1846,1
t,1851,2
the,1535,1
siberell,1874,1211
to,1500,1
that,1728,1
test,1900,1
start,1711,1
solution,1870,1
t,2013,2
tclass,1878,1
the,1851,1
t,2014,198
the,1870,1
state,1850,1
state,1794,1
the,1926,1
section,1902,2
telequip,1940,2
table,1814,1
t,1803,1
t,1880,1
the,1865,1
t,1877,1
themperours,1740,1
t,2013,10
t,1885,1
the,1818,1
tripairfare,1978,19
territory,1832,1
the,1899,1
tipsb,1961,550
t,1499,1
section,1891,1
show,1731,1
shalizan,1881,619
shaheen,1783,4
territory,1789,1
second,1812,1
schmittou,1857,787
t,1846,1
shimmele,1901,1071
solness,1907,70
t,1815,1
t,1735,1
the,1857,1
t,1597,1
sunlocks,1890,3651
shall,1480,12
section,1850,1
section,1820,1
the,1837,1
second,1729,2
tryggvesson,1857,2
t,1903,1
the,1751,1
section,1899,1
state,1904,1
the,1812,1
t,1809,1
the,1853,1
state,1838,1
subprogramme,1869,3
t,1861,1
state,1889,1
the,1852,1
the,1833,1
shall,1816,1
set,1991,4
tariff,1713,1
shall,1779,1
state,1848,1
t,1980,7
tel,1977,1
shenzhen,1900,1
t,1823,1
set,1505,1
the,1840,1
sample,1853,1
state,1803,1
the,1856,1
schumer,1789,2579
section,1751,1
the,1832,1
the,1908,1
t,1976,1
shenzhen,1984,1
the,1842,1
section,1856,1
territory,1789,1
snowe,1881,3
t,1844,1
the,1823,1
t,1703,1
seidlits,1789,2026
section,1730,1
the,1719,1
section,1874,1
the,1867,1
the,1865,1
the,1836,1
sp,1808,1
table,1996,3
sizes,1853,1
solness,1893,102
solution,1788,1
section,1842,1
tomboktu,1841,517
the,1856,1
show,1778,2
state,1832,1
the,1838,1
the,1848,1
sizes,1862,2
the,1864,1
table,1974,1
territory,1840,1
snowe,1827,1
the,1851,1
state,1700,1
teachsource,2010,814
show,1990,3
t,1765,1
schrimpf,1832,619
tariff,1654,1
shamboro,1880,1794
that,1759,1
the,1826,1
table,1900,1
the,1892,1
telsegram,1915,1
treaty,1804,1
table,1724,1
the,1830,1
scholarlypaper,2012,16086
scholarlynews,2012,3706
section,1802,1
t,1822,1
transco,1874,1
t,2014,38
telequip,1870,603
table,1857,1
t,1870,1
the,1894,1
t,1660,1
section,1832,1
the,1792,1
tipsb,1991,67
the,1788,1
test,1476,1
state,1813,1
the,1823,1
section,1755,1
suddenlink,2003,1354
telecomsrw,2010,2463
to,1846,1
table,1891,1
simplecv,2012,755
t,1867,1
streckewald,1859,564
to,1832,1
the,1760,1
truvada,2004,1168
the,1832,1
the,1840,1
table,1722,1
the,1854,1
to,2002,55
the,1864,1
state,1863,1
second,1727,1
second,1729,1
the,1472,18
specification,1571,1
transco,1874,1
schumer,1964,1
the,1870,2
the,1851,1
the,1855,1
the,1854,1
table,1888,1
state,1904,1
solution,1814,1
state,1869,1
toolco,1832,1672
to,1895,1
t,1842,1
sharrkan,1885,1070
t,1883,1
start,1875,1
t,1852,1
start,1987,1
skafloc,1954,536
t,1922,1
the,1953,1
the,1824,1
the,1855,1
stillbottle,1913,721
saugestad,1882,949
topsparkle,1886,2239
to,2002,120
t,1860,1
tariff,1811,1
state,1843,1
t,1856,1
susquesus,1845,1128
see,1800,1
slatinshek,1832,1
t,1843,1
territory,1811,1
snowe,1870,1
t,1853,1
strandflat,1826,2
the,1769,1
t,1922,1
teledias,1987,1
t,1832,1
t,1915,1
tariff,1825,1
the,1809,1
stilborough,1873,1256
tagarab,1964,777
shoxford,1877,586
the,1893,1
tournay,1517,5
t,1771,1
tomboktu,1841,523
semiarc,1839,3
transco,1832,22
the,1812,1
t,1890,1
shendy,1819,1558
section,1813,1
that,1771,1
t,2013,4
solution,1823,1
sinalita,2000,1
show,1990,3
the,1820,1
tariff,1807,1
start,1985,7
second,1500,1
t,2013,2
the,1614,1
state,1757,1
schumer,1901,1
territory,1855,2
tclass,1878,1
section,1829,1
to,2002,67
that,1807,1
the,1813,1
shotaye,1890,611
section,1881,1
sample,1897,1
the,1836,1
t,1733,1
t,1771,1
t,1809,1
telecomsrv,2010,1153
tackerberry,1842,795
schumer,1908,2
the,1859,1
the,1792,1
t,1850,1
state,1837,1
start,1987,1
start,1861,1
table,1869,1
t,1792,1
t,1800,1
test,1501,1
t,1735,1
table,1923,1
to,1879,1
spinrobin,1910,579
the,1880,1
shiraziyyin,2008,621
tvbds,2008,1832
sarbanes,1874,2
t,2013,6
treaty,1760,1
sizes,1843,1
thune,1704,1
to,1821,1
sp,1638,1
table,1891,1
section,1897,1
table,1821,1
t,1873,1
start,1991,3
tessibel,1909,895
to,1839,2
t,1965,1
t,1862,1
territory,1803,1
tessibel,1909,897
sapyeha,1891,754
the,1857,1
test,1947,1
t,1887,1
sarbanes,1874,2
table,2000,4
table,1980,9
sununu,1789,735
shendy,1819,6
second,1593,1
see,1871,1
sartoril,2001,520
tricare,1993,1
securetran,1957,1
the,1887,1
thingus,1801,1
table,1830,1
tel,1500,601
t,1821,1
subwoofers,1954,91
tel,1871,1
the,1834,1
souambul,1991,2611
the,1850,2
state,1875,1
second,2016,940
state,2004,1
section,1781,1
shaheen,1783,4
that,1773,1
the,1854,1
the,1835,1
shorbojoya,1968,616
the,1835,1
tel,1891,3
treaty,1833,1
stighelen,1897,603
test,1986,1
the,1819,1
spanjolle,2018,4078
the,1739,1
sample,1885,1
t,2013,8
the,1856,1
second,1700,1
the,1812,1
t,1862,1
sllovake,2018,2039
the,1818,1
spdrs,1840,2
the,1857,2
second,1761,3
the,1895,1
test,1480,3
santorum,1579,1
the,1819,1
t,2013,8
to,2002,45
table,1823,2
sayajirav,1883,900
the,1843,1
state,1812,1
stabenow,1789,1960
that,1700,1
the,1865,1
sporza,1789,1031
thune,1875,1
tjingilli,1904,659
set,1472,3
the,1817,1
smartalk,1925,1
t,2013,12
start,1984,1
the,1715,1
the,1822,1
that,1866,1
treplieff,1912,327
t,1986,7
the,1850,1
sinsheimer,1832,868
santorum,1579,1
the,1888,2
to,1742,1
the,1852,1
the,1767,1
show,1795,1
test,2016,2729
smartalk,1925,1
table,1989,1
section,1873,2
saladoans,1893,602
table,1695,1
tclass,1831,1
sharraden,1858,1435
stabenow,1989,1
state,2001,3
the,1825,1
the,1841,1
sumbat,1827,1069
the,1849,1
tricare,1874,2
state,1872,1
t,1832,1
table,1782,1
sample,1535,1
t,1818,1
schumer,1944,1
state,1872,1
table,1996,4
tharlarion,1984,2
tolnedran,1982,28
tippengray,1891,2063
the,1854,1
t,1822,1
the,2009,1
the,1850,1
tipsb,1991,67
table,1900,2
t,1922,1
subprogramme,1947,1
the,1865,2
the,1870,1
the,1851,1
sssr,1945,1
to,1814,1
section,1895,1
state,2004,1
sarbanes,1789,1
the,1803,1
state,1845,1
t,1832,1
see,1472,7
to,1829,1
state,1964,1
t,1776,1
that,1829,3
table,1722,1
themperours,1740,1
strandflat,1826,2
solness,1907,70
spie,1579,1
specification,1853,2
tournay,1517,4
t,1841,1
t,1843,1
the,1812,1
sanabalis,2007,736
the,1832,1
the,1834,1
t,1867,1
the,1852,1
shiboob,1819,941
section,1868,1
the,1913,2
territory,1478,38
t,1849,1
sample,1912,1
the,1814,1
start,1888,1
sicts,1790,1
t,1740,1
saverell,1854,1505
subgrantee,1874,1
schrimpf,1832,619
schumer,1932,1
the,1834,1
strongsoul,1890,1518
t,1859,1
t,1766,1
shalmazar,1839,510
table,1821,1
slochower,1832,677
solution,1841,1
table,1704,1
sencland,1954,3
tel,1883,1
t,1990,3
superforecasters,2015,115
the,1818,1
table,1819,1
thousandacres,1742,2
t,1830,1
t,1899,1
solution,1841,1
start,1478,1
table,2004,15
the,1812,1
thingus,1801,1
the,1800,1
siberell,1874,1211
the,1535,1
t,1908,1
soorocks,1826,732
skavanga,2013,635
sizes,1819,1
the,1816,1
to,1791,1
the,1843,1
the,1808,1
toolemak,1824,687
section,1919,2
state,1837,1
section,1890,1
sampled,1699,1
that,1576,4
the,1802,1
the,1832,1
t,2013,12
t,2013,32
section,1851,1
table,1475,6
telequip,1870,603
state,1757,1
t,2013,12
the,1835,1
the,1910,1
tinylkum,1857,567
the,1911,1
the,1793,1
the,1816,1
table,1801,1
the,1903,1
the,1834,1
the,1823,2
the,1816,1
the,1823,1
stowbody,1920,523
sinsheimer,1900,1
the,1850,1
treplieff,1912,332
sampled,1480,180
the,1533,1
territory,1807,1
the,1842,1
spielfogel,1832,787
the,1756,1
scholarlyeditionsim,2013,1257
tetrachloroeosin,1910,1
table,1975,4
the,1811,1
t,1869,1
state,1586,1
toolco,1866,2
taraeth,2014,929
table,1974,1
show,1478,1
the,1911,1
the,1844,1
smartalk,1941,698
the,1854,1
the,1803,1
the,1835,1
t,1745,1
tariff,1825,1
to,1826,1
sample,1897,1
that,1698,1
second,1874,1
tel,1964,1
state,1903,1
section,1586,1
the,1844,1
t,1881,1
t,1834,1
table,1926,2
the,1808,1
t,1979,1
to,1470,1
sizes,1815,1
the,1856,1
start,1989,2
tel,1819,1
teachsource,1978,2
section,1874,1
table,1829,1
t,1755,1
sharvilaka,1905,1625
table,2006,31
that,1701,1
strovich,1879,662
the,1808,1
test,1970,1
t,1842,1
thiennette,1827,653
section,1856,2
snipeton,1845,12
specification,1821,1
shenzhen,1980,1
sampled,1480,409
the,1819,1
table,1672,1
t,1780,1
the,2010,3
table,1993,54
table,1900,1
table,1851,1
t,1855,1
the,1910,1
the,1812,1
that,1620,1
table,1876,1
the,1953,1
t,1801,1
specification,1892,1
stcfs,1990,585
solution,1870,1
to,2004,31
table,1853,1
subgrantee,1970,1050
t,1508,1
the,1842,1
the,1819,1
table,1913,2
sarbanes,1972,1
t,1855,1
t,1985,17
trrlsupplementary,1978,488
teledias,1987,1
state,1586,1
territory,1802,1
table,1860,1
the,1884,1
schumer,1838,1
subprogramme,1947,94
to,1804,1
the,1696,1
the,1851,1
the,1809,1
sampled,1911,1
sharraden,1858,1433
show,1738,1
section,1904,1
the,1860,2
the,1868,1
to,2004,33
territory,1811,1
the,1824,1
sayajirav,1883,878
table,1916,1
the,1810,1
spacnews,1990,545
test,1500,1
the,1873,1
that,1735,1
t,1755,1
section,1755,1
tyltyl,1909,1439
test,1789,1
torriswood,1825,685
the,1894,1
territory,1854,1
second,1997,3
schumer,1901,1
t,1807,1
state,1907,2
the,1906,1
the,1884,1
sizes,1903,3
t,1886,1
t,2013,6
t,1859,1
that,1588,3
t,1735,1
to,1782,1
table,1975,4
t,1793,1
the,1832,2
t,1815,1
t,1640,1
see,1870,1
t,1855,1
second,1757,1
state,1896,1
t,1868,1
territory,1823,1
territory,1810,1
the,1689,1
t,1851,1
taboos,1868,1
t,1724,1
the,1849,1
t,1822,1
t,1793,1
sample,1872,1
second,1768,1
territory,1825,1
t,1691,1
sarmatov,1946,647
t,1893,1
t,1808,1
the,1776,1
set,1547,2
the,1867,1
toranaga,1975,6153
the,1812,1
sp,1900,1
section,1874,1
t,1798,1
the,1836,1
section,1897,1
the,1834,1
state,1875,1
taniania,1898,1
tariff,1835,1
tournay,1517,5
state,1501,2
section,1914,1
sql,1858,1
t,1810,1
to,1803,1
that,1659,3
the,1829,1
start,1989,2
that,1771,1
sp,2004,3
the,1806,1
sarbanes,1675,1
taiyaba,1914,518
to,1993,4
the,1854,1
tryckt,1977,3242
that,1821,1
section,1730,1
sp,1808,1
sql,1875,1
state,1877,1
shendy,1819,1552
the,1811,1
t,1697,1
solomine,1877,2145
shall,1616,1
the,1849,1
suedeze,2018,2039
spacnews,1990,709
t,1722,1
the,1832,1
tarantyev,1932,1049
taboos,1929,2
the,1836,1
the,1832,1
set,1665,1
state,1964,1
tinylkum,1857,567
t,1823,1
the,1794,1
state,1893,1
t,1852,1
start,1478,1
state,1832,1
t,1849,1
t,2013,8
the,1470,5
the,1852,1
t,1590,1
section,1919,2
shall,1478,2
tarantyev,1932,1049
t,1850,1
the,1491,1
state,1875,1
that,1659,3
the,1812,1
to,2002,45
subface,1825,599
scileppi,1832,1405
the,1855,1
sql,1914,1
tattyboys,1854,578
t,1833,1
spuis,1722,1
the,1808,1
section,1803,1
state,1831,1
sizes,1884,1
state,1887,1
that,1738,1
the,1926,1
strovich,1879,668
state,1832,1
scholarlyeditionsim,2013,1257
sarezynes,1810,1463
schlake,1808,603
that,1799,1
the,1854,1
the,1890,3
teleborian,2009,806
sidsall,1918,548
the,1862,1
susquesus,1845,1128
that,1659,1
solution,1819,1
selenidad,2009,606
the,1834,1
the,1812,1
t,1780,1
the,1841,1
the,1801,1
the,1836,1
t,2013,10
section,1888,1
that,1735,1
t,1712,1
semiarc,1839,3
t,1983,1
tonerl,1845,571
t,1828,1
the,1806,1
skshetuski,1890,4147
tresmond,1759,1
slcfs,1990,1635
swedae,1956,723
t,1806,1
the,1533,1
taboos,1847,3
see,1472,5
section,1842,1
second,1547,1
t,1700,1
t,1833,1
t,1758,1
section,1888,1
t,2013,2
thune,1588,1
sp,1856,1
the,1830,1
the,1800,1
t,1793,1
solution,1810,1
tariff,1500,569
the,1873,1
the,1849,1
t,1860,1
table,1857,1
that,1535,1
summertrees,1824,678
solution,1823,1
shotaye,1890,582
the,1808,1
the,1810,1
sizes,1843,1
section,1776,1
that,1478,3
table,1910,1
state,1969,1
second,1830,1
solution,1814,1
tripairfare,1978,19
t,1712,1
table,1981,4
start,1991,3
t,1892,1
to,1812,1
synapomorphy,1927,1
seclab,1946,646
specification,1871,1
toranaga,1975,1
t,2013,8
the,1855,1
tariff,1868,1
the,1801,1
tel,1871,1
soissonac,1844,791
the,1862,1
section,1899,1
to,1784,2
subrequirement,1942,1
sapyeha,1891,754
t,1472,8
the,1813,1
t,2002,1
sql,1871,1
section,1794,3
t,1884,1
temanson,1860,680
solution,1805,1
taboos,1899,2
t,1826,1
t,1766,1
sizes,1847,1
toolco,1883,1
swampington,1863,516
show,1720,1
sampled,1907,1
the,1882,1
snowe,1485,1
the,1604,1
the,1885,1
that,1741,1
section,1850,1
the,1909,2
the,1668,1
t,1823,1
the,1731,1
sarbanes,1789,1
to,1844,1
section,1501,1
section,1876,1
stebnicka,1928,1
table,1817,1
that,1860,1
table,1895,1
table,1839,1
to,1472,6
the,1871,1
section,1841,1
santorum,1993,3
table,1922,1
the,1859,1
table,1907,1
toranaga,1975,1
state,1877,1
t,1813,1
the,1816,1
table,1581,1
the,1845,1
section,2004,1
t,2013,4
state,1952,1
the,1802,1
the,1811,1
see,1601,1
second,1882,4
shall,1773,1
the,1879,1
the,1817,1
start,1972,4
tryggvesson,1857,2
the,1842,1
table,1839,1
sheykh,1848,1
second,1864,1
second,1782,1
teopar,1887,1230
t,1797,1
the,1807,1
tournay,1517,14
table,1999,1
specification,1871,1
thunzi,1957,737
the,1811,1
the,1848,1
targiana,1807,1271
solution,1815,1
sununu,1789,735
to,1472,12
t,1841,1
sizes,1815,1
state,1997,2
second,1861,1
telecomsrv,2010,1153
t,1939,1
state,1848,1
to,1864,1
tournay,1808,1
t,1939,1
table,1472,2
the,1764,1
that,1735,1
the,1853,1
t,1804,1
territory,1845,1
t,1780,1
taboos,1868,1
section,1813,1
territory,1826,1
tricare,1996,8
the,1867,1
to,1533,1
the,1854,1
sp,1875,1
the,1785,1
the,1801,1
the,1601,1
section,1751,1
t,1886,1
the,1854,2
table,1900,1
that,1732,1
the,1838,1
sharrkan,1885,1070
the,1855,1
second,1892,1
the,1795,1
tricare,1789,564
the,1811,1
shaheen,1819,2
sciencelog,1997,670
to,1900,5
the,1887,1
section,1877,5
sartoril,2001,520
the,1846,1
table,1937,1
that,1728,1
the,1835,1
stibaethyle,1850,43
tel,1500,5
test,2016,2729
the,1865,1
to,1814,1
set,1547,2
tappitt,1860,671
t,1986,5
the,1838,1
that,1596,1
stibaethyle,1850,43
section,1500,1
the,1815,1
tel,1940,1
t,1771,1
the,1829,1
the,1807,1
see,1859,1
t,1892,1
state,1472,272
the,1832,1
the,1841,1
t,2013,6
to,2002,112
solution,1858,1
the,1973,1
t,1739,1
scholarlyeditionstm,2012,22377
t,1856,1
second,1700,1
t,1805,1
t,1862,1
scileppi,1931,1
t,1892,3
second,1688,1
table,1857,1
teihchungyu,1829,4109
territory,1810,1
state,1861,1
treaty,1793,1
table,1975,1
the,1808,1
santalba,1886,1052
table,1975,1
t,1809,1
the,1890,1
sosib,1808,648
tariff,1842,1
solution,1976,3
show,1720,1
spilinek,1894,574
second,1725,1
the,1860,1
sssr,1922,1
sencland,1954,3
tjingilli,1904,659
schumer,1982,3
t,1774,1
test,1508,1
t,2013,4
t,1842,1
spacnews,1990,164
tripairfare,1978,498
schumer,1982,3
the,1838,1
trrlsupplementary,1978,590
t,1852,1
temanson,1860,680
sancgraal,1854,1329
the,1867,2
that,1797,1
the,1700,1
the,1838,1
the,1811,1
state,1861,1
telecomsrw,2010,2463
shaithis,1989,510
spilinek,1894,574
solution,1837,1
the,1849,1
the,1816,1
subrequirement,1942,1
the,1816,1
the,1811,1
territory,1854,1
start,1551,1
the,1822,1
test,1499,1
t,1880,1
show,1478,1
tariff,1500,9
to,1472,7
the,1857,1
state,1825,1
show,1816,1
solution,1886,1
schreiermeyer,1905,1343
the,1756,1
t,2013,6
sample,1739,1
slochower,1832,674
shall,1648,1
the,2014,3
t,1851,1
section,1828,1
the,1824,1
starclan,2004,940
t,1834,1
solution,1858,1
t,1871,1
the,1914,19
section,1798,1
t,1839,1
schreiermeyer,1905,1343
the,1887,1
the,1884,1
the,1850,1
tournay,1517,534
tacticboard,2016,1002
shalmazar,1839,510
thune,1789,1337
tappitt,1860,667
schnoerr,1913,3301
table,1894,1
section,1897,1
suedeze,2018,2039
territory,1835,2
section,1812,1
thymert,1883,570
the,1831,1
t,1735,1
t,1984,2
t,1870,1
t,1915,1
that,1839,1
state,1875,1
tympan,1730,1
spanjolle,2018,4078
tintajeux,1885,1353
sniadach,1832,616
the,1854,1
section,1803,3
tackerberry,1842,795
to,1784,2
sssr,1922,1
the,1815,1
slcfs,1990,1635
scileppi,1832,1405
to,1819,1
solution,1886,1
section,1755,1
shall,1737,1
t,1680,1
the,1855,1
t,1708,1
to,1858,1
section,1829,1
the,1822,1
the,1837,1
tariff,1888,1
shawkee,1832,557
truvada,2004,1167
t,1845,1
state,1794,1
the,1852,1
the,1677,1
tariff,1500,9
that,1726,1
solution,1675,1
the,1652,1
to,1844,1
tclass,1847,1
that,1719,1
syntopogenous,1961,2
the,1764,1
the,1902,1
the,1829,1
the,1853,1
table,1900,1
t,1862,1
the,1836,1
sampled,1497,2
t,1850,1
to,1895,1
the,1811,1
t,1841,1
solution,1981,1
table,1916,1
solution,1750,1
the,1885,1
the,1833,1
the,1803,1
t,1850,1
soleyk,1872,921
selenidad,2009,602
section,1888,1
territory,1856,1
stantiloup,1880,684
t,2002,1
tournay,1517,2
state,1881,1
stowbody,1920,523
set,1987,1
shenzhen,1967,1
t,1829,1
to,1797,1
t,1883,1
t,1803,1
t,1873,1
section,1877,5
state,1889,1
shenzhen,1837,2
t,1794,1
t,1855,1
the,1830,1
section,1897,1
t,1597,1
table,1989,4
territory,1835,2
the,1863,1
t,1980,6
state,1700,1
the,1890,1
scrappie,1878,882
tariff,1699,1
table,1814,1
second,1893,1
steinmarc,1867,1444
teleborian,2009,788
state,1870,1
sssr,1767,1
subprogramme,1869,3
t,2013,8
state,1963,1
state,1861,1
sampled,1480,229
state,1885,1
the,1854,2
territory,1814,1
selviam,1807,739
section,1907,1
skattaboe,1891,980
table,1866,1
solness,1893,102
thingus,1811,1
supplehouse,1860,715
the,1807,1
t,1814,1
t,1955,1
territory,1855,2
the,1833,1
the,1840,1
thousandacres,1742,2
the,1854,2
tel,1820,1
section,1992,6
table,1823,1
tonerl,1845,580
snowe,1803,1
table,1896,1
territory,1845,1
table,1900,60
solness,1893,3
stebnicka,1928,1
solution,1858,1
shall,1747,1
the,1608,1
the,1822,1
the,1829,1
schlake,1808,603
sancgraal,1854,1367
t,1985,15
sunlocks,1890,3653
section,1808,1
the,1866,1
t,1812,1
the,1838,1
section,1776,1
t,1990,2
tailandeze,2018,2039
tclass,1831,1
teachsource,1978,2
santorum,1789,1
test,1867,1
the,1855,1
specification,1821,1
shall,1779,1
the,1680,1
t,1757,1
section,1876,1
the,1808,1
the,1888,1
sarbanes,1949,1
solution,1752,6
state,1990,6
sphygmoscope,1855,1
sql,2000,3
t,1907,1
solution,1805,1
the,1847,1
saladoans,1893,602
t,1723,1
that,1799,1
the,1810,1
t,1965,1
tel,1500,606
t,2013,10
the,1614,1
stairco,1955,621
the,1824,1
teledias,2005,1072
the,1853,1
the,1913,1
the,1840,1
t,1823,1
show,1821,1
the,1843,1
tariefnummer,1973,907
the,1850,1
the,1807,1
territory,1810,1
that,1803,1
start,1813,1
smartalk,1941,685
the,1882,1
to,1472,1
territory,1805,3
solness,1895,1
to,1829,1
the,1807,1
the,1836,1
sniadach,1832,615
the,1819,1
t,1753,1
the,1835,1
second,1692,1
the,1851,1
territory,1810,2
t,1790,1
the,1838,1
sheviri,1868,833
tetrachloroeosin,1910,1
state,1475,1
t,1844,1
t,1915,3
specification,1853,2
tel,1940,1
selviam,1807,733
t,2013,2
second,1747,1
section,1878,2
seysmologii,1949,511
t,2013,12
tariff,1868,1
stasso,1834,749
the,1834,1
t,1784,1
tolnedran,1982,575
table,1996,3
test,1986,1
the,1868,1
that,1951,1
soleyk,1872,920
the,1824,1
state,1921,1
sultanmurat,1976,921
solness,1893,3
see,1508,1
table,1881,1
t,2013,10
sp,1900,1
state,1858,1
solness,1822,1
the,1814,1
sellingworth,1921,909
the,1854,1
t,2013,12
the,1807,1
the,1834,1
the,1813,1
toolemak,1824,700
the,1828,2
the,1572,1
t,1827,1
to,1818,1
the,1911,1
sununu,1949,1
the,1730,1
sheykh,1759,477
specification,1480,1
taboos,1914,1
t,1891,1
the,1832,1
the,1731,1
state,1902,1
t,1891,1
scileppi,1931,1
t,1764,1
treaty,1725,1
table,1900,2
the,1797,1
spinrobin,1910,567
t,1887,1
shaggyeh,1885,634
the,1745,1
the,1643,1
the,1838,1
to,1805,1
the,1834,1
schumer,1926,1
t,1776,1
the,1853,1
the,1861,1
t,1801,1
start,1821,1
t,1908,1
t,1843,1
the,1822,1
second,1997,3
territory,1802,1
state,1870,1
table,1900,1
table,1907,2
state,1810,1
second,1754,1
t,1990,8
t,2013,12
start,1856,1
topsparkle,1886,2236
second,1989,1
scholarlypaper,2012,16087
schumer,1926,1
test,1967,2
section,1794,3
t,1834,1
scavagers,1835,1
solomine,1877,2103
the,1893,1
the,1812,1
swearah,1817,634
t,1828,1
tipsb,1961,559
t,1982,2
table,1854,1
taboos,1726,742
tariff,1811,1
t,1850,1
to,1993,4
state,1496,1
the,1817,1
tournay,1517,14
the,1804,1
that,1852,1
table,1659,1
the,1852,1
the,1814,1
sharvilaka,1905,1625
skshetuski,1890,4131
section,1881,1
the,1787,1
t,2013,26
t,1851,1
territory,1478,513
table,1846,1
table,1902,1
t,1982,2
t,1508,1
the,1829,1
t,1860,1
synchred,2017,593
the,1852,1
the,1809,1
the,1883,1
to,2002,28
t,1875,1
section,1897,1
the,1823,1
that,1815,1
swearah,1817,642
second,1589,1
sample,1475,6
sicomy,1850,647
state,1997,2
state,1907,1
tsarevich,1876,32
test,1994,3
taboos,1835,1
second,1804,1
t,1879,1
t,1984,2
sssr,1945,1
scholarlybriefw,2012,2006
stiftulas,1810,541
toranaga,1975,6242
t,1499,1
sp,1844,1
sllovake,2018,2039
the,1856,1
state,1710,1
territory,1810,2
test,1806,1
test,1810,1
sp,1748,1
tarifnummer,1973,555
table,1993,58
section,1755,1
stasso,1834,752
sizes,1873,2
t,1807,1
shaheen,1975,3
tel,1897,1
telxon,1941,7
sizes,1701,1
the,1837,1
t,1842,1
the,1743,1
territory,1819,1
the,1808,1
stillbottle,1913,714
the,1832,1
test,1968,4
t,2013,4
twltl,1964,1024
tournay,1517,4
t,1823,1
territory,1840,1
the,1850,2
show,1787,1
test,1806,1
t,1765,1
the,1745,1
the,1847,1
to,1854,1
the,1834,1
tonicka,1917,1156
t,2013,6
state,2001,3
section,1830,3
the,1815,1
simplecv,2012,748
streissguth,1832,692
the,1880,1
that,1501,1
treaty,1760,1
section,1781,1
the,1809,1
t,1843,1
test,1500,36
the,1861,2
sehegal,1817,1
the,1873,1
start,1711,1
t,2013,4
the,1853,1
t,1887,1
teamstepps,2006,535
shendy,1830,4
the,1845,1
test,1535,1
treaty,1718,2
the,1904,2
start,1823,1
the,1840,1
sigafus,1832,658
set,1651,1
tagarab,1964,777
set,1820,1
t,1845,1
to,2001,1
saligneux,1878,752
table,1912,1
the,1882,1
toolco,1883,1
t,1808,1
snowe,1485,1
solution,1867,1
the,1864,1
the,1855,1
strandflat,1922,18
saligneux,1878,743
the,1855,1
the,1858,1
sosib,1808,648
seatransit,1832,462
table,1981,4
tariff,1886,1
t,1890,1
the,1795,1
the,1808,1
t,1863,1
solution,1475,15
thymert,1883,581
taraeth,2014,929
treplieff,1912,5
t,1808,1
that,1747,1
solution,2008,6
tel,1747,1
the,1814,1
the,1826,1
spie,1711,1
t,1590,1
the,1677,1
state,1879,1
scholarlypapertm,2012,3260
the,1815,1
table,2000,4
tournay,1517,536
the,1850,2
thune,1704,1
t,1794,1
studdenham,1912,483
sample,1912,1
t,2013,32
t,1851,1
t,2014,132
that,1835,1
the,1830,1
swampington,1863,499
the,1868,1
sturmfeder,1839,559
the,1868,1
telequip,1940,2
the,1820,1
thingus,1811,1
t,1908,2
shimmele,1901,1050
the,1850,1
second,1727,1
that,1472,4
shenzhen,1983,6
to,1900,5
the,1853,1
state,1858,1
the,1829,1
sql,1706,1
the,1743,1
subdepartment,1850,1
t,1832,1
table,1878,1
test,1797,1
solution,1924,6
the,1854,1
swyftcard,1985,743
table,1937,2
shawkee,1832,536
salanda,1855,731
solution,1815,1
table,1470,2
test,1480,1
sp,1860,1
second,1700,1
t,1869,1
to,1782,1
t,1811,1
the,1858,1
the,1815,1
solution,1976,3
table,2004,15
summertrees,1824,678
section,1902,2
the,1821,1
test,1501,1
shaggyeh,1885,615
territory,1807,1
to,1790,1
t,2013,2
the,1533,1
start,1835,1
sehwun,1834,735
test,1920,1
start,1808,1
t,1983,1
the,1812,1
shiraziyyin,2008,621
table,1724,1
the,1892,1
the,1852,1
the,1859,1
t,1859,1
t,2013,4
t,1915,3
to,1999,3
t,1818,1
sudekum,1832,535
scileppi,1957,2
the,1850,1
table,1980,9
sukainah,1879,2015
t,1680,1
t,1861,1
section,1864,1
the,1902,1
test,1888,1
shukadev,1851,570
seatransit,1832,70
solution,1858,1
the,1810,1
t,1797,1
section,1873,2
to,1900,12
table,1785,1
the,1803,1
t,1472,1
transco,1832,21
the,1714,1
supplehouse,1860,712
state,1821,1
see,1810,1
t,1882,1
the,1819,1
state,1927,1
to,1639,1
to,2002,26
solution,1884,1
territory,1823,1
taniania,1965,917
suzzarelli,1822,688
t,1980,6
to,1791,1
table,1975,3
sp,1801,1
seclab,1946,628
solution,1837,1
salmissra,1982,575
that,1780,1
section,1803,3
the,1837,1
skattaboe,1891,980
sununu,1987,1
t,1879,1
thousandacres,1845,934
solution,1867,1
t,1869,1
thune,1789,1327
tripairfare,1978,513
the,1820,1
state,1832,1
tel,1564,1
t,1944,1
the,1860,1
t,1719,1
table,2003,1
t,1895,1
see,1728,2
the,1863,1
the,1573,1
the,1700,1
tclass,1884,1
tel,1848,1
table,1801,1
territory,1856,1
skafloc,1954,536
t,1852,1
territory,1803,1
to,2002,93
t,1850,1
the,1884,1
t,1706,2
second,1997,3
territory,1862,1
starclan,2004,153
sturholm,1907,963
spie,1665,1
scholarlybrief,2012,6460
second,1870,1
second,1472,6
t,1980,7
the,1829,1
seatransit,1832,450
to,1999,3
tel,1733,1
taniania,1965,917
table,1913,1
t,1708,1
section,1842,1
snipeton,1845,671
the,1833,1
the,1833,1
t,1827,1
t,1805,1
t,2013,6
tel,1781,1
t,1821,1
the,1814,1
territory,1825,1
the,1853,1
the,1810,1
table,1922,1
table,1892,1
the,1824,1
the,1811,1
sphygmoscope,1855,1
the,1808,1
section,1878,2
the,1851,1
the,1820,1
territory,1811,2
the,1809,2
the,1812,1
the,1823,1
the,1785,1
set,1480,1
see,1806,1
to,2004,20
the,1804,1
solness,1822,1
show,2002,1
tidsskriftartikler,1978,828
the,1809,2
sample,1897,1
thuwainy,1871,769
t,1830,1
that,1831,1
the,1853,1
the,1829,1
tariff,1842,1
section,1878,1
that,1472,3
the,1814,1
thunzi,1957,753
sample,1535,1
section,1827,1
spielfogel,1832,803
that,1788,1
the,1880,1
state,1861,2
the,1819,1
the,1859,2
silvion,1890,729
the,1820,1
t,1879,1
sanabalis,2007,746
the,1470,5
section,1808,1
treaty,1477,4
t,1722,1
the,1853,4
the,1795,1
t,2013,16
table,1900,1
the,1877,1
t,1839,1
sudekum,1832,537
the,1890,1
sizes,1500,576
scholarlybrief,2012,6459
the,1833,1
the,1813,1
start,1823,1
squirrelflight,2006,1225
the,1887,1
the,1866,1
to,1843,1
spuis,1722,1
start,1980,1
start,1985,7
to,2002,32
section,1911,1
t,1844,1
the,1911,1
t,1531,1
the,1770,1
t,1838,1
shiboob,1819,941
t,1757,1
the,1851,1
synchred,2017,599
section,1886,3
t,1690,1
the,1895,1
the,1819,1
section,1911,1
the,1855,1
the,1825,1
t,1841,1
table,1895,1
sandyshaft,1864,634
table,1989,4
the,1815,1
table,1933,4
second,1893,1
t,1755,1
saugestad,1882,949
t,1723,1
table,1908,1
state,1915,2
territory,1805,3
state,1952,1
territory,1814,1
the,1855,1
t,2013,16
table,1881,1
to,1812,1
t,1669,1
the,1769,1
sandyshaft,1864,634
the,1850,1
targiana,1807,1271
tel,1625,1
t,1660,1
start,1972,30
schumer,1789,2579
the,1838,1
table,1785,1
section,1917,1
the,1816,1
the,1878,1
sporza,1789,1031
section,1810,3
table,1939,1
table,1762,1
thune,1842,1
territory,1904,1
state,1915,2
t,1764,1
tel,1909,1
t,1986,5
the,1882,3
subdepartment,1830,560
section,1874,1
the,1869,1
seafalcon,1922,507
t,2013,12
the,1829,1
the,1802,1
the,1823,1
t,1841,1
treaty,1793,1
t,1669,1
state,1501,2
the,1823,1
the,1885,1
that,1687,1
snipeton,1845,653
to,2001,6
t,1900,1
thuwainy,1871,769
table,1989,1
shappirio,1832,595
t,1790,1
the,1893,1
to,1853,1
section,1888,1
section,1830,3
second,1727,1
t,1798,1
sehegal,1817,1
the,1856,1
solution,1750,1
t,1879,1
the,1842,1
table,1920,1
the,1877,1
scileppi,1957,2
t,1835,1
t,1801,1
taboos,1899,2
table,2006,31
salmissra,1982,575
section,1891,1
twltl,1964,1078
the,1804,1
territory,1819,1
to,1812,1
state,1907,2
the,1812,1
to,2002,32
section,1856,1
test,1476,8
table,1994,12
shappirio,1832,583
table,1659,1
the,1831,1
the,1547,1
the,1911,1
section,1803,1
the,1844,1
solution,1884,1
tel,1601,1
section,1842,1
tariff,1841,5
specification,1911,1
the,1721,1
t,1887,1
the,1813,1
sp,1500,1
sp,1875,1
table,1980,6
the,1821,1
schumer,1886,1
tricare,1789,1
t,1824,1
t,1915,2
the,1813,1
section,1905,1
territory,1810,1
state,1915,1
state,1908,2
specification,1892,1
that,1603,1
the,1855,1
the,1834,1
second,1997,3
seclab,1781,3
sizes,1500,576
the,1472,50
the,1895,1
shaithis,1989,510
t,1829,1
seafalcon,1922,510
section,1875,1
shenzhen,1982,1
the,1861,1
to,1812,1
to,1812,1
see,1837,1
show,1649,1
t,1879,1
swedae,1956,723
the,1845,1
that,1816,1
securetran,1957,1
the,1759,1
subdepartment,1830,560
shenzhen,1900,1
the,1900,2
state,1907,1
state,1861,1
the,1866,2
to,2004,31
tariff,1500,1
to,1993,4
t,1822,2
the,1813,1
the,2014,2
the,1844,1
that,1472,3
t,1809,1
teachsource,2010,156
tharlarion,1984,2
sinsheimer,1900,1
the,2008,2
the,1805,1
schmittou,1857,787
t,1770,1
the,1819,1
telsegram,1915,1
the,1865,1
table,1819,1
t,1818,1
the,1793,1
the,1858,1
the,1833,1
the,2016,3
t,1833,1
start,1813,1
tricare,1973,2
table,1876,1
taboos,1820,3
state,1834,1
the,1855,1
second,1843,1
the,1834,1
the,1816,1
state,1906,1
shaheen,1819,2
toolco,1832,22
the,1873,1
sizes,1884,1
t,1990,2
the,1867,2
t,1882,1
solution,1984,1
t,1816,1
specification,1846,1
table,1900,1
the,1891,1
table,1900,1
t,1706,2
see,1807,1
state,1969,1
the,1861,1
second,1998,7
the,1853,1
table,1866,1
taiyaba,1914,518
the,1817,1
sukainah,1879,1986
t,1866,1
section,1893,1
tyltyl,1909,1439
state,1501,2
the,1801,1
t,2013,26
that,1687,1
territory,1832,1
tolnedran,1982,547
teamstepps,2001,1
the,1814,1
that,1620,1
t,1821,1
t,1855,1
schumer,1886,1
state,1472,272
state,1908,2
taboos,1726,742
soissonac,1844,791
solution,1981,1
to,1470,1
the,1851,1
state,1848,1
the,1875,1
tclass,1847,1
tariefnummer,1973,907
the,1819,1
sarezynes,1810,1479
tonicka,1917,1150
t,1962,3
table,1472,2
test,1843,1
t,1703,1
telxon,1941,652
the,1811,1
t,1893,1
the,1861,1
trrlsupplementary,1978,102
state,1812,1
start,1542,1
table,1854,1
stuccovia,1901,621
tacticboard,2016,1002
the,1800,1
tel,1700,1
t,2014,130
table,1704,1
the,1817,1
section,1899,1
the,1825,1
the,1885,1
toolco,1866,2
t,1799,1
tel,1743,1
t,1990,8
second,1881,1
test,1499,1
solution,1867,1
t,1909,1
sizes,1663,2
state,1916,5
the,1890,1
section,1840,1
the,1936,1
toolco,1832,1640
that,1801,1
state,1896,1
state,1990,6
seysmologii,1949,512
sample,1475,6
seclab,1781,3
the,1844,1
test,1900,1
table,1910,1
the,1832,1
the,1828,1
stabenow,1789,1960
solution,1752,6
the,1709,1
the,1870,1
sample,1872,1
schumer,1915,2
t,1922,1
subdepartment,1850,1
the,1834,1
start,1972,29
tariff,1713,1
scarinza,1958,576
second,2009,1
teachsource,2010,804
table,1900,23
t,1744,1
tipsm,1961,1120
section,1827,1
the,1788,1
the,2010,3
the,1811,1
the,1810,1
that,1810,1
solution,1890,1
tel,1781,1
the,1880,1
solness,1892,18
t,2013,4
teungku,1898,1
t,1770,1
spie,1579,1
state,1881,1
second,1472,6
set,1472,3
second,1846,1
that,1860,1
the,1838,1
table,1975,9
t,1860,1
the,1870,2
t,1783,1
state,1903,1
teopar,1887,1230
the,1879,2
see,1813,1
t,1851,1
show,1494,2
t,1690,1
the,1839,1
state,1868,1
the,1472,16
shall,1478,2
start,1821,1
start,1972,4
the,1863,1
state,1824,1
t,1884,2
start,1992,4
t,1821,1
that,1685,1
t,1826,1
stcfs,1990,586
t,1798,1
t,1824,1
the,1813,1
the,1824,1
section,1886,3
tariff,1807,1
start,1984,1
the,1811,1
t,1710,1
table,1859,1
t,1771,1
stuccovia,1901,621
treaty,1725,1
specification,1841,1
section,1472,312
t,1986,11
second,1995,3
the,1861,1
state,1872,1
the,1810,1
the,1813,1
see,1472,2
torriswood,1825,685
t,1753,1
test,1869,1
t,1885,1
sulphart,1921,565
swearah,1817,8
the,1831,1
table,1839,1
t,1883,1
the,1813,1
to,1846,1
test,1476,8
sql,1871,1
the,1880,1
taboos,1820,3
slatinshek,1832,1
state,1803,1
set,1991,4
streissguth,1832,692
the,1819,1
sigafus,1832,659
subdepartment,1843,1
the,1813,1
treaty,1477,4
tariff,1831,2
silvion,1890,735
table,1878,1
t,1851,1
the,1825,1
state,1648,1
table,1911,1
salanda,1855,731
state,1851,1
the,1855,1
second,1757,1
table,1475,35
the,1855,1
thousandacres,1845,934
state,1641,1
section,1861,1
teachsource,2010,156
the,1841,1
shumopavi,1891,764
the,1863,1
t,1861,1
t,1836,1
table,1923,1
the,1668,1
the,1808,1
the,1861,1
to,1852,1
the,1860,1
test,1804,1
tympan,1872,3
scavagers,1835,1
t,1834,1
state,1845,1
second,1692,1
state,1838,1
t,1721,1
t,1813,1
table,1672,1
state,1921,1
section,1851,1
territory,1478,1
sturmfeder,1839,559
t,1844,1
the,1823,1
section,1851,1
teloser,1967,765
the,1855,1
section,1861,1
telxon,1941,7
state,1875,1
t,1844,1
teamstepps,2001,1
test,1500,43
t,2014,38
sample,1897,1
set,1651,1
starclan,2004,1106
the,1853,1
shukadev,1851,570
territory,1803,2
the,1844,1
the,1472,32
t,1915,2
that,1834,1
table,1889,1
sheviri,1868,833
section,1802,1
t,1841,1
t,1851,1
t,1990,11
shenzhen,1837,2
table,1854,1
second,1727,1
souambul,1991,2158
t,1710,1
t,1908,2
the,1853,1
section,1851,1
solution,1810,1
table,2003,1
territory,1811,2
shalizan,1881,621
table,1851,1
to,1824,1
seidlits,1789,1956
the,1706,1
t,1799,1
sampled,1907,1
the,1818,1
tariff,1873,1
tipsm,1961,1114
t,1834,1
shall,1747,1
solness,1892,18
state,1810,1
the,1837,1
sinalita,1971,1
section,1914,1
sp,1851,1
t,1829,1
the,1849,1
t,1836,1
territory,1904,1
the,1865,1
second,1989,1
shamboro,1880,1794
section,1822,1
seidlits,1789,47
table,1889,1
snowe,1803,1
see,1478,1
the,1859,1
sicomy,1850,609
the,1853,1
that,1749,1
that,1719,1
section,1826,1
second,1801,1
to,1826,1
t,1735,1
t,1741,1
the,1739,1
t,1834,1
tel,1804,1
state,1641,1
the,1857,2
the,1814,1
start,1819,1
the,1920,1
that,1644,2
the,1862,1
tintajeux,1885,1362
the,1853,1
to,1852,1
t,2013,6
the,1836,1
section,1992,6
sp,2004,3
to,1781,1
starclan,2004,13
t,1744,1
the,1880,1
the,1856,1
the,1834,1
the,1832,1
t,1986,7
tricare,1940,2
the,1822,1
the,1823,2
scrappie,1878,869
tel,1759,1
the,1778,1
the,1812,1
sumbat,1827,1061
the,1853,1
the,1844,1
squirrelflight,2006,1091
start,1819,1
section,1897,1
tariff,1879,1
section,1828,1
sarmatov,1946,647
the,1831,1
the,1863,1
the,1816,1
sturholm,1907,963
t,2013,4
t,1954,1
schumer,1944,1
t,1798,1
sarbanes,1927,9
to,1690,1
the,1840,1
solution,1915,1
transco,1832,1
stilborough,1873,1246
section,1914,2
t,1806,1
section,1798,1
scholarlyeditionstm,2012,22377
stighelen,1897,599
t,1841,1
stairco,1955,621
teledias,2005,1072
t,1807,1
the,1868,1
the,1812,1
thiennette,1827,656
the,1846,1
table,1900,1
sheykh,1759,483
taboos,1835,1
sellingworth,1921,909
the,1834,1
the,1815,1
table,1782,1
thune,1588,1
t,1834,1
tympan,1730,1
the,1809,2
studdenham,1912,484
to,1993,3
table,1996,4
t,1962,3
second,1547,1
the,1912,1
the,1843,1
second,2008,4
solution,1984,1
table,1988,1
telxon,1941,650
the,1816,1
table,1912,1
tailandeze,2018,2039
t,1814,1
treaty,1804,1
section,1868,1
sizes,1853,1
the,1811,1
solution,1815,1
sununu,1949,1
tresmond,1759,1
to,1811,1
t,1821,1
the,1826,1
shaheen,1874,2
the,2009,1
that,1472,16
second,1833,1
t,1475,2
state,1861,2
the,1856,1
teungku,1898,1
second,1830,1
sp,1722,1
a,1850,1
wyden,1789,2099
wm,1985,147
wolhaupter,1832,1
a,1802,1
are,1694,1
watchos,1850,3
a,1716,1
a,1895,1
was,1662,1
a,1834,1
water,1487,1
a,1821,1
water,1685,1
a,1855,2
a,1863,1
user,1900,1
a,1815,1
user,1998,8
a,1839,1
a,1809,1
a,1813,1
a,1823,1
a,1881,1
a,1793,1
a,1751,1
a,1854,2
wm,1986,1
yoswein,1925,6
a,1808,1
wm,1987,1
yusco,1842,1
user,1983,1
a,1730,1
user,1988,6
a,1814,1
a,1831,1
a,1821,1
wm,1990,128
a,1815,1
a,1820,1
unomil,1947,518
water,1816,1
wm,1988,18
a,1804,1
a,1821,1
a,1816,1
a,1808,1
a,1829,1
a,1835,1
wm,1985,1
valko,1680,1
a,1800,1
wm,1988,3
zayran,1983,2
a,1812,1
a,1869,1
underreamers,1832,1
year,1814,1
a,1879,1
veramyst,2007,1206
year,1814,1
a,1867,1
a,1809,1
a,1805,1
wm,1986,1
a,1821,1
a,1847,1
a,1808,1
a,1876,2
a,1845,1
a,1855,1
user,1989,1
was,1682,1
a,1851,1
user,1990,2
a,1822,1
a,1908,1
a,1836,1
application,1854,79
a,1821,1
a,1819,1
a,1811,1
a,1832,1
a,2001,2
wellstone,1874,9
weight,1874,1
a,1843,1
zbaraj,1890,768
a,1813,1
a,1711,1
a,1816,1
a,1867,1
water,1893,1
a,1813,1
a,1805,1
a,1832,1
a,1800,1
waldter,1867,613
a,1825,1
a,1822,1
wroolie,1878,560
a,1819,1
unops,1947,18
a,1904,1
wm,1800,1
wm,1985,31
wstawszy,2002,3
wm,1985,38
a,1821,1
a,1813,1
a,1735,1
a,1858,1
application,2008,1
a,1819,1
uncrushed,1848,3
a,1826,1
a,1876,1
winterdale,1813,1035
yemilyan,1899,535
valancourt,1808,1
willersdale,1830,950
a,1827,1
a,1796,1
a,1807,1
tricare,1993,3
a,1832,1
a,1816,1
varayoq,1961,28
a,1820,1
a,1841,1
a,1791,1
wm,1985,17
ykvj,2001,1390
varbarriere,1865,2681
a,1853,1
uscg,1944,1
a,1840,1
a,1817,1
whitefire,1891,509
water,1784,1
a,1868,1
wm,1995,4
a,1810,1
a,1821,1
a,1870,1
a,1775,1
volodyovski,1890,2682
a,1845,1
was,1593,1
a,1834,1
a,1842,1
wm,1985,1
a,1808,1
a,1845,1
a,1843,1
a,1754,1
a,1831,1
a,1809,1
a,1863,1
all,1796,1
a,1812,1
a,1913,1
a,1807,1
a,1822,1
a,1827,1
and,1842,1
a,1834,1
wm,1990,5
truthbetold,2017,570
warieda,1929,503
tsarevich,1841,3
wm,1985,1
a,1879,1
a,1834,1
tricare,1989,1
a,1804,1
wm,1985,16
workcomp,1925,1
a,1835,1
utterword,1919,304
a,1859,1
vitter,1789,1513
a,1811,1
voinovich,1922,1
a,1838,1
a,1795,1
a,1849,1
a,1834,1
a,1852,1
a,1809,1
a,1811,1
wildresse,1915,712
wm,1984,1
voroshilin,1922,535
yardmasters,1501,212
a,1706,1
a,1812,1
a,1829,1
wm,1985,14
underreamers,1832,37
a,1834,1
wm,1985,1
wm,1985,2
a,1812,1
a,1816,1
voinovich,1922,1
a,1851,1
a,1805,1
a,1818,1
a,1829,1
wm,1985,6
a,1857,1
vertipaq,1900,1
user,1900,5
a,1814,1
zuziwe,1976,1390
zrxog,1977,500
a,1833,1
wm,1985,9
a,1840,1
a,1804,1
acid,1857,1
voinovich,1949,2
a,1764,1
wm,1985,31
weight,1901,1
a,1838,1
a,1750,1
a,1807,1
a,1828,1
a,1812,2
a,1804,1
a,1849,1
a,1821,1
application,1854,1
user,1976,1
a,1754,1
user,1995,6
a,1837,2
wm,1990,75
wm,1990,21
wm,1985,2
a,1812,1
water,1855,1
action,1947,1
a,1847,1
a,1842,1
a,1853,1
a,1815,1
action,1806,1
wm,1985,1
a,1790,1
user,1989,1
a,1765,1
wolrichston,1866,601
a,1834,1
a,1725,1
a,1809,1
a,1761,1
a,1809,1
vernao,1807,563
a,1844,1
a,1843,1
a,1814,1
a,1805,1
a,1805,1
a,1811,1
a,1805,1
a,1824,1
underreamer,1832,716
yardmaster,1501,1013
was,1849,1
tullishi,1947,556
application,1837,1
weight,1862,1
a,1880,1
a,1814,1
a,1850,1
a,1813,1
user,1984,2
a,1849,1
wolhaupter,1812,1
a,1826,1
xinhua,1979,14
weight,1809,1
a,1830,1
wm,1985,1
wm,1986,6
unjspf,1947,185
a,1819,1
a,1821,1
a,1843,1
a,1832,1
a,1832,1
a,1825,1
wixom,1908,1
a,1816,1
villebecque,1844,783
a,1842,1
villebecque,1844,9
a,1849,1
veramyst,2007,15
a,1832,1
warrisden,1904,8264
a,1812,1
wm,1985,2
a,1818,1
a,1884,1
a,1800,1
a,1832,1
yoswein,1961,237
wellstone,1789,974
a,1841,1
urfc,1716,1
upround,1907,1
yillah,1849,533
a,1802,1
uranic,1841,1
vietnamesiska,1992,1
vicaud,1902,1506
a,1745,1
a,1836,1
wm,1992,14
wm,1986,1
a,1833,1
a,2002,2
zahnh,1872,673
a,1884,2
acid,1773,1
valtimore,1821,856
uebersee,1832,654
a,1813,1
a,1793,1
a,1845,1
as,1718,1
wm,1986,14
a,1808,1
a,1785,1
a,1841,1
a,1844,1
a,1776,1
a,1804,1
a,1724,1
a,1859,1
a,1749,1
a,1834,1
a,1855,1
a,1826,1
a,1816,1
wm,1988,12
a,1826,1
transco,1832,2
at,1609,1
wm,1985,2
a,1875,1
a,1851,1
a,1796,2
wm,1988,2
a,1859,1
a,1777,1
year,1689,1
and,1825,2
wm,1990,23
a,1844,1
a,1803,1
a,1808,1
a,1829,1
wellstone,1992,2
a,1859,1
a,1815,1
a,1796,1
a,1809,1
a,1747,1
user,1993,3
a,1823,1
a,1882,1
a,1872,2
a,1810,1
wm,1985,2
a,1839,1
a,1830,1
unitemized,1805,30
a,1860,1
wm,1985,10
tyope,1890,959
wiktorski,1915,1
a,1787,1
a,1828,1
a,1808,1
yardmaster,1501,2
a,1840,1
a,1475,133
a,1852,1
voinovich,1789,967
zoulmekan,1884,701
a,1813,1
a,1856,1
valtimore,1821,854
user,1990,2
a,1810,1
a,1821,1
a,1858,1
a,1805,1
a,1819,1
a,1815,1
a,1823,1
a,1825,1
a,1789,1
a,1813,1
wm,1987,1
weight,1850,1
tryggvesson,1844,736
a,1834,1
application,1970,1
a,1880,1
a,1817,2
tushiyetu,1876,566
a,1833,1
a,1876,1
wm,1988,3
a,1838,1
a,1820,1
a,1822,1
a,1827,1
workcomp,1918,1
a,1834,1
a,1829,1
uedagin,1974,956
wm,1985,15
a,1809,1
a,1818,1
a,1813,1
a,1896,1
a,1805,1
wm,1989,10
wm,1985,3
yardmasters,1892,1
uebersee,1908,2
user,2000,1
a,1832,1
application,1967,1
a,1831,1
a,1803,1
a,1868,1
a,1824,1
app,1579,1
a,1893,2
tympan,1683,565
uscg,1921,1
water,1810,1
yoomy,1849,15
a,1809,1
wm,1986,2
yardmaster,1501,2
a,1719,1
unmatjera,1904,678
a,1853,1
user,1983,1
a,1806,1
wm,1990,50
a,1813,1
weight,1859,1
a,1823,1
a,1825,1
a,1830,2
a,1813,1
a,1849,1
a,1851,1
wm,1985,34
zehowah,1891,3220
water,1873,1
voinovich,1999,6
wm,1656,1
user,1997,1
a,1851,1
a,1731,1
user,2000,1
a,1800,1
weight,1693,1
a,1802,1
a,1819,1
a,1844,1
wm,1985,2
a,1823,1
wixom,1872,1
utterword,1916,29
user,1989,1
vitter,1789,1513
a,1832,1
a,1824,1
wm,1986,1
wstawszy,2017,169
a,1728,1
a,1815,1
a,1882,1
yusco,1982,1997
a,1808,1
a,1818,1
a,1876,1
a,1844,1
a,1932,1
a,1806,1
a,1804,1
a,1875,1
wm,1985,1
a,1837,1
user,1993,2
a,1837,1
a,1820,1
villerose,1810,593
yoswein,1949,1
user,1873,1
wm,1892,1
yardmasters,1601,1
a,1852,1
a,1812,1
a,1838,1
a,1806,1
a,1833,1
a,1800,1
yeldez,1841,558
a,1820,1
a,1622,1
a,1825,1
a,1806,1
a,1800,1
a,1842,1
a,1807,1
a,1819,1
a,1802,1
wellstone,1874,9
a,1855,1
a,1817,1
a,1830,1
wm,1985,1
a,1833,1
a,1912,1
a,1844,1
a,1792,1
a,1850,1
a,1814,1
a,1819,1
a,1832,1
a,1781,1
a,1880,2
a,1823,1
zodman,1965,757
a,1813,2
a,1826,1
unjieng,1832,23
a,1812,1
a,1816,1
a,1812,1
as,1487,1
a,1800,1
a,1808,1
a,1805,1
a,1808,1
wellstone,1789,974
a,1814,1
tricare,1918,1
a,1805,1
a,1824,1
wm,1986,4
a,1821,1
wileyblackwell,2013,12262
a,1849,1
vitter,1548,5
a,1798,1
year,1746,1
user,1900,2
a,1804,1
a,1797,1
waryager,1926,560
a,1809,1
a,1820,1
a,1862,2
user,1989,1
a,1823,1
a,1808,1
a,1892,1
a,1824,2
twentifold,1884,548
water,1851,1
a,1869,1
a,1848,1
a,1810,1
a,1832,1
urfc,1945,19
wm,1988,21
water,1851,1
user,1995,6
yahatinda,1935,520
a,1816,1
a,1821,2
warrisden,1904,8110
vanellope,2012,526
voinovich,1922,1
user,1542,3
a,1737,1
wazhinga,1903,646
a,1859,1
a,1844,3
a,1826,1
a,1759,1
a,1821,2
weight,1939,1
a,1815,1
user,1995,2
a,1813,1
a,1805,1
a,1818,1
a,1814,1
a,1893,1
wm,1985,2
wm,1985,23
a,1807,1
water,1775,1
a,1822,1
a,1815,1
a,1801,1
a,1858,1
yammerton,1858,802
wm,1985,1
udorthents,1923,2
a,1826,1
a,1857,1
user,1989,1
wm,1985,14
wm,1517,1
a,1826,1
a,1820,1
a,1798,1
uebersee,1913,1
a,1808,1
wm,1985,5
a,1812,1
wm,1985,17
a,1803,1
a,1829,1
a,1818,1
vladimirych,1917,1192
a,1720,1
a,1795,1
a,1828,1
a,1563,1
a,1858,3
uscg,1955,4
a,1805,1
a,1774,1
a,1651,1
a,1622,1
a,1775,1
a,1747,1
wm,1985,21
a,1821,1
urlconnection,1996,1024
a,1853,1
a,1821,1
weatherstaff,1911,1
a,1816,1
a,1808,1
a,1817,1
yehoalay,1822,496
a,1804,1
a,1847,1
a,1848,1
a,1840,1
wm,1985,8
vervillin,1842,570
a,1832,1
as,1572,1
a,1843,1
workcomp,1972,15265
a,1880,1
voinovich,1789,1750
a,1818,1
a,1830,1
a,1831,1
a,1795,1
a,1824,1
a,1844,1
vanvorce,1887,1
uspq,1832,811
as,1840,1
a,1797,1
wm,1988,7
uspq,1939,1
a,1809,1
a,1812,1
wm,1985,1
a,1824,1
a,1807,1
a,1854,1
a,1792,1
year,1577,1
user,1993,2
yoswein,1961,452
wm,1986,1
a,1804,1
a,1803,1
action,1863,1
zatsvilikhovski,1890,585
a,1876,1
a,1708,1
a,1828,1
a,1843,1
a,1813,1
a,1819,1
a,1818,1
zaraikine,1876,614
wm,1986,1
a,1801,1
urlacher,1867,551
application,1945,1
a,1829,1
wm,1986,1
vengeous,2008,564
a,1877,1
a,1579,1
unikbdc,1993,552
a,1845,1
unomil,1947,1
wm,1985,129
weol,1812,1
a,1856,1
vizada,2007,1065
a,1842,1
a,1875,1
uklpr,1964,3759
a,1846,2
yillah,1849,15
a,1817,1
a,1779,1
a,1832,1
a,1765,1
wellstone,1964,1
a,1831,1
wm,1986,14
vilmarcati,1820,1142
vemreaux,2013,693
a,1805,1
uranic,1590,1
a,1831,1
was,1593,1
wm,1718,1
a,1812,1
wm,1985,14
wm,1985,1
vjku,2001,504
wixom,1866,2
a,1773,1
a,1792,1
a,1818,1
a,1832,1
wm,1783,1
yeldez,1841,592
yusco,1982,1962
a,1808,1
transco,1866,1
a,1819,1
a,1810,1
wm,1985,3
a,1847,1
application,1854,79
yardmasters,1501,902
a,1851,1
a,1812,1
a,1850,1
trendellsohn,1866,2541
a,1827,1
wm,1985,16
a,1821,3
a,1853,1
a,1814,1
wileyblackwell,1935,6
a,1841,1
a,1785,1
a,1824,1
unomil,1947,536
a,1821,1
water,1775,1
application,1970,1
water,1819,1
uleebalang,1958,1
a,1813,1
transco,1832,1
a,1855,1
wm,1987,1
a,1832,1
a,1819,1
a,1808,1
a,1831,1
a,1841,1
a,1834,1
wixom,1861,1
water,1887,1
a,1808,1
vrymeer,1980,579
a,1871,1
a,1803,1
volyarus,2013,561
a,1745,1
a,1826,1
a,1857,1
a,1826,1
a,1803,1
wm,1989,10
a,1803,1
a,1812,1
a,1815,1
a,1805,1
a,1757,1
user,1868,1
a,1823,1
uscg,1957,2
a,1760,1
wm,1489,1
a,1811,1
a,1810,1
a,1643,1
a,1830,1
wm,1985,2
a,1797,1
a,1822,1
a,1853,1
a,1820,1
a,1815,1
wm,1489,2
a,1795,1
a,1825,1
a,1859,1
a,1832,1
wm,1985,11
year,1833,1
a,1761,1
a,1872,2
user,1766,1
a,1832,1
a,1804,1
a,1853,1
a,1808,1
unops,1852,1
a,1715,1
a,1786,1
tsarevich,1841,3
a,1821,1
a,1818,2
a,1791,1
weight,1845,1
wiktorski,1957,583
a,1783,1
a,1808,1
a,1836,1
a,1806,1
wm,1985,7
a,1850,1
wyden,1548,1
weight,1865,1
a,1809,1
water,1802,1
user,2000,1
wm,1990,25
a,1845,1
volodyovski,1891,6
a,1820,1
a,1814,1
user,1995,7
westlaw,1946,1
a,1803,1
a,1850,1
application,1854,1
water,1873,1
a,1844,1
a,1827,1
a,1855,1
voinovich,1949,2
year,1900,1
a,1818,1
a,1804,1
a,1818,1
a,1667,1
user,1900,1
a,1826,1
a,1814,1
wm,1985,7
a,1814,1
a,1795,1
a,1810,1
a,1897,1
a,1855,1
a,1800,1
tredethlyn,1864,942
a,1825,1
a,1703,1
user,1993,2
user,1900,1
trogloscaptomyza,1948,536
a,1834,1
weight,1734,1
unmatjera,1904,691
a,1809,1
year,1668,1
a,1807,1
a,1884,1
a,1812,1
tryckt,1728,1
voinovich,1922,1
wm,1986,15
a,1725,1
watercott,1885,954
a,1817,1
a,1868,1
a,1849,1
user,1900,3
a,1815,1
a,1824,1
a,1774,1
a,1869,1
a,1817,1
urlacher,1888,1
uklpr,1964,3759
a,1808,1
a,1804,1
a,1855,1
wm,1985,20
a,1813,1
a,1809,2
wm,1985,5
vertipaq,2010,699
water,1472,459
a,1802,1
a,1854,1
a,1819,1
a,1815,1
vendice,1825,1061
wm,1985,14
a,1823,1
a,1815,1
a,1848,1
year,1932,2
year,1949,1
a,1808,1
a,1830,1
yoswein,1925,6
a,1795,1
a,1843,1
action,1665,1
year,1551,1
user,1900,1
volderdoes,1892,1044
a,1822,1
a,1803,1
wm,1985,1
a,1792,1
year,1900,1
weight,1734,1
water,1472,74
a,1829,1
volderdoes,1892,1034
a,1823,1
a,1735,1
a,1857,1
a,1792,1
a,1831,1
zargonnii,2013,676
a,1816,1
a,1834,2
a,1824,1
a,1821,1
tricare,1993,2
wm,1985,3
tuhfeh,1884,862
a,1809,1
zataki,1975,519
a,1808,1
a,1813,1
vohrenlorf,1899,623
a,1781,1
westlaw,1957,1
a,1803,1
wynnette,1889,556
wm,1985,2
a,1851,1
user,1989,1
a,1882,1
a,1850,1
wm,1985,4
a,1852,1
a,1802,1
app,1816,1
a,1859,1
water,1742,1
a,1840,1
a,1776,1
wm,1985,1
a,1809,1
trebooze,1857,55
a,1792,1
award,1651,1
a,1805,1
a,1865,1
a,1846,1
a,1823,1
yoswein,1961,429
a,1812,1
a,1809,1
a,1810,1
wm,1988,10
a,1803,1
a,1800,1
a,1807,1
voinovich,1999,3
user,1989,1
a,1854,1
a,1820,1
a,1824,1
a,1814,1
user,1967,1
a,1842,1
wm,1985,15
wp,2010,87
a,1852,1
a,1842,1
a,1845,1
wazhinga,1903,646
a,1817,1
a,2010,4
a,1821,1
a,1810,1
uscg,1943,1
valancourt,1794,761
year,1642,1
a,1752,1
a,1844,1
zinkel,1850,330
a,1799,1
year,1832,1
a,1807,1
wyden,1981,2
action,1665,1
a,1798,1
user,1995,4
a,1829,1
transco,1832,6
a,1815,1
a,1852,1
year,1675,1
a,1809,1
a,1708,1
a,1815,1
voinovich,1789,28
truthbetold,2007,1
a,1815,1
zrxog,1977,1
user,1900,1
wm,1987,1
a,1840,1
wileyblackwell,1921,1
a,1942,1
a,1856,1
a,1825,1
a,1829,1
app,1739,1
vitter,1548,5
a,1811,1
action,1847,1
a,1816,1
zibalbay,1894,659
a,1829,1
wp,2010,215
a,1869,1
a,1813,1
unjspf,1947,576
a,1879,2
tympan,1683,564
a,1827,1
wm,1986,1
application,1767,1
a,1813,1
a,1822,1
a,1732,1
a,1803,1
wm,1985,1
a,1834,1
a,1861,1
treplieff,1912,651
a,1812,1
user,1993,3
a,1759,1
was,1489,1
welchhans,1874,1832
ygraine,1896,44
a,1853,1
water,1923,1
a,1800,1
a,1875,2
a,1815,1
zabelthau,1842,564
uscg,1944,1
wm,1986,1
a,1832,1
a,1861,1
a,1820,1
tricare,1965,1
wm,1985,5
user,1985,3
a,1807,1
a,1819,1
a,1843,1
a,1833,1
a,1832,1
a,1811,1
a,1791,1
a,1841,1
a,1791,1
a,1808,1
a,1846,1
westlaw,1811,1
a,1814,1
a,1815,1
a,1824,2
a,1838,1
year,1793,1
a,1806,1
a,1809,1
a,1826,1
a,1845,1
a,1866,1
a,1844,1
a,1843,1
a,1895,1
a,1829,2
wm,1990,2
a,1942,1
a,1821,1
a,1833,1
a,1836,1
a,1808,1
a,1866,1
a,1843,1
wharbroke,1820,584
wm,1986,1
a,1806,2
a,1858,1
a,1810,1
a,1856,1
a,1845,1
valko,1926,1
a,1825,1
a,1808,1
a,1818,1
a,1837,1
wesakaychak,1929,525
wm,1985,41
a,1850,1
wolhaupter,1832,1
a,1849,1
a,1806,1
a,1858,1
a,1805,1
wileyblackwell,2009,1
a,1823,1
wm,1990,9
treaty,1732,1
a,1822,1
a,1827,1
a,1802,1
a,1809,2
water,1535,1
a,1818,1
a,1850,1
a,1790,1
westlaw,1936,5
a,1833,1
trogloscaptomyza,1948,536
a,1819,1
a,1850,1
a,1840,1
a,1806,1
wixom,1891,1
a,1829,1
a,1827,1
a,1813,1
a,1823,1
a,1812,1
a,2000,1
a,1809,1
a,1834,1
vlightberg,1903,754
wm,1985,2
a,1819,1
a,1806,1
trolloc,1990,790
user,1999,8
a,1854,1
voinovich,1999,3
a,1799,1
a,1870,1
a,1508,2
westonhaugh,1882,27
a,1826,1
a,1852,1
a,1804,1
a,1850,1
wordprocessingml,2004,848
user,1990,2
a,1837,1
wp,1685,3
a,1821,1
a,1818,1
a,1832,1
wm,1985,13
a,1813,1
wileyblackwell,2009,1
a,1785,1
a,1897,1
a,1831,1
user,1900,1
a,1839,1
a,1750,1
trendellsohn,1866,2541
veramyst,2007,15
zodomirsky,1892,724
a,1850,1
user,1900,2
a,1805,1
a,1812,1
a,1850,1
a,1845,1
wm,1986,2
a,1680,1
a,1853,1
a,1821,1
wm,1985,3
a,1810,1
a,1831,2
a,1790,1
a,1812,1
a,1801,1
a,1734,1
wp,1914,1
a,1808,1
a,1832,1
a,1810,1
tricare,1789,1
a,1801,1
a,1694,1
user,1900,1
urfc,1716,1
a,1853,1
a,1860,1
transco,1832,1
a,1826,1
a,1815,1
a,1818,1
a,1837,1
a,1818,1
a,1837,1
a,1711,1
a,1822,1
user,1900,4
wm,1986,6
a,1824,1
wm,1817,1
user,1900,1
a,1812,1
urfc,1945,922
a,1813,1
a,1829,2
a,1839,1
a,1832,1
action,1970,1
water,1862,1
yillah,1849,15
a,1809,1
a,1814,1
a,1797,1
a,1824,1
wm,1985,10
ygraine,1896,3
a,1806,2
zayran,1983,2
unitemized,1805,422
a,1817,1
user,1998,6
a,1825,1
a,1839,1
a,1811,1
a,1793,1
wm,1985,71
uncrushed,1883,1
a,1850,1
a,1815,1
a,1805,1
a,1840,1
a,1807,1
a,1805,1
a,1805,1
a,1822,1
a,1802,1
a,1862,1
a,1804,1
a,1826,1
a,1807,1
workcomp,1972,10954
a,1597,2
a,1854,1
a,1830,1
a,1855,1
application,1998,6
vengoechea,1867,1066
water,1873,2
a,1813,1
a,1824,1
a,1807,1
a,1848,1
yorodaikolik,1944,1008
westlaw,1801,217
a,1834,1
a,1861,1
a,1790,1
a,1831,1
weatherstaff,1911,1
all,1665,1
a,1808,1
a,1818,1
a,1846,1
a,1806,1
a,1845,1
a,1830,1
a,1800,1
vanvorce,1887,833
a,1862,1
a,1822,1
a,1809,2
a,1812,1
weight,1869,1
weight,1857,2
as,1614,1
a,1820,1
a,1816,1
a,1824,1
a,1812,1
wm,1985,1
was,1703,1
user,1900,6
tymmons,1839,1169
a,1885,1
vitter,1895,1
yardmaster,1501,6
yardmaster,1501,8
are,1783,1
a,1816,1
wm,1985,2
a,1732,1
udorthents,1963,1
wm,1985,1
a,1825,1
usoiaa,1955,691
a,1634,1
a,1811,1
a,1833,1
a,1830,1
user,1988,6
wm,1602,1
warnking,1868,1482
a,1802,1
upround,1972,5
yoswein,1961,429
a,1813,1
usgoc,1948,600
wm,1989,13
water,1824,1
a,1781,1
a,1765,1
user,1997,2
voinovich,1969,1
a,1857,1
a,1815,1
a,1832,1
a,1820,1
action,1806,1
vietnamesiska,2018,2039
a,1832,1
a,1827,1
user,1989,2
a,1731,1
a,1843,1
a,1841,1
a,1743,1
a,1842,1
vladimirych,1917,1192
a,1810,1
a,1972,1
year,1912,1
a,1800,1
a,1821,1
a,1811,1
a,1839,1
a,1814,1
user,1995,4
a,1814,1
a,1812,1
user,1990,2
wixom,1858,1
a,1806,1
a,1843,1
yoswein,1961,232
wildresse,1915,710
westlaw,1925,37
a,1794,1
a,1869,1
treaty,1795,1
wm,1985,1
a,1806,1
yardmaster,1501,1007
a,1796,1
a,1724,1
a,1866,1
a,1831,1
ukwane,1959,930
wm,1986,4
a,1787,1
a,1755,1
a,1825,1
was,1567,1
a,1806,1
treaty,1477,1906
a,1848,1
action,1798,1
wm,1985,1
vemreaux,2013,694
water,1860,1
a,1867,1
ygraine,1899,3
a,1825,1
a,1832,1
a,1835,1
a,1792,1
a,1812,1
veekeren,2015,961
year,1868,1
a,1803,1
a,1852,1
a,2003,1
a,1884,1
a,1709,1
a,1948,1
wyden,1982,1
a,1837,1
wm,1985,16
a,1789,1
a,1822,2
yoomy,1849,2
a,1812,1
a,1853,1
user,1900,3
a,1829,1
a,1800,1
a,1754,1
wm,1988,16
wzde,1999,1513
a,1815,1
a,1800,1
a,1851,1
a,1857,1
a,1861,1
a,1962,3
user,1912,1
vengeous,2008,562
a,1909,1
a,1807,1
and,1609,1
a,1775,1
a,1831,1
user,1995,1
a,1785,1
a,1832,1
wolhaupter,1832,3114
a,1841,1
a,1882,1
a,1758,1
a,1708,1
wm,1985,22
a,1821,1
weight,1836,1
a,1853,1
user,1996,2
user,1995,14
a,1847,1
a,1830,1
a,1846,1
a,1815,1
a,1837,1
trawies,1901,783
a,1834,1
a,1814,1
wm,1692,1
a,1814,1
a,1708,1
a,1856,1
user,1990,8
wm,1990,96
a,1834,1
a,1890,1
zargonnii,2013,676
a,1852,1
year,1689,1
a,1821,1
a,1800,1
a,1854,1
a,1812,1
yarilla,1817,535
unikbdc,1993,552
a,1688,2
a,1820,1
voinovich,1999,6
treaty,1645,2
a,1842,1
wixom,1866,2
wm,1985,24
water,1871,1
a,1839,1
a,1796,1
a,1874,1
a,1832,1
wp,1489,20
weight,1475,3
a,1808,1
a,1835,1
wm,1988,13
workcomp,1925,1
year,1873,2
a,1774,1
user,1989,1
a,1882,1
wyden,1968,6
a,1885,2
zappalla,1934,913
wxur,1832,548
wxur,1832,61
year,1876,2
a,1822,1
a,1832,1
a,1904,1
a,1863,1
a,1803,1
a,1837,1
a,1871,1
a,1827,1
xinhua,1979,3
vatoldi,1887,1863
a,1809,1
a,1833,1
a,1861,1
as,1807,1
wm,1985,3
a,1801,1
a,1814,1
wm,1985,11
wm,1984,1
a,1868,1
a,1823,1
a,1823,1
wm,1986,1
a,1805,1
a,1867,2
a,1875,1
a,1835,1
a,1762,1
a,1822,1
a,1803,1
a,1820,1
a,1812,1
a,1809,1
award,1651,1
a,1767,1
a,1816,1
a,1834,2
zelneth,1837,916
a,1755,1
a,1873,1
a,1896,1
a,1848,1
user,1722,1
videocassettes,1953,3
a,1844,1
yillah,1849,32
uncrushed,1500,392
a,1807,1
a,1854,1
a,1814,1
unitemized,1805,267
a,1819,1
a,1821,1
a,1843,1
wm,1985,2
a,1869,1
a,1549,1
a,1808,1
a,1724,1
a,1842,1
a,1807,1
a,1810,1
wm,1989,3
a,1769,1
a,1807,1
videocassettes,1973,1
a,1842,1
a,1803,1
wroolie,1878,560
a,1768,1
xinhua,1931,1
a,1803,1
a,1820,1
a,1830,1
uscg,1789,847
a,1766,1
westlaw,1801,543
a,1842,1
a,1876,1
acid,1804,1
year,1793,1
valancourt,1808,1
a,1801,1
a,1832,1
a,1719,1
wm,1987,4
a,1837,1
a,1835,1
westonhaugh,1882,2249
a,1846,1
zbaraj,1890,768
a,1832,1
a,1832,1
a,1798,1
a,1817,2
upround,1879,635
a,1729,1
a,1832,1
a,1747,1
wm,1985,1
a,1791,1
ucdms,1978,1209
a,1851,1
water,1487,1
unomil,1947,18
volpatte,1917,1151
a,1823,1
a,1839,1
xinhua,1980,2
a,1808,1
uiticos,1922,657
wm,1992,6
a,1810,1
viewbag,2011,539
a,1825,1
underreamer,1832,19
a,1857,1
a,1862,1
wm,1985,6
westlaw,1801,260
year,1971,12
a,1806,1
a,1849,1
year,2000,1
a,1795,1
a,1810,1
user,1995,2
a,1807,1
a,1803,1
a,1810,1
tulava,1807,674
urbanachampaigni,1973,751
a,1855,1
a,1853,1
a,1820,1
a,1855,1
a,1782,1
user,1998,8
voinovich,1969,1
a,1798,1
a,1879,2
a,1832,1
a,1835,1
a,1838,1
a,1822,1
a,1707,1
wm,1986,2
weol,1846,1
a,1841,1
a,1805,1
user,1997,1
a,1825,1
a,1845,2
a,1847,1
a,1875,1
a,1879,1
vizada,1896,1
yemilyan,1899,513
a,1823,1
a,1806,1
a,1860,1
a,1773,1
a,1804,1
a,1846,1
a,1832,1
vimedia,1832,1719
zellaby,1957,1401
a,1831,1
a,1851,1
westonhaugh,1882,2222
user,1995,2
vdcp,1941,2528
a,1843,1
a,1806,1
a,1828,1
a,1882,1
a,1831,1
a,1807,1
wm,1500,1
acid,1857,1
a,1844,1
urechitoxin,1878,141
a,1860,1
a,1763,1
a,1813,1
a,1852,1
twentifold,1884,546
a,1847,1
a,1812,1
a,1844,1
a,1848,1
a,1861,1
wm,1986,1
a,1812,1
a,1830,1
a,1856,1
a,1810,1
underreamer,1832,19
water,1867,1
a,1818,1
a,1822,1
a,1809,1
a,1814,1
a,1832,1
uebersee,1832,5
a,1842,1
a,1846,1
a,1818,1
a,1810,1
a,1812,1
a,1885,1
weight,1811,1
yoswein,1961,237
a,1853,1
weight,1748,1
water,1822,2
a,1894,1
was,1485,4
weight,1829,1
a,1882,1
wortleby,1863,513
a,1810,1
year,1932,2
a,1856,1
was,1825,1
user,1836,1
a,1804,1
a,1879,1
a,1866,1
a,1881,1
a,1802,1
ykvj,2001,1366
voinovich,1999,30
a,1843,2
a,1802,1
tresmond,1886,661
wm,1985,7
a,1822,1
westlaw,1925,1
user,1989,1
wiredata,1978,2
wrinkell,1867,901
a,1833,1
wm,1848,1
a,1837,1
a,1892,1
user,1989,1
a,1808,1
a,1788,1
a,1823,1
a,1834,1
a,1853,1
a,1781,1
wm,1985,2
a,1769,1
a,1815,1
a,1851,2
a,1814,1
a,1813,1
user,1993,3
application,2007,1
a,1809,1
westlaw,1936,1
wm,1985,14
a,1823,1
a,1823,1
a,1805,1
tyltyl,1879,1
a,1720,1
a,1808,1
wyden,1789,2099
a,1802,1
wp,1891,1
application,1998,6
a,1829,1
a,1807,1
zataki,1975,519
year,1918,1
a,1779,1
a,1813,1
vilmarcati,1820,1081
a,1815,1
wileyblackwell,1921,1
a,1824,1
a,1812,2
year,2000,1
a,1805,1
a,1805,1
a,1808,1
a,1812,1
user,1997,2
a,1832,1
a,1832,1
a,1903,1
zodman,1965,774
action,1880,1
a,1818,1
a,1822,1
a,1845,1
action,1953,1
a,1820,1
a,1837,1
a,1826,1
uncrushed,1500,560
a,1841,1
a,1797,1
water,1862,1
user,1988,3
wm,1489,1
a,1851,1
usamhi,1961,99
a,1832,1
water,1724,1
user,1850,2
a,1850,1
a,1694,1
user,2002,30
wzde,1878,1
a,1827,1
a,1816,1
wp,2010,7
a,1843,1
wp,1651,1
a,1820,1
wendelschaffer,1876,1
a,1837,1
a,1553,1
wm,1986,1
a,1846,1
a,1832,1
a,1793,1
a,1815,1
wm,1985,3
a,1862,1
a,1870,1
a,1872,1
a,1815,1
wyden,1919,1
a,1854,1
westlaw,1952,2
a,1821,3
yarilla,1817,535
wm,1985,10
zaraikine,1876,616
a,1810,1
ugruk,1929,1006
a,1824,1
a,1802,1
a,1809,1
a,1846,1
a,1842,1
a,1839,1
whitefire,1851,1
a,1869,1
a,1737,1
a,1873,1
a,1830,1
a,1800,1
a,1780,1
a,1838,1
wrightpa,1965,632
wm,1990,8
a,1830,1
weol,1677,1
a,1807,1
a,1815,1
wyteby,1859,2
a,1818,1
a,1852,2
a,1841,1
a,1812,1
wm,1985,1
a,1834,1
voinovich,1995,1
a,1841,1
a,1883,1
a,1862,1
a,1810,2
a,1829,1
a,1792,1
a,1812,1
a,1856,1
a,1855,1
a,1873,1
a,1810,1
wallencamp,1881,1241
wp,1527,1
a,1832,1
a,1877,1
a,1744,1
a,1772,1
a,1803,1
a,1846,2
a,1824,2
a,1832,8
a,1813,1
a,1795,1
wm,1985,1
a,1815,1
tricare,1789,1
a,1597,1
urhanized,1952,226
action,1947,1
a,1735,1
yanechek,1874,504
a,1837,1
a,1832,1
vicaud,1902,1523
weight,1670,1
a,1802,1
a,1866,2
a,1810,1
water,1802,1
uscg,1944,1
a,1857,1
a,1808,1
a,1831,1
a,1810,1
wm,1990,7
a,1614,1
a,1804,1
unops,1947,164
a,1809,1
a,1824,1
a,1825,1
weight,1862,1
unops,1947,909
a,1978,1
a,1858,1
a,1806,1
a,1866,1
a,1804,1
an,1946,1
a,1826,1
a,1831,1
travagen,1992,789
a,1800,1
a,1816,1
vernao,1807,540
a,1880,1
weight,1847,1
wm,1990,198
a,1831,2
a,1818,1
a,1747,1
a,1806,1
a,1843,1
a,1808,1
a,1853,1
underreamers,1832,37
a,1706,1
a,1853,1
a,1820,1
wirtig,1850,643
yeoupe,1827,1752
a,1804,1
wm,1969,2
westlaw,1936,1
a,1806,1
a,1860,1
wm,1500,1
usgoc,1948,600
a,1786,1
a,1897,1
a,1816,1
a,1796,1
a,1856,2
wm,1987,1
a,1862,1
vendice,1825,1061
wm,1989,1
volodyovski,1891,2
a,1834,1
vohrenlorf,1899,623
a,1834,1
wyteby,1779,730
a,1884,1
a,1821,1
year,1857,1
a,1820,1
a,1844,1
wm,1985,1
a,1863,1
user,2003,1
a,1839,1
a,1835,1
a,1776,1
a,1830,1
a,1816,1
a,1803,1
user,1900,3
a,1813,1
a,1708,1
water,1810,1
a,1810,1
a,1815,1
water,1760,2
uebersee,1832,5
user,1830,1
a,1806,1
a,1796,1
a,1813,1
wm,1985,6
a,1877,1
wp,1527,1
wallrade,1832,891
vizada,1896,1
tryckt,1655,1
a,1832,1
user,1997,1
a,1855,2
a,1813,1
winterdale,1813,1032
a,1796,1
treaty,1645,2
a,1815,1
a,1814,1
a,1830,1
user,1985,3
treplieff,1912,661
action,1880,1
user,1900,2
a,1825,1
a,1843,1
a,1815,1
a,1857,1
a,1872,1
a,1849,1
a,1812,1
a,1884,1
a,1805,1
a,1808,1
a,1508,2
year,1843,1
yoomy,1849,15
a,1848,1
wm,1985,14
a,1814,1
wm,1985,1
wm,1988,1
and,1609,1
a,1854,1
a,1875,1
a,1826,1
a,1825,1
a,1808,1
a,1853,1
a,1715,1
user,1472,1
transco,1866,1
a,1820,1
a,1826,1
a,1859,1
weight,1839,1
xinhua,1979,13
a,1823,1
a,1861,1
a,1832,1
trawies,1901,785
a,1808,1
a,1832,1
a,1812,1
a,1853,2
wm,1988,10
application,1926,1
a,1832,1
a,1826,1
a,1810,1
a,1787,1
a,1853,1
weight,1875,1
transco,1832,2
a,1829,1
wm,1985,1
voroshilin,1922,535
valko,1998,516
wm,1842,1
a,1846,1
wiprovnick,1965,692
a,1815,1
a,1825,1
truthbetold,2017,8
year,1831,1
a,1864,1
wm,1996,2
wm,1990,8
videocassettes,1953,3
a,1825,1
a,1822,1
a,1829,1
a,1804,1
a,1807,1
a,1815,1
a,1836,1
a,1827,1
a,1880,1
a,1832,1
a,1842,2
a,1799,1
a,1860,1
a,1841,1
a,1796,1
wm,1986,3
a,1798,1
vaufontaine,1898,770
a,1813,1
a,1876,1
a,1731,1
a,1701,1
a,1812,1
a,1804,1
a,1826,1
app,1823,1
application,2008,1
a,1549,1
a,1800,1
a,1708,1
a,1821,1
a,1828,1
a,1833,1
a,1825,1
all,1818,1
a,1795,1
a,1838,1
tyltyl,1879,1
truthbetold,2017,570
a,1774,1
a,1803,1
zodomirsky,1892,724
a,1831,1
wyden,1981,2
a,1858,1
wiprovnick,1965,686
a,1809,1
user,1985,1
a,1867,1
wm,1985,5
a,1839,1
a,1829,1
wm,1986,1
a,1809,1
a,1810,1
veramyst,2007,1206
a,1810,2
a,1815,1
a,1819,1
a,1844,1
a,1837,1
a,1807,1
a,1840,1
a,1854,1
action,1809,1
wm,1985,2
a,1852,1
a,1822,1
a,1824,1
a,1869,1
a,1869,1
a,1802,1
a,1793,1
wm,1985,6
wm,1501,2
all,1839,1
a,1806,1
wp,1764,1
user,1900,4
application,1967,1
a,1835,1
a,1832,1
a,1822,1
ucdms,1978,1246
a,1824,1
zibalbay,1894,659
a,1817,1
a,1829,1
wm,1984,1
a,1852,1
xinhua,1753,1
a,1752,1
a,1854,1
a,1825,1
a,1808,1
a,1810,1
yakus,1832,501
a,1605,1
a,1703,1
videocassettes,1895,2
a,1813,1
wm,1985,1
walmbaria,1936,644
a,1829,1
wm,1969,1
a,1853,2
wm,1990,71
a,1833,1
a,1823,1
a,1802,1
a,1759,1
zinkel,1850,330
a,1886,1
at,1609,1
a,1823,1
a,1806,1
a,1806,1
a,1853,1
a,1811,1
a,1776,1
user,1989,1
a,1810,1
a,1809,1
a,1857,1
a,1812,1
a,1804,1
a,1819,1
a,1738,1
a,1614,1
a,1823,1
xinhua,1979,37
vwip,1941,1016
a,1822,1
a,1810,1
a,1810,1
a,1806,1
a,1818,1
a,1851,1
year,1477,1
a,1814,1
wm,1995,2
a,1844,3
a,1821,1
a,1851,1
a,1856,1
a,1887,1
a,1863,2
a,1829,1
a,1826,1
xinhua,1953,1
wolospa,1883,523
urfc,1945,946
a,1787,1
wm,1990,6
wm,1985,14
a,1811,1
application,1837,1
a,1808,1
application,2007,1
a,1813,1
tryggvesson,1844,736
a,1827,1
a,1808,1
triddelfitz,1878,843
year,1816,1
a,1731,1
a,1801,1
wm,1987,1
a,1815,1
a,1735,1
a,1811,1
wm,1985,20
tricare,1918,1
a,1835,1
a,1816,1
wm,1990,6
a,1822,1
user,1975,1
a,1830,1
a,1810,1
vertipaq,1900,1
wiktorski,1915,1
a,1861,1
wm,1985,1
a,1852,1
weight,1847,1
wm,1986,2
workcomp,1918,1
wittaia,1962,732
a,1811,1
acid,1883,1
uscg,1944,1
a,1810,1
an,1627,1
user,1766,1
a,1837,1
wymez,1985,799
application,1767,1
a,1830,1
weight,1489,3
a,1795,1
wm,1984,1
wm,1985,4
warnking,1868,1483
a,1805,1
wm,1985,1
urlconnection,1996,1025
wp,1661,1
a,1820,1
wyden,1548,1
are,1783,1
user,1472,1
wm,1984,5
wm,1985,17
a,1821,1
wynnette,1889,556
a,1807,1
a,1816,1
a,1831,1
unverbal,1854,20
a,1824,1
a,1857,1
a,1855,1
a,1823,1
valko,1877,2
a,1800,1
a,1842,1
a,1817,2
a,1825,1
a,1917,1
a,1838,1
a,1844,2
a,1824,1
a,1823,1
a,1804,1
a,1834,1
udorthents,1923,552
a,1821,1
a,1871,1
wm,1985,19
a,1815,1
xunnland,2014,667
a,1842,1
user,1987,1
a,1821,1
user,1971,5
wm,1985,1
a,1826,1
yanechek,1874,504
year,1988,5
a,1823,1
a,1840,1
wm,1985,4
a,1824,1
a,1841,1
uedagin,1974,983
videocassettes,1977,13
yahatinda,1935,520
a,1861,1
a,1832,1
a,1860,1
wm,1984,1
varbarriere,1865,2688
a,1813,1
uscg,1943,1
a,1858,1
a,1752,1
acid,1883,1
yakus,1950,2
wp,1602,1
wm,1985,3
zalof,1916,4142
a,1804,1
a,1472,1316
a,1854,1
a,1833,1
action,1972,1
a,1814,1
voinovich,1789,1750
user,1988,2
wm,1986,1
a,1851,1
a,1837,1
user,1990,2
a,1826,1
a,1811,1
voynovski,1906,591
wirtig,1850,640
user,1900,9
a,1809,1
valancourt,1794,761
weight,1893,1
user,1989,2
warranteeism,1854,193
year,1843,4
a,1838,1
water,1823,1
year,1920,2
action,1665,1
a,1775,1
yakus,1872,1
wolhaupter,1832,3126
a,1707,1
wp,1489,20
user,1993,46
wm,1987,10
a,1489,1
a,1793,1
a,1825,1
a,1808,1
a,1809,1
weight,1865,1
walmbaria,1936,644
a,1824,1
a,1809,1
a,1832,1
a,1796,1
a,1853,1
upround,1972,5
a,1809,1
a,1840,1
user,1994,3
uebersee,1832,660
a,1815,1
a,1820,1
a,1934,1
a,1811,1
a,1810,1
wcdocket,2002,748
a,1858,1
whitefire,1851,1
willatopy,1920,3036
a,1872,1
user,1993,46
a,1765,1
welchhans,1874,1832
vanellope,2012,526
a,1717,1
a,1815,2
a,1812,1
a,1787,1
user,1942,1
a,1830,1
vrymeer,1980,588
wordprocessingml,2004,830
a,1831,1
a,1816,1
yorodaikolik,1944,979
a,1836,1
a,1811,1
a,1835,1
a,1831,1
year,1675,1
wolospa,1883,523
volodyovski,1890,2682
unjspf,1947,386
a,1862,1
weight,1828,1
uleebalang,1958,1
water,1472,74
a,1803,1
wzde,1999,1532
a,1745,1
a,1802,1
a,1849,1
a,1876,1
was,1849,1
unverbal,1854,36
wm,1985,89
varayoq,1961,28
a,1918,1
a,1805,1
wm,1984,1
a,1806,1
a,1810,1
vitter,1895,1
a,1842,1
a,1815,1
a,1843,1
wellstone,1991,70
a,1828,1
a,1812,1
a,1873,1
a,1837,2
wymez,1985,805
yehoalay,1822,555
a,1804,1
a,1821,1
wm,1712,1
a,1807,1
a,1862,1
yagharek,2000,1073
a,1847,1
year,1794,1
a,1838,1
wm,1984,1
a,1854,1
vdcp,1941,2469
a,1792,1
a,1813,1
a,1811,1
a,1841,1
videocassettes,1895,2
a,1818,1
a,1809,1
a,1803,5
treaty,1727,1
wzde,1878,1
user,1990,2
a,1754,1
a,1831,1
a,1810,1
a,1881,1
a,1843,1
a,1832,1
a,1855,1
a,1831,2
zelneth,1837,916
a,1840,2
a,1809,1
a,1804,2
a,1859,1
underreamer,1832,713
a,1850,1
user,2003,1
a,1801,1
a,1850,1
a,1716,1
a,1835,1
a,1896,1
a,1842,1
a,1805,1
wallencamp,1881,1269
a,1815,1
zinkel,1850,336
a,1808,1
a,1818,1
a,1878,1
a,1860,1
user,1996,2
a,1863,2
wm,1988,20
a,1850,1
a,1824,1
a,1837,1
a,1821,1
weight,2016,757
a,1841,1
a,1821,1
wixom,1631,2
application,2008,1
a,1814,1
a,1854,2
a,1888,1
a,1815,1
wm,1985,8
a,1802,1
udorthents,1923,8
a,1808,1
a,1814,1
a,1829,1
a,1821,1
zatsvilikhovski,1890,585
a,1799,1
user,1989,1
a,1802,1
a,1850,1
all,1666,1
weight,1874,1
wm,1985,13
yillah,1849,4
a,1836,1
a,1830,1
a,1832,1
a,1824,1
a,1844,1
a,1810,1
a,1757,1
a,1861,1
a,1884,1
a,1814,1
a,1826,1
a,1813,1
underreamer,1832,2
a,1832,1
a,1849,1
a,1806,1
a,1816,1
wm,1988,3
a,1746,1
a,1812,1
a,1832,1
a,1787,1
a,1793,1
volpatte,1917,1151
a,1808,2
westlaw,1891,1
a,1881,1
was,2002,48
a,1811,1
wxur,1832,7
a,1835,1
a,1821,1
a,1832,1
user,1995,2
a,1803,1
a,1834,1
a,1814,1
a,1822,1
user,1900,2
a,1848,1
wm,1986,3
a,1850,1
a,1807,1
app,1816,1
a,1779,1
a,1833,1
uscg,1727,1
a,1802,1
a,1829,1
a,1612,1
a,1816,1
a,1919,1
tulchuherris,1898,859
a,1867,1
a,1722,1
application,1769,1
a,1819,1
a,1878,1
a,1814,1
user,1987,1
a,1841,1
a,1776,1
a,1854,1
a,1762,1
travagen,1992,763
a,1848,1
a,1807,1
a,1830,1
was,1500,1
a,1826,1
a,1774,1
uncrushed,1850,1
a,1804,1
a,1815,1
a,1828,1
a,1803,1
westlaw,1938,1
a,1812,1
yoswein,1961,232
a,1803,1
uranic,1773,2
wp,1859,1
a,1887,1
vlightberg,1903,754
a,1861,1
a,1882,1
utterword,1919,303
a,1869,1
a,1820,1
wm,1990,6
a,1797,1
a,1819,1
wm,1985,1
a,1797,1
a,1804,1
a,1810,1
a,1796,1
a,1834,1
wm,1986,2
a,1844,1
a,1799,1
a,1854,1
a,1802,1
a,1826,1
trebooze,1857,1130
westlaw,1894,1
a,1822,1
a,1853,1
user,1995,6
weight,1889,1
wrinkell,1867,922
viewbag,2011,545
a,1821,1
a,1896,1
a,1805,1
a,1836,1
weight,1489,3
a,1838,1
a,1817,1
year,1851,2
user,1995,3
a,1811,1
wm,1761,1
valko,1877,2
a,1825,1
a,1809,1
year,1783,1
a,1810,1
a,1839,1
vengoechea,1867,1066
water,1784,1
a,1849,1
a,1835,1
a,1800,1
a,1835,1
a,1847,1
a,1820,1
a,1786,1
a,1812,1
a,1819,1
a,1817,1
a,1917,1
a,1823,1
a,1830,1
a,1828,1
a,1793,1
a,1819,1
a,1874,1
user,1993,2
a,1853,1
a,1794,1
a,1838,1
a,1711,1
wm,1985,3
a,1851,1
a,1963,1
wm,1985,1
a,1808,1
a,1850,1
a,1801,1
at,1791,1
user,1900,9
a,1874,2
a,1834,1
a,1804,1
a,1812,1
unomil,1947,1
a,1822,1
a,1819,1
uncrushed,1500,168
a,1870,1
urbanachampaigni,1973,751
a,1822,1
a,1812,1
app,1742,1
wm,1987,1
zrxog,1977,499
a,1812,1
a,1836,1
a,1859,1
trophogen,1913,541
weight,1878,1
a,1766,1
a,1810,1
action,1970,1
a,1848,1
wm,1986,2
a,1818,1
vanvorce,1887,1
a,1817,1
wm,1988,8
zentraedi,1987,1485
a,1815,1
a,1820,1
a,1824,1
yardmasters,1501,902
a,1833,1
a,1797,1
a,1853,1
uncrushed,1848,3
a,1808,1
a,1800,1
xinhua,1981,1
water,1855,1
wp,1670,1
a,1824,1
vitter,1858,1
a,1815,1
a,1805,1
a,1864,1
a,1837,1
a,1830,1
a,1875,1
wm,1990,96
a,1731,1
a,1886,1
acid,1787,1
wakono,1857,659
a,1817,2
a,1855,1
wm,1990,117
a,1806,1
a,1809,2
a,1847,1
a,1895,1
wm,1984,5
a,1873,1
tullishi,1947,556
a,1785,1
weatherstaff,1911,635
user,1873,1
a,1812,2
a,1824,1
a,1716,1
a,1806,2
wolhaupter,1832,3
a,1913,1
weol,1832,570
a,1825,1
wm,1985,2
year,1783,1
wm,1990,6
usoiaa,1955,691
a,1780,1
a,1814,1
a,1845,1
a,1834,1
a,1801,1
zorada,1836,528
a,1836,1
a,1842,1
wm,1988,1
westlaw,1811,1
a,1825,2
a,1799,1
wcdocket,2002,738
a,1708,1
weight,1800,1
a,1884,1
a,1834,1
wm,1985,3
user,1986,4
a,1857,1
a,1815,1
a,1839,1
a,1814,1
zorada,1836,528
a,1843,1
a,1813,1
a,1867,2
wm,1986,1
a,1870,1
a,1881,1
vimedia,1832,1719
a,1833,1
a,1851,1
a,1852,1
a,1837,1
voinovich,1995,1
wm,1985,1
vengoechea,1867,35
a,1475,31
wm,1500,1
wm,1985,2
tredjelande,1973,720
year,1594,1
wm,1986,3
a,1694,1
a,1919,1
truvada,1982,3
a,1813,1
wp,1998,2
a,1597,2
a,1794,1
a,1838,2
a,1824,1
a,1792,1
zimnis,1847,522
user,1985,1
yarikhanov,1995,600
wm,1985,2
year,1472,2
a,1857,2
trebooze,1857,1075
a,1810,1
varelkamp,1891,873
a,1810,1
a,1831,1
wm,1985,3
a,1814,1
a,1906,2
a,1822,1
a,1807,1
a,1809,1
a,1819,1
uscg,1944,1
a,1850,1
a,1855,1
udorthents,1923,541
tryckt,1655,1
a,1843,1
watercott,1885,954
a,1849,1
wm,1985,39
a,1812,1
a,1852,1
a,1833,1
a,1843,1
truvada,1982,3
year,1588,1
a,1765,1
a,1806,1
a,1801,1
voinovich,1999,30
a,1985,6
a,1836,1
a,1803,1
treaty,1714,1
wm,1986,1
a,1823,1
yardmasters,1501,212
a,1792,1
wologizi,1949,547
a,1882,1
a,1837,1
a,1809,1
a,1795,1
a,1805,1
tulava,1807,674
a,1817,1
wologizi,1949,547
a,1737,1
xunnland,2014,667
wm,1985,1
a,1824,1
wm,1986,1
uscg,1789,847
a,1809,1
a,1831,1
wendelschaffer,1885,2295
weight,1809,1
a,1800,1
action,1665,1
a,1813,1
a,1845,1
wp,1685,1
a,1826,1
a,1861,1
a,1801,1
a,1888,1
a,1868,1
wixom,1843,1140
user,1989,1
a,1842,1
a,1476,1
user,1990,2
action,1809,1
user,2002,30
a,1852,1
a,1875,1
a,1838,1
a,1747,1
wm,1984,1
a,1813,1
water,1871,1
a,1854,2
ungahrun,1880,565
a,1834,2
transco,1989,2
a,1824,1
yillah,1849,576
treaty,1795,1
a,1834,3
wm,1985,39
wm,1985,10
a,1812,1
a,1797,1
a,1849,1
a,1807,1
a,1895,1
a,1850,1
zentraedi,1987,1483
a,1854,1
a,1855,1
a,1824,1
xinhua,1980,4
wm,1985,3
a,1813,1
a,1787,1
vardaru,1957,731
xinhua,1900,16
a,1833,1
valko,1680,1
yoomy,1849,3
was,1602,2
a,1796,1
a,1831,1
a,1811,1
volyarus,2013,561
a,1769,1
a,1820,1
transco,1832,581
a,1863,2
visarjaniya,1861,13
a,1795,1
a,1815,1
water,1955,1
wongai,1900,625
a,1817,1
weight,1878,1
unkerlant,2000,804
voinovich,1971,1
a,1803,1
a,1864,1
westlaw,1930,1
a,1825,1
a,1832,1
uleebalangs,1906,11
a,1878,1
a,1832,1
weight,1475,3
user,1994,3
a,1812,1
zzzadditional,2013,2882
westlaw,1934,1
a,1843,1
a,1816,1
a,1816,1
a,1818,1
a,1827,1
as,1487,1
a,1943,1
a,1833,1
a,1839,1
user,2000,1
a,1812,1
year,1668,1
year,1885,2
a,1829,1
wm,1990,8
a,1792,1
a,1801,1
a,1810,1
vinctalin,2015,7199
wiktorski,1957,583
a,1809,2
a,1820,1
application,1926,1
user,1900,6
wm,1985,20
a,1803,1
a,1804,1
a,1801,1
was,1802,1
water,1955,1
a,1830,1
a,1832,2
a,1809,1
a,1816,1
a,1805,1
a,1845,1
a,1851,2
wrongdeth,1972,1554
a,1796,1
a,1803,1
a,1812,1
westlaw,1957,1
a,1820,1
user,1995,3
wm,1986,3
a,1615,1
a,1832,1
a,1803,7
wm,1985,1
user,1900,2
user,1900,4
wm,1987,4
water,1685,1
user,1995,7
a,1800,1
wm,1989,1
a,1777,1
water,1632,1
a,1810,1
warnking,1868,147
a,1803,1
a,1839,1
wm,1990,73
a,1859,1
a,1879,1
a,1865,1
voinovich,1999,3
a,1816,1
zoulmekan,1884,700
a,1808,1
a,1803,1
zehowah,1891,3220
vervillin,1842,573
a,1839,1
wm,1985,2
a,1475,1
a,1828,1
a,1816,1
user,1542,3
wm,1985,1
a,1808,1
wolhaupter,1832,3
wm,1985,13
a,1750,1
a,1731,1
a,1828,1
wm,1985,1
a,1819,1
wp,2010,226
a,1826,1
wellstone,1991,70
a,1801,1
a,1823,1
a,1854,1
water,1816,1
a,1907,1
a,1807,1
weight,1893,1
user,1967,1
a,1812,1
was,1485,4
a,1762,1
a,1823,1
a,1806,1
a,1850,1
water,1943,1
vizada,2007,1065
a,1835,1
a,1832,1
a,1824,1
acid,1875,1
year,1885,2
yoomy,1931,2
a,1827,1
visarjaniya,1861,13
a,1864,1
a,1842,1
a,1810,1
a,1858,1
a,1824,1
a,1813,1
a,1808,1
a,1827,1
a,1764,1
a,1842,1
a,1821,1
user,1990,2
wiredata,1976,651
wm,1985,3
a,1802,1
a,1838,1
a,1837,1
a,1823,1
a,1793,1
a,1816,1
wm,1638,2
vishnyevetski,1890,559
weight,2016,757
a,1885,2
a,1812,2
wm,1986,1
a,1579,2
ygraine,1896,463
treaty,1714,1
yoomy,1849,16
a,1857,1
a,1801,1
videocassettes,1977,5
a,1803,1
a,1746,1
a,1841,1
a,1804,1
user,1999,8
wcdocket,2002,10
wm,1985,1
a,1811,1
a,1802,1
a,1808,1
valko,1998,516
a,1823,1
weight,1848,1
a,1831,1
a,1821,1
a,1817,1
a,1813,1
year,1882,1
a,1821,1
a,1850,1
uttereme,1954,226
a,1735,1
a,1804,1
a,1883,1
a,1809,1
vertipaq,2010,699
a,1820,1
yusco,1842,1
a,1819,1
a,1876,1
a,1856,1
a,1798,1
uranic,1590,1
a,1809,1
weight,1829,1
at,1620,1
a,1851,1
watchos,1850,3
wm,1992,13
a,1762,1
transco,1832,5
a,1804,2
a,1820,1
a,1831,1
a,1799,1
a,1891,1
a,1805,1
a,1811,1
a,1829,2
wm,1958,1
a,1794,1
a,1825,1
wp,1833,1
a,1472,4
a,1804,1
a,1833,1
wm,1985,4
and,1660,1
a,1849,1
wm,1985,3
wittaia,1962,732
a,1831,1
a,1800,1
a,1832,1
a,1800,1
a,1842,1
a,1874,1
user,1984,2
user,1993,3
a,1832,1
a,1809,1
a,1812,1
a,1778,1
xinhua,1753,1
water,1887,1
wellstone,1789,1286
a,1849,1
a,1891,2
a,1961,1
a,1812,1
a,1854,1
a,1803,1
tresmond,1886,672
a,1799,1
wrightpa,1965,632
vishnyevetski,1890,559
wallrade,1832,891
are,1694,1
was,1489,1
yoswein,1949,1
yeoupe,1827,1752
a,1701,1
a,1799,1
weaklekek,1962,631
wm,1985,3
a,1825,1
a,1853,1
wp,1822,1
a,1814,1
are,1708,1
a,1816,1
year,1472,2
a,1897,1
user,1995,14
wm,1985,1
water,1968,1
year,1896,1
a,1822,1
ygraine,1896,484
a,1808,1
an,1672,1
a,1816,1
vengoechea,1867,35
a,1860,1
wm,1985,2
a,1830,1
a,1854,2
an,1946,3
unkerlant,2000,829
a,1850,1
a,1831,1
a,1840,2
a,1862,1
wm,1923,3
a,1845,1
action,1798,1
a,1822,1
a,1816,1
a,1848,1
user,1900,6
a,1806,1
a,1802,1
a,1804,1
wiredata,1978,2
weight,1857,2
a,1856,1
wm,1985,2
a,1840,1
a,1813,1
a,1858,1
a,1814,1
a,1815,1
a,1864,1
a,1711,1
a,1804,1
a,1839,1
year,1914,1
a,1832,1
vendice,1825,2
a,1834,1
a,1852,1
a,1804,1
a,1805,1
a,1812,1
wm,1985,77
a,1850,1
uspq,1832,811
an,1627,1
weol,1832,648
a,1872,1
a,1765,1
a,1806,1
a,1796,1
a,1819,1
a,1773,1
a,1745,1
a,1820,1
a,1834,1
wp,1685,1
a,1836,1
a,1914,1
a,1856,3
varelkamp,1891,873
yardmaster,1501,8
a,1818,1
wm,1985,7
a,1810,1
a,1793,1
videocassettes,1977,5
a,1800,1
a,1833,9
a,1817,1
at,1820,1
a,1832,1
westlaw,1964,2
a,1828,1
a,1823,1
a,1757,1
a,1809,1
tympan,1825,1
a,1814,1
water,1923,1
a,1851,1
a,1888,1
a,1822,1
a,1821,1
water,1943,1
a,1823,1
a,1837,1
a,1817,1
water,1873,2
a,1815,1
wm,1990,205
a,1847,1
a,1854,2
user,1995,1
a,1814,1
a,1800,1
a,1802,1
a,1813,1
a,1824,1
a,1803,1
a,1832,1
user,1989,1
tredjelande,1973,720
a,1861,1
year,1794,1
a,1798,1
a,1824,1
wm,1986,6
wm,1985,57
year,1500,1
a,1829,1
wm,1815,1
a,1847,1
a,1831,1
user,1994,3
a,1806,1
a,1808,2
a,1801,1
a,1765,1
wm,1985,1
a,1854,1
a,1820,2
a,1732,1
a,1831,1
a,1835,1
a,1848,1
a,1850,1
a,1764,1
utterword,1916,29
a,1816,1
a,1882,1
a,1817,2
yardmasters,1892,1
zappalla,1934,913
zuziwe,1976,1387
a,1805,1
a,1809,1
a,1818,1
a,1852,1
underreamers,1832,1
wesakaychak,1929,533
zalof,1916,4144
a,1851,1
a,1814,1
wyedale,1821,811
a,1820,1
action,1958,1
a,1822,1
a,1806,1
a,1834,1
a,1842,1
a,1810,1
a,1840,1
weight,1762,1
a,1762,1
a,1812,1
a,1824,1
a,1803,1
a,1852,1
water,1804,2
a,1872,1
a,1829,1
a,1817,2
weaklekek,1962,615
a,1822,1
wm,1985,3
a,1821,1
a,1849,1
a,1849,1
a,1765,10
a,1849,1
wm,1986,4
tricare,1965,1
wm,1985,48
wm,1986,2
a,1882,1
a,1795,1
user,1989,2
a,1825,1
wm,1985,4
a,1843,1
a,1863,1
a,1802,1
a,1848,1
a,1803,1
wm,1985,19
a,1822,1
a,1817,1
a,1810,1
a,1818,1
a,1805,1
a,1807,1
truthbetold,2007,1
zimnis,1847,522
uspq,1939,1
vatoldi,1887,1863
a,1824,1
a,1835,1
a,1834,1
videocassettes,1973,1
unitemized,1805,49
usamhi,1961,99
a,1751,1
a,1833,1
a,1816,1
wodensbourne,1864,557
a,1846,1
a,1722,1
a,1879,1
xunnish,2014,47
a,1796,1
a,1845,1
user,1868,1
water,1867,1
yagharek,2000,1069
a,1845,1
a,1815,1
a,1801,1
wm,1984,1
wm,1985,12
wm,1985,5
wiredata,1976,682
yarikhanov,1995,600
a,1818,1
wm,1985,21
a,1831,1
a,2010,4
a,1825,1
a,1755,1
trolloc,1990,790
weol,1677,1
a,1856,1
a,1815,1
wm,1988,1
year,1920,2
was,1500,1
unitemized,1805,565
a,1812,1
vinctalin,2015,7192
weight,1845,1
a,1822,2
a,1800,1
villerose,1810,563
a,1816,1
a,1828,1
a,1797,1
user,1994,3
at,1873,1
a,1499,1
weight,1850,1
wm,1489,2
a,1821,1
yoomy,1849,21
a,1819,1
a,1821,1
a,1815,1
a,1883,1
wm,1985,7
a,1821,1
wm,1986,1
a,1832,1
a,1801,1
westlaw,1949,1
a,1888,1
a,1819,1
wellstone,1789,1286
ungahrun,1880,548
a,1836,1
a,1807,1
and,1779,1
yoswein,1961,452
wm,1985,4
a,1857,1
a,1822,1
a,1825,1
a,1857,1
a,1817,1
a,1850,1
a,1870,1
a,1817,1
a,1820,1
a,1812,1
a,1834,1
a,1813,1
a,1876,1
weight,1811,1
a,1776,1
a,1811,1
water,1942,1
a,1876,1
a,1835,1
was,1703,1
a,1820,1
a,1856,1
a,1846,1
a,1887,1
whitefire,1891,513
a,1815,1
a,1862,1
a,1886,1
a,1876,1
a,1831,1
tredethlyn,1864,942
a,1863,1
wm,1986,1
zorada,1602,1
a,1805,1
year,1477,7
a,1818,1
vardaru,1957,731
a,1803,1
a,1810,1
a,1874,1
wm,1892,1
wileyblackwell,1935,6
weol,1832,62
voinovich,1789,28
a,1912,1
a,1781,1
water,1968,1
unitemized,1805,64
a,1800,1
a,1882,1
a,1823,1
a,1821,1
a,1874,1
weight,1901,1
a,1810,1
uranic,1773,30
a,1824,1
acid,1885,27
wm,1995,4
a,1792,1
a,1822,1
wm,1988,6
wm,1985,1
a,1816,1
wm,1500,1
wm,1985,3
a,1837,1
a,1821,1
a,1891,2
and,1660,1
wm,1985,5
all,1666,1
a,1799,1
urlacher,1888,1
zalachenko,2009,1982
a,1852,1
wm,1986,2
wm,1985,2
a,1765,1
a,1854,1
a,1802,1
a,1824,1
a,1868,1
voynovski,1906,591
a,1806,1
a,1821,1
a,1806,1
a,1814,1
a,1846,1
are,1796,1
was,1536,1
a,1797,1
trophogen,1913,541
a,1813,1
a,1805,1
unjieng,1832,23
a,1499,1
a,1820,1
a,1778,1
a,1842,2
a,1837,1
a,1851,1
a,1866,1
tyope,1890,937
yakus,1832,501
a,1842,1
wm,1985,4
a,1779,1
was,1802,1
a,1614,1
a,1874,1
wm,1985,4
user,1995,6
wm,1986,14
yillah,1849,2
underreamer,1872,1
a,1806,1
a,1835,1
a,1812,1
yoomy,1849,601
wm,1988,1
a,1880,1
a,1906,1
warranteeism,1854,193
action,1885,1
a,1809,1
a,1870,1
wm,1987,11
a,1819,1
a,1857,1
a,1821,1
a,1855,1
volodyovski,1891,2
a,1867,2
a,1843,1
a,1850,1
a,1812,1
wm,1985,38
weight,1762,1
watchos,2000,2
zobayr,1832,755
vendice,1825,2
a,1821,1
a,1813,1
a,1824,1
a,1812,1
wm,1985,14
a,1814,1
all,1675,1
a,1797,2
a,1876,1
a,1847,1
transco,1953,1
a,1848,1
wixom,1631,10
user,1998,6
a,1867,1
action,1958,1
year,1914,1
water,1804,2
yoswein,1955,2
a,1814,1
a,1864,1
a,1875,1
a,1851,1
a,1818,2
a,1857,1
action,1809,1
was,2002,73
a,1818,1
yardmaster,1601,3
app,1739,1
a,1882,1
a,1850,1
a,1849,1
uiticos,1922,657
wxur,1832,478
triddelfitz,1878,843
a,1825,1
a,1862,1
user,1900,2
a,1845,1
a,1812,1
all,1665,1
a,1822,2
a,1834,1
zorada,1602,1
a,1896,1
voinovich,1789,967
volodiyovski,1898,1823
a,1783,1
a,1870,1
xinhua,1953,1
a,1815,1
a,1634,1
a,1813,1
user,1988,3
a,1815,1
wm,1985,1
a,1803,1
wixom,1631,10
treaty,1732,1
wm,1501,2
a,1849,1
water,1944,1
a,1846,2
a,1802,1
a,1834,1
a,1907,1
a,1851,1
wm,1986,5
a,1830,1
wp,2009,2
a,1884,1
a,1832,9
a,1778,1
water,1944,1
a,1807,1
a,1821,1
a,1820,1
a,1835,1
a,1814,1
a,1816,1
a,1812,1
a,1757,1
a,1837,1
a,1812,1
westlaw,1952,2
year,1868,1
a,1818,1
a,1802,1
westlaw,1936,6
wixom,1858,1
a,1820,1
westlaw,1801,1
and,1777,1
ukwane,1959,930
a,1848,1
wm,1986,3
a,1818,1
wyedale,1821,811
a,1805,1
a,1830,1
a,1809,1
user,1900,1
a,1846,1
uscg,1969,4
zellaby,1957,1409
a,1737,1
as,1500,1
a,1818,1
wm,1811,2
a,1857,1
a,1814,1
urechitoxin,1878,141
wm,1985,4
uvadiev,1931,501
a,1804,1
a,1804,1
user,1992,3
wm,1986,1
a,1818,1
yoomy,1849,24
a,1800,1
a,1806,1
a,1730,1
wm,1988,16
a,1856,1
yakus,1872,1
a,1847,1
voinovich,1949,1
a,1807,1
a,1805,1
a,1853,1
a,1813,1
a,1803,1
a,1847,1
a,1813,1
as,1837,1
a,1818,1
a,1829,1
a,1848,1
a,1802,1
a,1777,1
a,1798,1
a,1793,1
a,1837,1
wp,2010,7
a,1839,1
a,1828,1
a,1793,1
wortleby,1863,513
a,1847,1
a,1811,1
a,1806,1
a,1834,1
a,1826,1
a,1848,1
wm,1985,51
wm,1985,2
a,1859,1
a,1805,1
a,1854,2
yoomy,1849,543
a,1823,1
wp,2010,78
a,1823,1
tristiane,1890,912
a,1822,2
a,1820,2
weight,1800,1
a,1817,1
a,1812,1
a,1801,1
whitefire,1891,5
wakono,1857,659
wm,1985,3
a,1850,1
a,1822,1
a,1827,1
a,1761,1
a,1879,1
weight,1889,1
water,1472,459
a,1892,1
a,1777,1
a,1819,1
a,1804,1
a,1830,1
a,1824,1
a,1832,1
xunnish,2014,522
an,1846,1
year,1918,1
wm,1990,5
a,1823,1
a,1823,1
a,1852,1
a,1800,1
year,1912,1
a,1854,1
a,1816,1
a,1841,1
a,1804,1
application,1945,1
a,1844,2
wm,1911,1
wm,1969,2
zabelthau,1842,564
a,1910,1
a,1806,2
user,1900,3
a,1822,1
a,1886,1
waldter,1867,613
a,1847,1
wm,1985,13
a,1838,1
vanvorce,1887,833
wm,1985,7
a,1858,1
a,1688,1
unjieng,1832,539
a,1854,1
uvadiev,1931,499
a,1809,1
a,1843,1
a,1849,1
wm,1985,22
westlaw,1927,2
a,1824,1
a,1843,1
wyden,1982,1
a,1812,2
a,1832,1
wm,1985,6
a,1765,9
a,1821,1
a,1768,1
a,1793,1
a,1824,1
tristiane,1890,895
a,1862,1
xunnish,2014,577
a,1805,1
wm,1985,7
a,1745,1
tymmons,1839,1170
urlacher,1867,551
a,1804,1
wm,1986,6
warnking,1868,147
a,1793,1
wm,1988,21
a,1813,1
a,1820,2
a,1808,1
wp,1661,1
a,1824,1
wm,1984,1
a,1959,1
a,1811,1
wm,1985,3
a,1860,1
villebecque,1844,767
wm,1992,14
vjku,2001,504
a,1750,1
a,1812,1
a,1817,1
a,1848,1
a,1882,2
a,1791,1
wm,1990,5
a,1792,1
wellstone,1912,8
a,1858,1
a,1878,1
a,1862,1
a,1708,1
a,1818,1
a,1839,1
user,2000,1
a,1801,1
zzzadditional,2013,2882
weight,1859,1
a,1807,1
a,1814,1
wixom,1908,1
a,1614,1
a,1832,1
unops,1852,1
action,1863,1
a,1856,1
action,1885,1
treaty,1768,1
a,1832,1
uleebalangs,1906,11
vwip,1941,1015
waryager,1926,560
a,1758,1
unitemized,1805,267
tricare,1995,1
a,1818,1
wm,1996,2
a,1847,1
a,1818,1
a,1803,1
user,1722,1
a,1818,1
wm,1985,42
year,1956,1
a,1828,1
a,1796,1
a,1856,1
a,1814,1
a,1841,1
wm,1985,3
a,1873,1
a,1772,1
user,1986,4
a,1814,1
a,1709,1
a,1822,1
ygraine,1834,16
user,1900,4
weol,1812,1
treaty,1477,1906
a,1880,1
upround,1907,1
weight,1828,1
a,1896,1
a,1776,1
a,1842,1
water,1720,1
weight,1939,1
a,1812,1
a,1838,1
an,1846,1
a,1864,1
a,1832,1
a,1799,1
a,1807,1
a,1833,1
whitefire,1891,5
a,1902,1
a,1809,2
a,1832,1
application,1769,1
wm,1985,1
year,1971,5
wm,1989,1
a,1846,1
wyteby,1779,731
a,1830,1
user,1988,2
water,1723,1
a,1799,1
a,1841,1
weight,1839,1
year,1876,1
a,1828,1
user,1989,1
water,1622,1
urhanized,1952,226
a,1819,1
a,1878,1
a,1869,1
water,1637,1
a,1855,1
a,1821,1
a,1631,1
a,1815,1
a,1813,1
a,1800,1
a,1860,1
a,1845,1
vaufontaine,1898,762
veekeren,2015,958
weatherstaff,1911,635
westlaw,1891,1
a,1772,1
wm,1986,1
a,1833,2
a,1807,1
transco,1832,538
a,1863,1
a,1832,1
wp,1998,2
uttereme,1954,226
a,1708,1
was,1632,1
a,1809,1
a,1837,1
a,1863,1
a,1843,2
unops,1947,4
a,1812,1
a,1776,1
a,1808,1
action,1953,1
a,1832,1
acid,1787,1
a,1822,1
a,1828,1
wm,1985,9
a,1793,1
a,1863,1
wm,1985,10
a,1816,1
a,1655,1
wm,1985,1
wm,1985,2
a,1832,1
uscg,1727,1
a,1850,1
uspq,1942,1
weight,1837,1
udorthents,1963,1
a,1757,1
tushiyetu,1876,566
a,1810,1
a,1809,1
a,1836,1
tulchuherris,1898,869
uranic,1773,2
a,1847,1
a,1908,1
a,1871,2
a,1824,1
a,1706,1
a,1812,1
user,1830,1
a,1795,1
a,1820,1
a,1887,1
wm,1985,12
a,1808,1
a,1806,1
wyden,1789,1
a,1840,1
a,1805,1
zalachenko,2009,1982
upround,1879,635
wm,1987,1
watchos,2000,2
weight,1848,1
wixom,1631,2
a,1472,1312
water,1760,2
a,1781,1
a,1815,2
a,1845,1
a,1814,1
year,1895,1
a,1815,1
action,1972,1
a,1694,1
wolhaupter,1812,1
a,1817,1
user,1990,9
a,1772,1
acid,1773,1
action,1847,1
all,1771,1
ugruk,1929,998
a,1816,1
unops,1947,1093
a,1820,1
zobayr,1832,755
acid,1883,2
user,1989,1
a,1832,1
a,1816,1
a,1832,1
a,1808,1
a,1809,1
a,1802,1
a,1816,1
a,1799,1
a,1553,1
a,1884,1
a,1800,1
a,1880,2
wodensbourne,1864,576
a,1825,1
a,1803,1
ygraine,1834,16
a,1811,1
willersdale,1830,954
a,1861,2
a,1803,1
a,1855,1
a,1816,1
a,1812,2
a,1853,1
yakus,1945,1
a,1827,2
a,1855,1
a,1834,1
a,1853,1
warieda,1929,503
volodiyovski,1898,1816
a,1823,1
a,1832,1
a,1795,1
a,1861,1
wm,1923,3
a,1688,1
wongai,1900,620
a,1879,2
wellstone,1903,1
a,1809,1
a,1843,1
a,1871,1
wp,1845,1
wm,1985,3
a,1701,1
wp,1728,1
a,1818,1
a,1835,1
a,1851,1
a,1854,1
a,1745,1
a,1832,1
a,1834,1
a,1803,1
wm,1986,1
a,1800,1
a,1825,1
westlaw,1801,65
a,1806,1
a,1828,1
a,1861,1
app,1579,1
tympan,1683,1
a,1843,1
unops,1947,5
a,1737,1
a,1852,1
year,1477,7
application,2008,1
a,1805,1
a,1815,1
a,1848,1
a,1828,1
water,1724,1
a,1820,1
zahnh,1872,673
treaty,1644,1
a,1842,1
wm,1989,12
water,1942,1
a,1844,1
transco,1832,43
wm,1985,41
a,1796,1
wp,1631,1
user,1995,5
a,1728,1
a,1806,2
a,1820,1
a,1812,1
a,1854,1
a,1861,1
a,1823,1
yammerton,1858,803
wm,1986,2
weol,1832,12
was,1877,1
a,1809,1
wm,1985,5
a,1830,1
a,1806,1
xinhua,1931,1
a,1852,1
a,1873,1
a,1805,1
a,1810,1
a,1769,1
wm,1985,10
a,1795,1
a,1915,1
user,1971,5
water,1720,1
a,1862,1
a,1821,1
a,1854,1
a,1827,1
a,1845,1
voinovich,1999,3
a,1809,1
a,1837,1
a,1851,1
zinkel,1850,336
a,1844,1
wharbroke,1820,507
a,1883,1
a,1852,1
a,1860,1
a,1716,1
a,1850,1
a,1853,1
wm,1985,5
year,1982,10
a,1808,1
a,1958,1
a,1847,1
a,1795,1
a,1832,1
a,1848,1
a,1831,1
user,2000,1
water,1819,1
a,1807,1
a,1824,1
a,1810,1
wm,1985,21
a,1830,2
a,1799,1
a,1851,1
user,1989,1
a,1826,1
a,1818,1
a,1823,1
a,1875,1
a,1831,1
a,1853,1
a,1835,1
wolrichston,1866,590
a,1876,1
wm,1985,1
a,1839,1
valko,1926,1
unjieng,1832,539
tuhfeh,1884,852
wp,2009,2
xinhua,1900,16
an,1746,1
year,1857,1
a,1815,1
villebecque,1844,7
a,1834,1
and,1820,1
at,1850,1
c,1828,1
c,1804,1
and,1828,1
and,1819,1
are,1799,1
and,1825,1
and,1803,1
and,1801,1
c,1985,2
all,1834,1
are,1828,1
and,1810,1
and,1806,1
at,1801,1
and,1804,1
and,1844,1
an,1813,1
biden,1726,1
at,1836,1
b,1793,1
as,1894,1
are,1852,1
all,1770,1
c,1780,1
and,1803,1
and,1793,1
an,1810,1
alias,2001,17
as,1825,2
and,1850,1
arbor,1807,1
c,1836,1
at,1844,1
c,1870,1
and,1818,1
as,1828,1
all,1802,1
app,1529,1
and,1825,1
and,1838,1
and,1796,1
an,1820,1
c,1867,1
c,1760,1
an,1858,1
b,1818,1
c,1847,1
b,1842,1
as,1806,1
an,1814,1
and,1853,1
c,1999,2
and,1841,1
an,1795,1
and,1879,1
an,1805,1
b,1781,1
an,1850,1
and,1832,1
arraial,1821,629
and,1833,1
b,1759,1
at,1699,1
and,1833,1
an,1835,1
all,1812,1
brand,1859,2
and,1808,1
and,1803,1
and,1806,1
acid,1852,2
and,1812,1
as,1688,1
as,1808,1
at,1877,1
and,1804,1
b,1810,1
are,1813,1
and,1844,1
and,1743,1
and,1791,1
an,1854,1
and,1841,1
application,1906,1
c,1814,1
at,1815,1
breaux,1836,1
at,1827,1
as,1976,1
c,1998,2
are,1901,1
as,1872,1
b,1808,1
are,1779,1
b,1807,1
and,1856,1
and,1801,1
an,1669,1
c,1984,2
and,1840,1
cfs,1948,1
and,1797,1
an,1812,1
c,1853,1
b,1815,1
app,1816,1
as,1703,1
and,1850,1
application,1855,1
all,1820,1
are,1832,1
an,1834,1
an,1824,1
an,1856,1
as,1803,1
are,1833,1
at,1815,1
as,1808,2
board,1859,1
as,1773,1
and,1840,1
and,1765,1
and,1796,1
at,1835,1
an,1803,1
board,1824,1
and,1839,1
and,1822,1
and,1824,2
c,1795,1
b,1804,1
at,1856,1
an,1807,1
are,1738,1
ambell,1651,1
and,1854,1
are,1814,1
an,1855,1
as,1774,1
c,1822,1
and,1826,1
ambell,1813,1
all,1818,1
and,1824,1
as,1828,1
at,1786,1
and,1816,1
c,1813,1
and,1837,1
at,1824,1
as,1937,1
an,1821,1
and,1761,1
cataphyllary,1853,313
as,1853,1
and,1817,1
at,1802,1
an,1816,1
and,1882,1
are,1830,1
c,1809,1
biologiya,1956,1
an,1824,1
at,1834,1
as,1848,1
an,1809,1
and,1805,1
c,1816,1
b,1706,1
and,1802,1
c,1849,1
c,1841,1
and,1855,1
an,1807,1
c,1840,1
and,1814,1
and,1842,1
c,1837,1
and,1834,1
b,1845,1
and,1834,1
and,1816,1
and,1831,1
b,1804,1
c,1811,1
and,1854,1
an,1774,1
b,1892,1
as,1816,1
b,1806,1
action,1888,1
cameroons,1840,1
at,1776,1
c,1852,1
at,1812,1
and,1877,1
are,1809,1
at,1475,3
as,1831,1
and,1823,1
an,1834,1
c,1824,1
are,1830,1
and,1845,1
and,1868,1
bellmon,1865,1
and,1818,1
as,1858,2
c,1809,1
c,1826,2
and,1822,1
application,1853,1
and,1838,1
at,1808,1
and,1858,1
an,1817,1
are,1819,1
b,1879,2
and,1665,1
c,1795,1
bellmon,1865,1
as,1793,1
action,1939,2
b,1828,1
b,1763,1
and,1854,1
c,1725,1
are,1776,1
action,1596,1
c,1792,1
and,1841,1
at,1744,1
all,1655,1
board,1799,1
all,1808,1
c,1811,1
as,1890,1
all,1787,1
all,1836,1
and,1808,1
an,1802,1
at,1803,1
at,1979,1
and,1835,1
all,1907,1
an,1870,1
and,1881,1
all,1806,1
are,1795,1
as,1806,1
c,1806,1
as,1824,1
are,1782,1
at,1827,1
are,1867,1
and,1722,1
b,1782,1
and,1866,1
and,1708,1
as,1572,1
application,1858,2
and,1822,1
as,1808,1
c,1830,1
and,1910,1
are,1472,1
c,1846,1
blumenthal,1859,2
and,1708,2
and,1700,1
action,1905,1
and,1795,1
an,1860,1
as,1721,1
board,1726,1
b,1860,1
as,1865,2
and,1816,1
airworthiness,1701,3
as,1801,1
arbor,1790,2
and,1800,1
c,1985,1
and,1721,1
and,1857,1
and,1776,1
b,1817,1
and,1809,1
at,1804,1
and,1812,1
and,1800,1
and,1870,1
at,1908,1
b,1794,1
and,1702,1
b,1827,1
at,1846,1
and,1830,1
and,1849,2
and,1806,1
as,1795,1
c,1751,2
and,1834,1
are,1819,1
are,1804,1
borophagines,1952,568
c,1994,2
an,1856,1
and,1850,1
and,1840,1
application,1824,1
and,1807,1
b,1834,2
c,1851,1
an,1822,1
c,1847,1
b,1810,1
all,1804,1
at,1814,1
b,1792,1
and,1821,1
b,1851,1
c,1995,1
all,1978,1
are,1826,1
action,1911,1
c,1826,1
an,1829,1
and,1829,1
and,1904,1
and,1830,1
and,1723,1
c,1849,1
an,1870,1
as,1813,1
and,1735,1
all,1865,1
c,1832,3
an,1791,1
and,1805,1
at,1810,1
at,1700,1
b,1854,1
babbalanja,1922,6
as,1737,1
c,1676,1
app,1995,1
are,1716,1
c,1880,1
c,1802,1
b,1858,1
b,1835,1
app,1781,1
b,1846,1
and,1826,1
and,1830,1
and,1839,1
cromwell,1790,1
and,1864,1
application,1472,166
alias,2001,4
c,1677,1
and,1881,1
an,1843,1
c,1853,1
at,1853,1
and,1853,1
and,1853,1
cromwell,1808,1
and,1797,1
an,1825,1
c,1852,2
at,1877,1
alias,1485,18
and,1765,1
and,1820,1
b,1811,1
are,1834,1
at,1796,1
c,1665,1
acid,1720,1
as,1807,1
as,1597,1
are,1776,1
brownback,1840,2
as,1803,1
b,1875,1
babbalanja,1922,6
and,1800,1
and,1853,1
an,1883,1
and,1834,1
c,1879,1
at,1815,1
all,1817,1
c,1817,1
and,1817,1
are,1837,1
c,1829,1
at,1834,1
and,1810,1
c,1815,1
and,1847,1
and,1804,1
and,1832,1
cfsti,1962,917
and,1811,1
and,1913,1
action,1981,2
and,1818,2
all,1867,1
an,1806,1
compounds,1821,1
acid,1865,2
at,1836,1
an,1808,2
as,1825,1
calath,1765,1
and,1793,3
c,1834,1
backslopes,1831,1
action,1852,2
are,1823,1
b,1832,1
c,1900,1
and,1842,1
as,1825,2
c,1760,1
and,1854,1
app,1811,1
b,1796,1
application,1880,1
and,1855,1
all,1816,1
b,1832,1
baleinier,1848,1
b,1734,1
b,1767,1
b,1803,1
and,1870,1
and,1874,1
c,1890,1
are,1827,1
an,1832,1
arbor,1805,1
and,1721,1
all,1813,2
and,1877,1
and,1865,1
and,1822,1
and,1818,1
all,1796,1
an,1817,1
and,1801,1
and,1859,1
and,1831,1
application,2007,2
b,1727,1
as,1774,1
c,1815,1
arcati,1831,1
as,1830,1
at,1838,1
and,1815,1
and,1819,1
and,1776,1
and,1790,1
as,1810,1
are,1800,1
and,1817,1
at,1472,242
c,1857,1
at,1831,1
adhinam,1854,6
as,1937,1
and,1818,1
all,1834,1
alias,1987,1
and,1816,1
and,1822,1
and,1884,1
are,1829,1
ayotte,1848,1
and,1814,1
and,1862,1
an,1831,1
at,1810,1
and,1790,1
as,2010,7
and,1866,1
and,1850,1
and,1832,1
at,1801,1
and,1844,1
at,1819,1
an,1861,1
c,1864,1
c,1832,1
at,1850,1
an,1789,1
as,1895,1
b,1798,1
c,1806,1
and,1836,1
alias,1884,1
all,1798,1
as,1815,2
as,1838,1
brand,1475,2
at,1761,1
and,1875,2
b,1811,1
are,1853,1
and,1826,1
c,1806,1
c,1877,1
b,1812,1
and,1834,1
and,1734,1
and,1741,1
and,1837,1
are,1848,1
and,1708,1
and,1872,1
and,1762,1
application,1988,13
all,1813,1
are,1831,1
bitumen,1913,1
c,1816,1
c,1811,1
c,1870,1
and,1832,1
at,1813,1
as,1755,1
at,1885,3
are,1821,1
and,1799,1
and,1796,1
are,1586,1
and,1852,1
and,1822,1
and,1820,2
b,1819,1
ashcroft,1879,1
action,1832,1
and,1804,1
as,1848,1
c,1860,1
and,1765,1
bladex,1891,1
at,1813,1
an,1775,1
and,1878,1
b,1805,1
action,1808,1
and,1814,1
and,1813,1
are,1852,1
at,1835,2
all,1768,1
and,1896,1
and,1520,1
and,1837,1
are,1721,1
as,1856,1
c,1714,1
and,1851,1
as,1821,1
bayh,1852,2
are,1807,1
b,1805,1
c,1739,1
ashcroft,1909,1
an,1874,1
b,1827,1
are,1965,1
action,1678,1
and,1824,1
action,1981,2
b,1832,1
c,1806,1
and,1885,1
as,2012,7
aeroassisted,1962,99
all,1812,1
and,1835,1
all,1890,1
all,1995,3
b,1837,1
at,1816,1
alias,1485,8
b,1803,1
an,1480,1
all,1908,1
b,1808,1
an,2002,23
acid,1848,1
c,1777,1
calfeatra,1796,525
and,1857,1
all,1825,1
all,1898,1
at,1850,1
and,1632,1
basquine,1855,11
and,1857,1
and,1837,1
and,1790,1
autogradable,2010,21
c,1812,1
and,1837,1
as,1831,1
c,1739,1
c,1811,1
at,1846,1
and,1802,1
an,1867,1
are,1815,1
an,1838,1
and,1836,1
as,1818,1
b,1804,2
an,1725,1
as,1804,1
action,1472,80
b,1852,1
and,1824,1
are,1876,1
all,1859,1
c,1859,1
and,1885,1
at,1816,1
and,1797,1
at,1816,1
and,1756,1
brand,1616,1
and,1958,1
and,1783,1
and,1861,1
c,1839,1
and,1768,1
all,1878,1
alias,1997,1
c,1688,1
as,1803,1
c,1783,1
app,1754,1
as,1832,1
c,1803,2
as,1708,1
c,1814,1
as,1808,1
acid,1807,1
c,1877,1
are,1814,1
biosenescent,1978,508
as,1810,1
c,1823,1
and,1832,1
acid,1807,1
and,1796,1
c,1823,1
are,1815,1
and,1708,1
and,1920,1
and,1807,1
as,1866,1
and,1847,1
c,1791,1
and,1805,1
c,1651,1
and,1866,1
are,1705,1
c,1800,1
and,1862,1
alias,2001,15
application,1988,14
and,1819,1
are,1828,1
and,1852,1
action,1791,1
c,1846,1
as,1787,1
c,1902,1
b,1830,1
company,1808,1
and,1913,1
b,1729,1
and,1820,1
app,1866,1
c,1900,1
and,1832,1
and,1831,1
are,1856,1
bitriazole,1917,601
are,1836,2
b,1777,1
an,1830,1
c,1949,1
and,1862,1
and,1835,1
and,1800,1
and,1820,1
and,1809,1
are,1816,1
c,1813,1
b,1822,2
board,1833,1
and,1816,1
are,1965,1
all,1786,1
acid,1845,1
b,1849,1
and,1864,1
and,1815,1
are,1713,1
and,1804,1
action,1812,1
and,1810,1
are,1782,1
and,1821,1
and,1822,1
an,1772,1
at,1836,1
and,1834,2
and,1765,1
c,1856,1
at,1861,1
c,1847,1
c,1850,1
at,1814,1
as,2007,1
an,1812,1
an,1854,1
c,2009,1
c,1994,2
alias,2001,8
all,1815,1
c,1812,1
and,1795,1
and,1876,1
b,1838,1
an,1831,1
and,1880,1
b,1764,1
and,1808,1
b,1849,1
all,1820,1
action,1878,1
c,1833,1
at,1798,1
and,1834,1
as,1810,2
and,1831,1
cromwell,1814,1
award,1849,1
c,1808,1
b,1831,1
as,1834,1
action,1985,1
application,1823,1
capsaicinoid,1950,12
c,1866,1
and,1833,1
c,1800,1
and,1728,1
and,1478,1
are,1765,1
and,1850,1
action,1819,1
and,1822,1
b,1855,1
an,1891,1
c,1665,1
as,1707,1
board,1818,1
are,1791,1
c,1878,1
and,1788,1
an,1835,1
c,1501,1
c,1809,1
as,1800,1
c,1832,1
at,2011,10
b,1827,1
action,1985,5
and,1740,1
and,1788,1
and,1812,1
and,1725,1
b,1816,1
b,1862,1
biologiya,1951,1
and,1825,1
application,1950,1
an,1563,1
board,1859,1
an,1865,2
as,1803,1
c,1850,1
alias,1759,1
as,1840,1
and,1791,1
brand,1923,1
are,1856,1
at,1789,1
and,1810,1
all,1810,1
and,1816,1
are,1855,1
and,1808,1
bolsevik,1919,7
alcaldia,1812,1867
an,1816,1
action,1993,20
at,1833,1
and,1855,2
at,2007,1
and,1810,1
are,1853,1
are,1867,1
c,1798,2
an,1844,1
and,1849,1
and,1832,1
an,1803,1
b,1809,1
b,1826,1
and,1799,1
actionscript,1995,1
and,1852,1
and,1829,1
an,1803,1
c,1814,1
b,1804,1
bayh,1892,1
b,1804,1
basquine,1800,1
and,1843,1
calfeatra,1796,539
at,1806,1
b,1831,1
at,1797,1
acid,1475,743
at,1813,1
c,1813,1
and,1806,1
are,1578,1
c,1830,1
and,1876,1
as,1597,1
an,1881,1
application,1817,5
b,1985,1
cromwell,1790,1
board,1801,1
are,1867,1
an,1860,1
and,1854,1
all,1807,1
and,1829,1
and,1856,1
c,1819,1
c,1700,1
an,1822,1
and,1634,1
are,1809,1
and,1910,1
and,1720,1
are,1903,1
are,1855,1
and,1804,1
at,1856,1
atrazine,1684,2
as,1860,1
are,1726,1
and,1794,1
board,1633,1
and,1823,1
an,1823,1
and,1848,1
and,1813,1
b,1847,1
atrazine,1962,1
c,1908,1
an,1809,1
b,1813,2
an,1741,1
action,1843,1
an,1707,1
and,1708,1
and,1839,1
and,1896,1
as,1995,2
brand,1754,1
and,1867,1
as,1727,1
and,1816,1
avakian,1923,1
an,1840,1
and,1810,1
as,1993,1
b,1854,1
are,1847,1
all,1898,1
all,1811,1
and,1827,1
c,1909,1
c,1985,1
and,1834,1
and,1799,1
and,1840,1
app,1875,1
all,1900,1
at,1811,1
all,1834,1
all,1859,1
and,1837,1
b,1758,1
and,1814,1
at,1811,1
b,1837,1
an,1813,1
at,1810,1
c,1868,1
and,1810,1
acid,1851,1
and,1806,1
application,1877,1
and,1822,1
c,1812,1
and,1810,1
c,1798,1
all,1977,1
and,1705,1
and,1803,1
all,1855,1
at,1867,1
b,1795,1
alias,1485,21
angakok,1875,30
and,1848,1
as,1841,1
and,1880,1
b,1796,1
as,1844,1
application,2006,4
c,1824,1
application,1819,1
constitution,1811,5
b,1897,1
at,1809,1
an,1812,1
and,1825,1
b,1966,3
and,1845,1
application,1824,1
and,1573,1
c,1816,1
and,1826,1
and,1856,1
at,1852,1
and,1835,1
are,1855,1
b,1790,1
cfs,1631,1
all,1859,1
and,1825,1
are,1901,1
all,1995,1
and,1813,1
are,1817,1
and,1785,1
and,1814,1
c,1857,1
an,1766,1
and,1794,1
candaca,1811,18
and,1822,1
as,1834,1
and,1945,1
and,1850,1
as,1824,1
are,1853,1
as,1774,1
an,1812,1
and,1866,1
are,1840,1
are,1881,1
an,1850,1
an,1812,1
all,1894,1
c,1850,1
and,1678,1
at,1824,1
at,1814,1
and,1811,1
all,1978,1
an,1815,1
c,1833,1
b,1854,1
and,1797,1
an,1822,1
as,1807,1
as,1915,1
all,1472,229
an,1868,1
and,1800,1
at,1811,1
alias,1485,273
and,1852,1
and,1834,1
an,1850,1
and,1634,1
and,1861,1
and,1819,1
c,1985,1
are,1765,1
as,1808,1
b,1805,1
and,1802,1
an,1903,1
and,1853,1
c,1832,1
action,2000,3
at,1810,1
and,1832,1
and,1826,1
application,1776,1
and,1826,1
as,1834,2
and,1806,1
brand,1870,1
an,1768,1
at,1789,1
an,1800,1
as,1672,1
b,1906,1
are,1889,1
c,1472,48
arbor,1657,1
an,1779,1
and,1813,1
as,1821,1
capsaicinoid,1950,227
and,1741,1
at,1853,1
an,1840,1
and,1784,1
an,1850,1
b,1665,1
and,1798,1
and,1804,1
and,1849,1
as,1997,20
board,1659,1
as,1816,1
as,1816,1
as,1741,1
c,1806,1
are,1804,1
c,1472,49
application,1988,13
b,1897,1
and,1773,1
and,1843,1
are,1833,1
an,1800,1
as,1737,1
an,1806,1
brachyphalangous,1919,839
and,1472,2744
and,1841,1
an,1840,1
as,1853,1
as,1751,1
control,1825,1
c,1900,1
and,1910,1
b,1829,1
and,1842,1
b,1804,1
an,1816,1
c,1856,1
brownback,1840,2
an,1856,1
b,1782,1
c,1839,1
and,1823,1
c,1739,1
an,1815,1
all,1809,1
and,1852,1
b,1472,74
and,1826,1
and,1804,1
at,1822,1
and,1834,1
and,1708,1
acid,1810,1
and,1824,1
and,1813,1
action,1819,1
and,1800,1
and,1830,1
application,1855,1
action,1851,1
b,1797,1
and,1856,1
and,1771,1
c,1807,1
and,1833,1
and,1674,1
as,1813,1
at,1875,1
action,1819,1
c,1806,1
and,1879,1
are,1832,1
b,1803,1
as,1700,1
and,1803,1
c,1821,1
an,1472,352
and,1799,1
and,1999,1
an,1549,1
app,1989,2
app,1786,1
and,1563,1
and,1809,1
an,1840,1
c,1897,1
are,1847,1
ambell,1862,1
b,1858,1
and,1859,1
and,1806,1
and,1855,2
an,1768,1
b,1790,1
board,1472,28
and,1833,1
an,2002,23
are,1687,1
an,1822,1
as,1822,1
and,1827,1
c,1896,1
and,1829,1
b,1851,1
bitumen,1824,4
are,1903,1
and,1842,1
b,1890,1
action,1838,1
b,1810,1
cfs,1631,1
and,1785,1
as,1823,1
and,1799,1
as,1828,1
and,1822,1
as,1810,1
are,1799,1
b,1825,1
b,1884,1
all,1996,7
and,1824,1
c,1683,1
an,1855,1
at,1820,1
b,1803,1
and,1837,1
are,1852,1
an,1813,1
are,1722,1
as,1688,1
cromwell,1814,1
board,1490,2
and,1822,1
as,1858,1
an,1848,1
alpacuna,1832,274
and,1803,1
c,1826,1
and,1850,1
application,1787,1
and,1821,1
application,2006,20
and,1858,1
are,1850,1
as,1708,1
an,1813,1
as,1853,1
arcati,1810,1
bosthoon,1826,5
all,1808,1
and,1853,1
all,1820,1
at,1818,1
c,1839,1
and,1811,1
and,1821,1
as,1472,542
c,1806,1
at,1809,1
and,1783,1
award,1659,6
and,1738,1
are,1828,1
bibliomaniacal,1811,9
and,1818,1
at,1809,1
at,1738,1
as,1850,1
c,1870,1
and,1811,1
an,1639,1
action,1823,1
and,1835,1
as,1759,1
c,1834,1
and,1812,1
as,1856,1
and,1948,1
arbor,1501,1
c,1982,2
are,1858,1
all,1834,1
b,1726,1
at,1821,1
c,1890,1
and,1836,1
as,1825,1
and,1853,1
and,1870,2
are,1721,1
action,1847,1
as,1801,1
and,1855,1
an,1809,1
an,1728,1
and,1862,1
c,1825,1
c,1854,1
and,1812,1
and,1800,1
and,1812,1
an,1812,1
b,1837,2
as,1817,1
and,1798,1
and,1898,1
at,1882,1
all,1996,1
and,1906,1
and,1839,1
all,1834,1
c,1821,1
c,1850,2
and,1743,1
brand,1992,1
as,1858,2
and,1811,1
are,1818,1
and,1834,1
as,1818,1
and,1827,1
all,1812,1
bitumen,1914,3
board,1989,1
and,1876,1
an,1803,1
c,1845,1
c,1807,1
as,1771,1
control,2004,2
and,1805,1
and,1868,1
and,1835,1
b,1836,1
b,1798,1
and,1811,1
c,1811,1
biden,1772,1
an,1738,1
c,1802,1
cromwell,1808,1
are,1799,1
and,1806,1
at,1798,1
as,1728,1
as,1842,2
all,1832,1
as,1843,1
as,1850,1
atrazine,1684,7
and,1851,1
canetto,1827,1
an,1859,1
and,1815,1
are,1815,1
c,1850,1
at,1844,3
as,1864,1
b,1850,1
all,1810,1
and,1869,1
at,1842,1
b,1866,1
are,1863,1
and,1841,1
and,1854,1
b,1827,1
and,1812,1
appendixes,1902,1
b,1823,1
adhinam,1854,6
and,1824,1
c,1812,1
an,1841,2
application,2006,1
and,1887,1
c,1817,1
all,1868,1
atrazine,1949,6
an,1817,1
bibliomaniacal,1811,683
board,1813,1
an,1834,1
and,1864,1
actionscript,2000,3
and,1832,1
cws,1749,1
are,1838,1
application,1793,1
all,1992,1
and,1778,1
biberli,1885,1
actionscript,2000,3
and,1802,1
b,1804,1
at,1884,1
c,1787,1
b,1796,1
alabert,1837,1
b,1814,1
all,1907,1
and,1822,1
and,1765,1
and,1806,1
and,1712,1
an,1825,1
an,1775,1
as,1853,1
and,1828,1
as,1851,1
b,1851,1
and,1806,1
and,1867,1
c,1837,1
and,1808,1
c,1849,1
are,1911,1
all,1780,1
and,1868,2
bitriazole,1917,664
c,1844,1
and,1817,1
award,1857,2
action,1852,1
and,1822,1
and,1834,1
all,1846,1
an,1858,1
b,1776,1
and,1791,1
board,1886,1
and,1851,1
and,1783,1
c,1770,1
and,1803,1
and,1866,2
an,1806,1
are,1850,1
are,1822,1
b,1822,1
b,2002,3
c,1814,1
all,1810,1
and,1808,1
and,1792,1
basquine,1851,1
all,1996,6
and,1566,1
and,1836,1
and,1793,1
and,1846,1
c,1841,1
and,1821,1
an,1880,1
are,1857,1
and,1822,1
and,1868,1
appendixes,1910,1
b,1869,1
and,1810,1
b,1822,1
and,1795,1
c,1881,1
and,1808,1
as,1733,1
annenkov,1958,564
all,1810,1
c,1866,1
c,1896,1
are,1850,1
c,1817,1
and,1848,1
an,1873,2
all,1800,1
and,1788,1
at,1806,1
b,1786,1
and,1801,1
and,1860,1
and,1861,1
compounds,1910,1
as,1676,1
b,1857,1
at,1848,1
b,1776,1
an,1807,1
and,1781,1
an,1812,1
b,1791,1
and,1803,1
and,1824,1
an,1899,1
c,1804,1
c,1631,1
and,1821,1
as,1780,1
and,1848,1
as,1807,1
c,1985,5
b,1800,1
and,1854,1
are,1833,1
at,1842,1
and,1829,3
and,1809,1
as,1831,1
c,1825,1
all,1827,1
and,1686,1
and,1796,1
and,1743,1
b,1777,1
an,1783,1
at,1815,1
and,1809,1
b,1853,1
b,1813,1
action,1993,5
b,1832,1
and,1812,1
and,1833,1
are,1852,1
at,1833,1
as,1801,1
at,1563,1
c,1809,1
c,1855,1
and,1805,1
and,1806,1
b,1859,1
are,1870,1
at,1820,1
cws,1648,1
c,1858,1
and,1864,1
b,1806,1
c,1855,1
award,1477,46
and,1829,1
as,1807,1
b,1827,1
are,1779,1
and,1829,1
and,1812,1
an,1812,1
all,1816,1
as,1705,1
b,1764,1
and,1838,1
b,1786,1
b,1725,1
and,1824,1
and,1858,1
c,1894,1
are,1813,1
and,1835,1
c,1972,2
at,1802,1
b,1813,1
c,1834,1
and,1889,1
as,1803,1
cfs,1802,1
and,1829,1
and,1734,1
an,1835,1
and,1716,1
as,1810,1
are,1836,1
and,1735,1
and,1829,1
c,1845,1
c,1806,1
at,1853,1
as,1816,1
action,1754,1
and,1823,1
and,1848,1
and,1769,1
c,1998,1
and,1825,1
all,1893,1
are,1808,1
c,1683,1
brand,1616,1
calath,1765,1
all,1792,1
board,1796,1
and,1842,1
at,1850,1
and,1784,1
c,1814,2
and,1851,1
and,1832,1
b,1897,1
c,1843,1
are,1818,1
an,1860,1
b,1594,1
are,1784,1
and,1852,1
board,1817,1
as,1832,1
and,1812,2
and,1884,1
an,1829,1
c,1875,1
at,1814,1
app,1988,72
and,1855,1
alias,1485,312
at,1824,1
all,1788,1
as,1802,1
c,1881,1
c,1806,1
are,1849,1
an,1815,1
c,1668,1
an,1850,1
c,1998,10
action,1678,1
and,1808,1
b,1697,1
as,1770,1
at,1826,1
and,1833,1
are,1816,1
as,1837,1
c,1834,1
as,1807,1
are,1810,1
and,1803,1
as,1818,1
atropium,1821,541
and,1964,1
and,1828,1
an,1499,1
airworthiness,1948,1
are,1806,1
behavioreme,1954,39
c,1717,1
an,1844,1
action,1822,1
and,1820,1
an,1824,1
as,1818,1
c,1832,1
and,1911,1
all,1868,1
and,1824,2
as,1771,1
an,1834,1
and,1806,1
c,1817,1
and,1818,1
b,1848,1
c,1800,1
and,1836,1
all,1821,1
c,1839,1
and,1850,1
and,1520,1
c,1972,3
and,1472,2740
app,1853,1
and,1840,1
and,1813,1
all,1820,1
and,1825,1
c,1847,1
and,1810,1
application,1990,2
all,1800,1
b,1781,1
at,2009,3
an,1841,1
an,1500,1
and,1472,1
action,1826,1
at,1858,1
and,1823,1
all,1807,1
and,1815,2
are,1726,1
an,1785,1
and,1832,1
c,1993,1
and,1856,1
and,1806,1
arbor,1898,1
c,1849,1
an,1836,1
and,1817,1
c,1911,1
all,1472,1
and,1855,1
bellicois,1858,368
as,1860,1
as,1787,1
as,1803,1
and,1917,1
all,1812,1
and,1846,1
and,1819,1
and,1795,1
all,1823,1
and,1769,1
and,1812,1
as,1821,1
c,1870,1
and,1817,1
and,1798,1
and,1818,1
and,1884,1
as,1727,1
bingaman,1866,1
and,1588,1
an,1872,1
and,1830,1
b,1795,1
app,1995,5
are,1850,1
c,1984,2
and,1838,1
at,1808,1
an,1841,1
and,1734,1
c,1814,1
backslopes,1923,121
at,2002,5
c,1820,1
and,1840,1
bellicois,1858,117
and,1800,1
and,1823,1
and,1805,1
and,1823,1
action,1812,1
an,1851,1
are,1844,1
at,1811,1
company,1785,1
and,1708,1
an,1813,1
and,1830,1
c,1809,1
at,1828,2
c,1825,1
arbor,1647,1
and,1825,1
b,1863,1
as,1803,1
at,1815,1
c,1837,2
and,1720,1
and,1864,1
at,1860,1
and,1824,1
at,1826,2
are,1722,1
and,1797,1
as,1832,1
b,1847,1
and,1855,2
candaca,1811,18
an,1778,1
at,1821,1
b,1860,1
airworthiness,1701,3
b,1813,1
application,1848,1
and,1804,1
and,1853,1
and,1805,1
as,1665,1
as,1804,1
c,1678,1
and,1803,1
company,1808,1
b,1813,1
and,1831,1
and,1867,1
are,1799,1
as,1822,1
are,1852,1
an,1807,1
and,1822,1
c,1725,1
as,1800,1
as,1841,1
are,1827,1
c,1800,1
and,1843,1
are,1805,1
as,1832,1
cfs,1940,1
and,1863,1
an,1814,1
and,1781,1
at,1499,1
b,1783,1
c,1824,8
and,1866,2
b,1856,1
are,1657,1
app,1999,2
and,1806,1
and,1815,1
and,1561,1
b,1810,1
are,1827,1
at,1820,1
as,1763,1
application,1776,1
biologiya,1952,1
c,1958,2
b,1806,1
and,1838,1
appendixes,1845,1
and,1812,1
and,1800,1
and,1743,1
c,1739,1
c,1818,1
c,1833,1
and,1809,1
and,1708,2
are,1795,1
and,1825,1
an,1857,1
as,1824,1
are,1804,1
b,1833,1
b,1858,1
b,1472,28
b,1740,1
at,1695,1
and,1821,1
and,1783,1
and,1904,1
airworthiness,1945,1
all,1896,1
and,1943,1
all,1812,1
an,1856,1
an,1810,1
app,1606,1
are,1826,1
an,1856,1
and,1803,1
c,1825,1
an,1812,1
an,1869,1
and,1823,1
and,1812,1
application,1871,1
and,1852,1
board,1813,1
action,1976,1
are,1834,1
and,1854,1
as,1812,1
action,1983,1
c,1818,1
and,1808,1
an,1891,1
an,1894,1
and,1867,1
atropium,1821,1
and,1815,1
at,1787,1
and,1860,1
althermen,1848,1283
b,1900,2
as,2010,7
c,1835,1
action,2010,4
and,1821,1
are,1705,1
as,1789,1
at,1817,1
and,1849,1
and,1961,1
and,1812,1
b,1817,1
and,1842,1
and,1814,1
all,1816,1
b,1729,1
candacas,1808,2
as,1803,1
and,1854,1
and,1852,1
b,1803,1
application,1853,1
as,1818,1
camai,1706,1
as,1843,1
and,1833,1
all,1704,1
at,1814,1
are,1858,1
and,1828,1
at,1810,1
an,1834,1
b,1803,1
app,1489,1
and,1820,1
all,1808,1
and,1885,1
and,1796,1
and,1872,1
c,1910,1
airfare,1850,1
an,1821,1
and,1762,1
and,1818,1
application,2007,2
at,1867,1
and,1856,1
as,1832,1
and,1853,1
c,1834,1
are,1868,1
and,1821,1
as,1770,1
an,1803,1
and,1803,1
b,1819,1
c,1646,1
an,1806,1
and,1835,1
and,1780,1
are,1808,1
as,1809,1
at,1857,2
are,1810,1
all,1706,1
b,1823,1
c,1815,1
b,1849,1
b,1832,1
and,1804,1
are,1803,1
and,1875,1
and,1832,1
are,1832,2
alias,1815,2
as,1997,2
and,1859,1
c,1836,1
c,1808,1
b,1832,1
action,2010,4
are,1819,1
bunyo,1818,55
as,1810,1
at,1809,1
and,1830,1
all,1781,1
are,1828,1
and,1796,1
and,1809,1
and,1829,1
and,1866,1
at,1738,1
candacas,1808,2
at,1817,1
an,1800,1
an,1805,1
and,1809,1
app,1878,1
at,1848,1
and,1734,1
at,1838,1
an,1804,1
and,1773,1
and,1946,1
application,1997,1
and,1834,1
b,1808,1
c,1803,1
app,1988,72
c,1955,1
b,1786,1
and,1834,1
an,1852,1
and,1810,1
c,1813,1
and,1817,1
an,1858,1
an,1807,1
and,1807,1
at,1973,1
as,1708,1
and,1832,2
c,1499,1
blumenthal,1919,1
as,1823,1
and,1793,1
and,1836,1
and,1701,1
c,1839,1
and,1841,1
and,1834,1
and,1810,1
c,1856,1
as,1799,1
b,1990,4
an,1834,1
and,1791,1
an,1807,1
an,1853,1
at,1852,1
b,1785,1
airworthiness,1926,2
atrazine,1684,342
all,1681,1
acid,1858,1
b,1707,1
b,1809,1
and,1846,1
and,1817,1
and,1844,1
and,1821,1
c,1975,1
an,1821,1
are,1827,1
and,1808,1
as,1851,1
action,1837,1
and,1789,1
are,1769,1
c,1812,1
all,1807,1
as,1861,1
b,1827,2
are,1812,1
an,1789,1
at,1840,1
and,1880,1
board,1907,1
and,1811,1
are,1851,1
action,1983,2
ashcroft,1855,1
all,1733,1
b,1878,1
are,1838,1
camai,1706,1
and,1802,1
and,1851,1
b,1798,1
and,1855,1
and,1910,1
and,1837,1
alias,1548,1
and,1851,1
c,1777,1
are,1863,1
and,1838,1
b,1855,1
and,1815,1
at,1819,1
and,1884,1
as,1812,1
and,1865,1
as,1719,1
and,1757,1
as,1808,1
an,1812,1
action,1803,2
as,1803,2
are,1840,1
c,1991,6
application,1800,1
at,1818,1
as,1811,1
an,1832,1
b,1782,1
and,1706,1
b,1813,1
an,1837,1
action,1829,1
c,1834,1
as,1676,1
c,1834,2
at,1807,2
as,1807,1
all,1853,1
and,1761,1
an,1805,1
are,1779,1
application,1712,1
begich,1823,1
b,1724,1
and,1863,1
b,1887,1
as,1831,1
c,1832,1
c,1816,1
and,1812,1
b,1840,1
c,1728,1
an,1831,1
an,1712,1
app,1520,1
are,1839,1
and,1803,1
all,1854,1
an,1809,1
althermen,1848,1269
an,1817,1
action,1831,1
as,1793,1
as,2012,7
adhinam,1887,1
an,1819,1
as,1801,1
b,1810,1
action,1837,1
as,1721,1
as,1786,1
angakok,1875,890
at,1786,1
as,1472,1
are,1815,1
and,1813,1
c,1913,1
and,1799,1
are,1713,1
as,2008,3
at,1814,1
action,1991,1
at,1809,1
and,1834,1
and,1821,1
at,1842,1
c,1832,1
and,1800,1
and,1824,1
bigings,1812,2
are,1822,1
action,1985,4
airworthiness,1933,1
action,1823,1
and,1781,1
are,1736,1
app,1477,1
and,1868,1
b,1857,1
as,1832,1
are,1791,1
and,1808,1
c,1819,1
b,1811,1
and,1882,1
are,1787,1
and,1832,1
c,1806,1
an,1809,1
bunnyboy,1922,1
an,1834,1
c,1845,1
an,1863,1
and,1822,1
application,1712,1
and,1818,1
and,1866,1
as,1823,1
and,1820,3
b,1818,1
as,1830,1
and,1812,1
and,1840,1
c,1821,1
and,1812,1
board,1991,1
c,1834,1
are,1834,1
are,1867,1
and,1832,2
compounds,1821,1
c,1803,1
and,1838,1
an,1820,1
an,1812,1
and,1847,1
and,1806,1
at,1832,3
and,1783,1
c,1837,1
and,1811,1
are,1964,1
b,1853,1
as,1803,1
bitumen,1481,1
c,1812,1
and,1472,1
and,1796,1
c,1825,1
c,1726,1
and,1854,1
c,1817,1
b,1858,1
and,1797,1
all,1907,1
and,1764,1
and,1846,1
c,1795,1
and,1865,1
arcati,1810,1
as,1848,1
as,1771,1
and,1802,1
an,1903,1
c,1838,1
b,1841,1
at,1832,2
and,1837,1
as,1790,1
and,1810,1
and,1478,1
at,1832,1
ashcroft,1868,1
and,1812,1
at,1852,1
board,1884,1
are,1796,1
an,1815,1
c,1851,1
c,1850,1
all,1650,1
c,1841,1
akaka,1888,1
b,1802,1
at,1494,1
an,1783,1
and,1833,1
b,1806,1
an,1813,1
at,1810,1
c,1873,1
and,1807,1
and,1831,1
app,2008,7
at,1811,1
at,1822,1
and,1839,1
b,1816,1
at,1781,1
as,1800,1
acid,1720,1
action,1819,1
and,1797,1
are,1836,1
action,1997,1
action,1472,80
an,1858,1
at,1858,1
brand,1917,1
and,1758,1
c,1834,2
c,1726,1
and,1827,1
c,1839,1
and,1742,1
an,1840,1
and,1869,1
are,1824,1
c,1830,1
and,1751,1
c,1838,1
and,1823,1
at,1695,1
board,1859,1
b,1826,1
and,1817,1
airspace,1874,1
b,1986,1
and,1795,1
and,1803,1
and,1812,1
all,1977,1
and,1820,1
are,1832,1
at,1801,1
and,1818,1
and,1811,1
board,1472,28
and,1566,1
b,1818,1
are,1851,1
are,1887,1
biden,1724,2
b,1873,1
an,1790,1
c,1815,1
and,1867,1
board,1862,1
b,1845,1
all,1807,1
c,1781,1
action,2004,1
and,1815,1
an,1825,1
and,1821,1
and,1801,1
c,1472,1
and,1767,1
at,1829,1
c,1816,1
an,1859,1
and,1852,1
c,1821,1
board,1814,1
b,1832,1
and,1831,1
and,1863,1
and,1821,1
and,1849,1
b,1792,1
action,1856,1
capsaicinoid,1950,265
and,1819,1
at,1861,1
and,1866,1
at,1835,1
c,1846,1
at,1738,1
and,1820,1
c,1819,1
an,1772,1
at,1819,1
b,1808,1
app,2008,7
and,1835,1
c,1830,1
appendixes,1658,2
and,1800,1
are,1806,1
board,1908,5
as,1713,1
as,1866,1
c,1798,1
c,1850,1
all,1896,1
are,1804,1
all,1801,2
b,1840,1
an,1850,2
are,1817,1
ashcroft,1855,1
are,1870,1
and,1802,1
as,1850,1
arraial,1821,5
at,1854,1
an,1888,1
are,1478,1
an,1843,1
an,1816,2
an,1803,1
all,1801,1
airworthiness,1924,1
application,1983,1
b,1815,1
and,1817,1
company,1665,1
c,1832,1
and,1520,1
at,1990,2
breaux,1836,1
c,1826,2
and,1775,1
board,1907,1
action,1888,1
c,1806,1
and,1755,1
c,1891,1
b,1846,1
and,1849,1
all,1997,1
application,1997,2
board,1908,8
as,1790,2
and,1850,1
c,1676,1
and,1834,1
as,1851,1
c,1830,1
and,1807,1
alias,1996,1
an,1845,1
and,1824,1
as,2008,3
and,1815,1
b,1853,1
at,1827,1
b,1819,1
action,1886,2
and,1815,1
b,1851,1
all,1816,1
award,1650,1
and,1705,1
c,1985,1
as,1806,1
c,1834,1
and,1808,1
at,1832,1
and,1798,1
b,1982,1
are,1808,1
and,1879,1
c,1807,1
and,1817,1
and,1798,1
and,1831,1
as,1882,4
are,1847,1
c,1814,1
and,1857,1
and,1964,1
and,1793,1
action,1908,1
an,1815,1
c,1879,1
all,1996,1
and,1821,1
and,1869,1
all,1859,1
c,1830,1
and,1774,1
an,1811,1
akaka,1836,3
b,1834,1
and,1855,1
application,1855,1
b,1799,1
and,1803,1
and,1816,1
and,1850,1
b,1707,1
and,1852,1
c,1952,1
and,1810,1
and,1743,1
b,1803,1
and,1808,1
and,1853,1
and,1880,1
action,1831,1
are,1814,1
and,1832,1
and,1837,1
c,1922,1
an,1901,1
as,1831,1
and,1866,1
and,1836,1
b,1825,1
and,1708,1
are,1809,1
c,1808,1
an,1860,1
c,1870,1
c,1843,1
and,1792,1
and,1804,1
b,1665,1
acid,1837,1
c,1998,2
are,1830,1
b,1821,2
c,1834,1
an,1829,1
application,1987,1
as,1668,1
airfare,1821,1
as,1832,1
and,1853,1
are,1800,1
at,1772,1
at,1842,1
as,1800,1
an,1833,1
as,1825,1
are,1844,1
ayotte,1848,1
are,1807,1
c,1870,1
an,1772,1
action,1825,1
are,1705,1
are,1784,1
as,1816,1
c,1784,1
and,1835,1
an,1829,1
and,1827,1
b,1798,1
action,1858,1
and,1820,1
b,1804,1
an,1701,1
and,1870,1
and,1845,1
alias,1821,3
and,1835,1
and,1836,1
at,1747,1
as,1853,1
as,1803,1
basquine,1800,1
and,1815,1
c,1817,1
c,1800,1
c,1826,1
action,1803,2
c,1810,1
and,1823,1
app,1865,1
are,1765,1
at,1813,1
and,1834,1
c,1807,1
all,1996,7
b,1803,1
and,1848,1
all,1834,1
c,1804,1
and,1804,1
and,1843,2
are,1809,1
all,1835,1
and,1771,1
and,1814,1
action,1832,1
c,1821,1
an,1774,1
b,1843,1
an,1851,1
an,1811,1
and,1811,1
and,1828,1
and,1862,1
as,1828,1
and,1868,1
and,1818,1
as,1836,1
are,1818,1
and,1831,1
b,1843,1
c,1830,1
b,1825,1
b,1781,1
at,1851,1
and,1864,1
b,1861,1
c,1856,2
c,1828,1
action,1806,1
an,1848,1
and,1832,1
and,1858,1
and,1835,1
as,1824,1
an,1866,1
app,1994,1
at,1832,1
and,1793,1
and,1823,1
b,1839,2
b,1765,1
c,1841,1
at,1787,1
are,1803,1
alvord,1836,1
are,1772,1
and,1823,1
and,1835,1
b,1825,1
alvord,1881,1
and,1837,1
and,1842,1
and,1852,1
and,1814,1
at,1813,1
b,1822,1
b,1824,1
control,1897,1
are,1840,1
an,1830,1
and,1809,1
at,1807,2
an,1849,1
at,1804,1
and,1795,1
are,1812,1
and,1834,1
at,1810,1
are,1834,1
c,1865,1
b,1794,1
app,1832,1
c,1814,1
and,1813,1
and,1766,1
at,1833,1
and,1807,1
b,1829,1
are,1813,1
action,1852,1
b,2002,1
and,1821,1
c,1700,1
as,1870,1
and,1809,1
cavcr,1803,1
and,1706,1
an,1901,1
and,1759,1
c,1856,1
board,1821,1
an,1856,1
and,1812,1
and,1813,1
and,1847,1
at,1822,1
at,1710,1
are,1814,1
an,1831,1
and,1656,1
aeroassisted,1962,380
and,1843,1
c,1820,1
and,1809,1
b,1863,1
all,1834,1
and,1826,1
and,1825,1
and,1861,1
and,1871,1
and,1736,1
an,1831,1
and,1832,1
as,1852,1
and,1728,1
and,1806,1
and,1867,1
all,1700,1
and,1817,1
c,1815,1
action,1754,1
action,1908,2
c,1830,1
bitumen,1838,2
an,1868,1
an,1826,1
and,1855,1
all,1763,1
board,1886,1
as,1754,1
and,1809,1
b,1881,1
as,1752,1
an,1855,1
an,1809,1
an,1799,1
at,1835,1
an,1852,1
app,1998,3
and,1778,1
c,1823,1
at,1877,1
and,1819,1
and,1832,2
and,1834,1
c,1846,1
cws,1648,1
and,1808,1
application,1950,1
action,1986,1
arraial,1821,624
at,1808,1
at,1823,1
airworthiness,1948,1
bkkpg,1891,1
c,1832,1
and,1797,1
as,1789,1
and,1813,1
and,1825,1
an,1820,1
and,1800,1
are,1827,1
and,1852,1
at,1829,1
and,1734,1
and,1920,1
capercali,1830,584
baleinier,1848,1
and,1809,1
an,1810,1
c,1815,1
b,1807,1
an,1842,1
are,1863,1
angakok,1875,783
as,1992,2
b,1825,1
and,1896,1
and,1837,1
b,1750,1
and,1856,1
c,1824,1
and,1816,1
and,1811,2
and,1825,1
all,1792,1
b,1811,1
and,1774,1
as,1816,1
action,1861,1
brand,1885,1
at,1807,1
as,1809,1
as,1708,1
and,1811,2
at,1809,1
and,1824,1
blazec,1849,1
all,1858,1
and,1803,1
b,1851,1
are,1920,1
alicoles,1919,503
and,1866,1
c,1900,1
application,1618,1
as,1773,1
and,1788,1
at,1896,1
c,1812,1
an,1816,2
are,1801,1
and,1806,1
and,1827,1
b,1813,1
and,1819,1
and,1898,1
are,1834,1
c,1808,1
an,1806,1
at,1728,1
and,1838,1
at,1809,1
and,1848,1
application,1807,1
as,1823,1
and,1845,1
and,1830,1
and,1826,1
c,1829,1
and,1823,1
b,1996,1
at,1883,1
award,1821,1
and,1869,1
and,1472,4
and,1793,1
an,1810,1
at,1808,1
b,1812,1
b,1807,1
an,1807,1
c,1860,1
c,1857,1
airworthiness,1942,2
are,1852,1
all,1768,1
c,1890,1
actionscript,1995,1
and,1853,1
an,1888,1
at,1851,1
and,1818,1
are,1811,1
an,1857,1
as,1832,1
and,1813,1
an,1848,1
and,1796,1
b,1800,1
action,1843,1
are,1834,1
are,1856,1
application,1855,1
at,1860,1
app,1990,26
arbor,1805,1
and,1845,1
are,1847,1
are,1803,1
bosthoon,1836,2
as,1803,1
and,1829,1
as,1852,1
cattanars,1839,571
action,1934,1
board,1884,1
at,1844,3
as,1828,1
b,1836,1
and,1800,1
action,1820,1
biden,1517,1
acid,1853,1
are,1694,1
and,1800,1
b,1759,1
c,1808,1
c,1808,1
bitumen,1799,1
app,1812,1
as,1801,1
and,1868,2
and,1853,1
are,1818,1
and,1856,1
and,1822,1
as,1834,1
anhydrocryptopine,1916,993
at,1747,1
alcaldia,1812,906
are,1814,1
at,1798,1
at,1816,1
and,1802,1
b,1836,1
action,1819,1
are,1857,1
c,1880,3
b,1803,1
and,1830,1
b,1985,1
as,1813,1
c,1748,1
and,1853,1
as,1631,1
and,1683,1
and,1823,1
board,1796,1
at,1806,1
and,1849,1
are,1814,1
at,1849,1
control,1835,1
b,1740,1
and,1821,1
and,1712,1
and,1738,1
action,1932,1
action,1808,1
action,1987,1
arbor,1857,2
all,1964,1
are,1852,1
control,1825,1
and,1841,1
and,1782,1
at,1772,1
c,1765,1
and,1816,1
c,1841,1
at,1816,1
b,1472,46
control,1800,2
an,1841,1
and,1775,1
b,1960,1
and,1799,1
and,1803,1
aggageers,1867,723
b,1845,1
alabert,1837,1
an,1720,1
at,1868,1
c,1815,1
and,1823,1
c,1998,10
and,1828,1
and,1804,1
and,1791,1
board,1817,1
and,1857,1
at,1787,1
brand,1475,2
c,1814,1
board,1834,1
c,1806,1
are,1873,1
biosenescent,1978,552
are,1840,1
b,1811,1
and,1849,2
an,1809,1
c,1803,1
and,1852,1
alias,1716,1
an,1832,1
as,1816,1
c,1952,1
all,1810,1
as,1812,1
an,1785,1
board,1821,1
are,1874,1
and,1850,1
b,1831,1
all,1801,1
an,1822,1
are,1822,1
and,1825,2
b,1715,1
are,1716,1
c,1804,1
all,1991,1
an,1861,1
c,1854,1
c,1849,1
c,1820,1
board,1854,1
an,1842,1
at,1868,1
and,1798,1
are,1836,2
b,1871,1
and,1632,1
and,1855,1
and,1843,1
an,1829,1
and,1850,1
c,1855,1
an,1838,1
and,1816,1
as,1894,1
board,1659,1
constitution,1811,5
airfare,1847,1
behavioreme,1954,9
action,1791,1
cromwell,1721,1
app,1606,1
and,1802,1
at,1844,1
at,1817,1
c,1856,1
b,1831,1
an,1825,1
are,1873,1
and,1812,1
as,1850,1
all,1887,2
an,1835,1
autogradable,2010,880
at,1815,1
b,1877,1
b,1982,1
bigings,1812,2
and,1796,1
and,1773,1
as,1804,1
c,1868,1
c,1890,1
and,1788,1
as,1830,1
as,1648,1
brand,1851,1
and,1920,1
all,1807,1
action,1932,1
and,1952,1
and,1810,1
are,1853,1
all,1832,1
b,1811,1
are,1657,1
and,1805,1
at,1790,1
all,1472,230
at,1716,1
all,1833,1
are,1811,1
at,1814,2
and,1825,1
actionscript,2001,2
and,1823,1
at,2011,10
and,1827,1
are,1814,1
b,1810,1
c,1774,1
b,1817,1
and,1837,1
and,1786,1
bladex,1889,1
are,1811,1
action,1881,2
c,1807,1
as,1790,1
c,1860,1
and,1922,1
action,1852,2
all,1827,1
ambell,1768,1
board,1862,1
and,1809,1
c,1842,1
are,1840,1
application,1846,1
are,1841,1
c,1795,1
and,1849,1
and,1849,1
and,1735,1
and,1838,1
an,1821,1
at,1833,1
as,1811,1
at,2002,4
b,1960,1
as,1848,1
all,1810,1
and,1804,1
and,1807,1
c,1815,1
an,1806,1
app,1853,1
and,1836,1
at,1812,1
and,1822,1
and,1881,1
at,1811,1
all,1788,1
all,1803,1
b,1818,1
and,1837,1
aeroassisted,1962,281
an,1831,1
and,1795,1
b,1855,1
and,1656,1
as,1666,1
at,1823,1
an,1965,1
and,1855,1
an,1804,1
are,1801,1
at,1804,1
award,1477,46
all,1809,1
and,1853,1
alvord,1836,1
and,1800,1
and,1805,1
as,1700,1
an,1859,1
b,1865,1
an,1847,1
c,1870,1
b,1811,1
c,1833,1
and,1816,1
and,1832,1
and,1773,1
c,1763,1
b,1740,1
as,1816,1
b,2006,1
all,1657,1
are,1858,1
c,1811,1
and,1757,1
are,1801,1
and,1870,1
and,1884,1
are,1793,1
c,1834,1
an,1870,1
c,1816,1
and,1771,1
and,1838,1
c,1853,1
c,1868,2
an,1809,1
and,1811,1
and,1781,1
and,1810,1
and,1852,1
at,1802,1
all,1751,1
and,1825,1
c,1824,1
an,1852,1
at,1835,1
all,1852,1
and,1823,1
at,1801,1
b,1819,1
and,1812,1
at,1852,1
cavcr,1803,1
application,1983,1
are,1851,1
airfare,1717,1
as,1904,1
airspace,1957,1
as,1752,1
application,1918,1
are,1815,1
all,1847,1
are,1840,1
b,1814,1
and,1823,1
an,1811,1
all,1860,1
bitumen,1499,3
are,1795,1
an,1836,1
and,1678,1
at,1820,1
an,1819,1
are,1834,1
app,1853,1
as,1796,1
as,1832,1
c,1861,1
and,1817,1
an,1818,1
and,1840,1
as,1688,1
b,1815,1
at,1932,1
are,1837,1
and,1813,1
alias,1984,1
c,1807,1
board,1839,1
b,1831,1
all,1758,1
and,1831,1
and,1817,1
atropium,1821,555
an,1811,1
b,1824,1
and,1818,1
b,1834,1
an,1820,1
and,1801,1
and,1859,1
an,1828,1
c,1833,1
c,1816,1
b,1834,1
and,1831,1
as,1892,1
b,2002,3
and,1472,1
and,1842,1
are,1472,394
and,1831,1
an,1852,1
airspace,1869,1
and,1848,1
are,1807,1
control,1889,1
c,1854,1
as,1992,2
and,1798,1
at,1881,1
all,1824,1
an,1808,1
as,1916,1
as,1816,1
as,1806,1
at,1836,1
and,1769,1
and,1769,1
and,1810,1
b,1832,1
alcaldia,1812,1
as,1824,1
as,1771,1
action,1843,1
all,1823,1
at,1816,1
an,1824,1
b,1846,1
and,1804,1
an,1707,1
cfsti,1962,10
an,1810,1
and,1764,1
and,1841,1
an,1854,1
c,1987,1
at,1852,1
and,1832,1
c,1839,1
at,1792,1
acid,1848,1
b,1816,2
are,2006,1
and,1700,1
app,1793,1
are,1851,1
as,1820,1
all,1815,1
b,1815,1
are,1829,1
and,1793,1
an,1839,1
as,1815,2
c,1803,1
b,1813,1
application,1997,1
board,1814,1
at,1702,1
an,1866,1
and,1821,1
at,1707,1
c,1994,5
all,1853,2
are,1848,1
b,1781,1
bibliomaniacal,1811,692
and,1844,1
and,1665,1
and,1823,1
appendixes,1603,1
c,1868,2
and,1841,1
and,1875,1
and,1838,1
and,1835,1
all,1528,1
are,1831,1
all,1867,1
and,1835,1
blumenthal,1889,1
all,1801,1
and,1783,1
atrazine,1684,1153
as,1864,1
and,1812,1
b,1804,1
b,1814,1
an,1808,2
all,1799,1
at,1852,1
application,1830,1
c,1822,1
and,1816,1
and,1797,1
c,1845,1
akaka,1848,1
action,1823,1
and,1814,1
an,1819,1
all,1810,1
are,1810,1
and,1920,1
are,1835,1
and,1776,1
and,1826,1
and,1825,1
an,1824,1
and,1825,1
are,1855,1
and,1823,1
as,1825,1
and,1818,1
c,1838,1
application,1831,1
as,1849,1
an,1848,1
c,1897,1
bitumen,1702,1
c,1985,2
are,1856,1
as,1935,1
airspace,1955,1
at,1824,1
b,1862,1
c,1838,1
application,1807,1
and,1795,1
and,1838,1
b,1819,1
and,1676,1
all,1828,1
b,1811,1
are,1889,1
b,1879,2
at,1814,1
c,1832,1
and,1772,1
an,1884,1
at,1800,1
and,1819,1
c,1904,1
an,1813,1
and,1904,1
and,1823,1
and,1688,1
application,1494,1
as,1913,1
b,1818,1
b,1900,2
are,1822,1
and,1793,1
at,1800,1
all,1847,1
application,2006,1
app,1676,1
as,1810,1
b,1804,1
and,1797,1
and,1722,1
c,1834,1
as,1853,1
and,1803,1
and,1841,1
at,1850,1
b,1984,1
as,1807,1
c,1763,1
b,1843,1
app,1994,1
at,1860,1
b,1830,1
and,1856,1
b,1810,1
at,1803,1
and,1858,1
and,1803,1
b,1803,1
and,1808,1
c,1815,1
b,1807,1
and,1551,2
an,1844,1
and,1801,1
are,1696,1
and,1799,1
and,1730,1
an,1834,1
all,1729,1
brand,1846,1
b,1841,1
and,1812,2
are,1807,1
and,1829,1
b,1821,1
and,1804,1
and,1871,1
bosthoon,1826,1
at,1699,1
b,1819,1
c,1859,1
b,1810,1
cattanars,1839,576
c,1821,1
are,1881,1
at,1979,1
all,1907,1
and,1939,1
c,1805,1
b,1809,1
b,1867,1
as,1831,2
and,1823,1
acid,1802,2
alias,1759,1
butalastic,1946,2652
at,1816,1
are,1807,1
b,1803,1
all,1887,2
are,1819,1
at,1822,1
at,1816,1
and,1839,1
an,1847,1
c,1760,1
and,1833,1
and,1849,1
and,1832,1
as,1816,1
all,1837,1
and,1843,1
c,1798,1
c,1883,1
as,1815,2
and,1810,1
as,1807,1
are,1855,1
and,1853,1
and,1855,1
and,1899,1
and,1848,1
at,1834,1
c,1960,2
b,1785,1
c,1846,1
c,1949,1
control,1889,1
at,1841,2
c,1821,1
c,1816,1
and,1807,1
c,1839,1
are,1855,1
an,1869,1
are,1853,1
c,1677,1
app,1999,2
and,1793,1
and,1708,1
and,1894,1
and,1472,1
b,1807,2
c,1817,1
and,1796,1
are,1836,1
are,1807,1
and,1825,1
and,1855,1
and,1802,1
and,1839,1
and,1804,1
b,1818,1
c,1832,1
camai,1800,1
award,1659,6
b,1813,1
at,1838,2
as,1800,1
c,1867,1
backslopes,1831,1
b,1818,1
app,1989,2
and,1882,1
arbor,1757,2
as,1827,1
and,1822,1
c,1855,1
c,1834,1
and,1826,2
as,1808,2
c,1832,1
are,1833,1
at,1815,1
b,1807,1
and,1805,1
and,1813,1
at,1847,1
are,1810,1
and,1794,1
as,1848,1
all,1805,1
c,1851,1
c,1651,1
b,1819,1
are,1807,1
as,1803,1
and,1821,1
at,1811,1
as,1789,2
airspace,1832,3
b,1837,1
an,1840,1
and,1834,1
at,1827,1
are,1822,1
at,1814,1
all,1793,1
and,1876,1
and,1813,1
control,2004,2
b,1822,1
and,1825,1
and,1816,1
b,1849,1
are,1823,1
c,1834,1
c,1815,1
an,1819,1
as,1804,1
award,1816,1
and,1814,1
c,1817,1
all,1650,1
an,1832,1
and,1838,1
are,1657,1
board,1863,1
and,1776,1
and,1818,1
b,1824,1
arbor,1819,1
c,1998,3
c,1788,1
at,1788,1
and,1743,1
c,1985,2
and,1843,1
as,1917,1
an,1862,1
and,1829,1
and,1742,1
as,1806,1
at,1846,1
as,1790,1
and,1788,1
are,1851,1
airspace,1832,1
an,1821,1
an,1869,1
as,1667,1
at,1800,1
an,1831,1
an,1863,1
and,1815,1
as,1810,1
and,1665,2
are,1835,1
as,1803,1
all,1854,1
c,1832,1
at,1834,1
as,1803,1
all,1824,1
as,1727,1
and,1708,1
an,1639,1
akaka,1853,1
and,1832,2
c,1791,1
and,1854,1
b,1853,1
all,1975,1
and,1882,1
akosh,1871,9
appendixes,1603,1
and,1831,1
c,1808,1
and,1717,1
and,1800,1
and,1753,1
at,1867,1
c,1808,1
as,1976,1
are,1822,1
and,1822,1
b,1846,1
c,1817,1
and,1849,2
an,1866,1
and,1810,1
and,1808,1
application,1472,166
c,1843,1
are,1827,1
as,1872,1
and,1874,1
company,1785,1
all,1820,1
an,1803,1
as,1824,1
and,1790,1
c,1847,1
and,1841,1
are,1836,1
b,1811,1
as,1700,1
as,1472,419
are,1779,1
at,1809,1
at,1847,1
and,1728,1
b,1794,1
b,1831,1
appendixes,1826,2
an,1835,1
and,1827,1
and,1821,1
an,1824,1
c,1871,1
an,1812,1
and,1830,1
are,1799,1
and,1820,1
and,1882,1
are,1863,1
bitumen,1499,7
application,1858,1
and,1834,1
action,1824,1
at,1858,1
and,1834,1
c,1792,1
b,1794,2
and,1826,1
at,1839,1
c,1808,1
c,1838,1
and,1825,1
and,1832,1
as,1771,1
c,1803,1
bladex,1868,1
b,1808,1
and,1866,1
c,1814,1
board,1818,1
c,1743,1
c,1806,1
c,1868,1
board,1726,1
alias,1485,9
an,1804,1
all,1854,1
an,1850,1
as,1844,1
are,1827,1
as,1832,1
blumenthal,1903,1
an,1841,1
action,1842,1
benthamscience,2007,1
at,1757,1
as,1803,1
and,1768,1
c,1829,1
application,1902,1
at,1829,1
b,1839,1
c,1829,1
an,1809,1
as,1805,1
all,1912,2
c,1683,1
an,1839,1
all,1978,3
and,1812,2
all,1787,1
c,1826,1
b,1829,1
c,1911,1
and,1872,1
and,1776,1
and,1855,1
and,1766,1
as,1811,1
b,1861,1
and,1836,1
as,1821,1
are,1831,1
and,1838,1
alias,1884,1
are,1806,1
atrazine,1684,802
all,1812,1
brand,1866,1
and,1672,1
as,1872,1
all,1995,3
b,1734,1
are,1721,1
and,1826,1
at,1851,1
at,1850,1
as,1817,1
c,1795,1
are,1804,1
control,1800,2
an,1813,2
application,1618,1
all,1733,1
all,1811,1
b,1888,1
control,1903,1
and,1845,1
and,1824,1
bardiglione,1811,571
as,1825,1
an,1810,1
and,1788,1
c,1897,1
application,2006,11
and,1801,1
c,1804,1
b,1855,1
as,1832,2
an,1830,1
alicoles,1919,604
all,1801,1
and,1851,1
are,1825,1
and,1800,1
as,1681,1
c,1986,1
an,1800,1
and,1803,1
b,1837,1
and,1807,1
an,1807,1
and,1823,1
and,1844,2
as,1648,1
as,1831,1
at,1796,1
b,1764,1
an,1899,1
c,1878,1
and,1795,1
as,1750,1
calathides,1821,886
all,1768,1
all,1601,1
all,1807,1
c,1832,1
all,1809,1
are,1808,1
c,1841,1
and,1801,1
c,1499,1
b,1852,1
and,1809,1
and,1805,1
at,1824,1
are,1848,1
are,1813,1
all,1594,1
c,1828,1
are,1841,1
c,1779,1
and,1856,1
as,1801,1
an,1809,1
at,1741,1
and,1809,1
c,1832,1
compounds,1910,1
and,1821,1
b,1809,1
action,1728,1
b,1810,1
an,1818,1
b,1732,1
and,1882,1
and,1813,1
and,1769,1
b,1810,1
and,1800,1
c,1866,1
an,1665,1
and,1811,1
borophagines,1952,581
are,1881,1
an,1826,1
all,1827,1
at,1814,1
as,1713,1
an,1811,1
as,1825,1
c,1808,1
as,1737,1
and,1817,1
and,1820,1
and,1801,1
an,1857,1
and,1811,1
are,1824,1
an,1505,1
and,1948,1
and,1823,1
an,1840,1
and,1757,1
and,1812,1
and,1596,1
an,1815,1
c,1833,1
c,1830,1
and,1893,1
as,1820,1
and,1826,1
b,1850,1
at,1710,1
c,1850,1
c,1834,1
and,1943,2
and,1812,1
and,1842,1
are,1822,1
as,1752,1
application,1855,1
c,1868,1
and,1813,1
and,1792,1
b,1818,1
and,1803,1
at,2005,2
c,1870,1
c,1829,1
and,1843,1
and,1844,1
are,1856,1
c,1828,1
as,1812,1
application,1894,1
and,1813,1
at,1815,1
airworthiness,1789,1
b,1697,1
c,1826,1
at,1851,1
c,1996,6
c,1812,1
and,1850,1
application,2006,1
c,1812,1
as,1816,1
action,1911,1
alvord,1806,1
and,1734,1
b,1982,1
an,1830,2
action,1967,1
and,1781,1
an,1807,1
and,1796,1
b,1803,1
c,1766,1
are,1850,1
as,1733,1
are,1824,1
are,1856,1
as,1807,1
an,1755,1
and,1783,1
and,1812,1
at,1661,1
c,1876,1
are,1826,1
an,1828,1
all,1996,6
and,1762,1
and,1817,1
and,1866,1
and,1665,1
as,1506,1
alias,1984,1
b,1845,1
b,1817,1
an,1810,1
all,1890,1
and,1823,1
an,1834,1
b,1837,1
and,1835,1
c,1896,1
and,1855,1
and,1844,2
and,1812,1
are,1999,2
all,1859,1
and,1816,1
b,1868,1
and,1839,1
are,1881,1
an,1847,1
airworthiness,1919,3
and,1807,1
and,1896,1
ashcroft,1856,2
are,1819,1
and,1826,1
and,1857,1
at,1707,1
c,1839,1
an,1744,1
an,1804,1
an,1804,1
are,1832,1
and,1876,1
and,1820,1
airspace,1542,2
c,1837,1
c,1789,1
as,1804,1
app,1681,1
all,1813,1
an,1863,1
and,1817,1
as,1770,1
and,1876,2
are,1808,1
and,1847,1
calathides,1821,768
c,1815,1
c,1956,1
c,1765,1
b,1764,1
app,1477,1
benthamscience,2013,2590
b,1806,1
and,1859,1
and,1822,1
c,1816,1
at,1810,1
c,1828,1
and,1751,1
app,1681,1
are,1838,1
an,1727,1
an,1811,1
all,1840,1
b,1771,1
are,1815,1
at,1812,1
all,1820,1
and,1822,1
and,1841,1
and,1551,2
an,1830,1
b,1791,1
are,1822,1
and,1855,1
cromwell,1824,2
and,1830,1
application,1988,13
as,1803,1
an,1834,1
and,1847,1
and,1623,1
c,1808,1
at,1812,1
and,1827,1
and,1839,1
as,1727,1
as,1755,1
an,1804,1
and,1808,1
and,1847,1
and,1817,1
b,1809,1
an,1849,1
all,1801,1
as,1789,1
at,1819,1
are,1812,1
and,1711,1
and,1882,1
b,1813,2
and,1846,1
an,1813,2
as,1832,1
control,1903,1
at,1816,1
at,1804,1
and,1853,2
as,1822,1
as,1809,1
and,1816,1
and,1867,1
as,1816,1
are,1850,1
and,1834,1
and,1747,1
and,1817,1
c,1787,1
at,1780,1
b,1777,1
and,1825,1
as,2007,1
are,1804,1
b,1815,1
c,1826,1
are,1807,1
all,1809,1
c,1804,1
capercali,1830,603
and,1737,1
c,1878,2
and,1826,1
are,1875,1
all,1908,1
arbor,1748,1
and,1830,2
and,1802,1
b,1821,1
c,1840,1
c,1841,1
all,1810,1
an,1819,1
as,1704,1
and,1827,1
b,1821,1
b,2000,1
are,1669,1
at,1768,1
and,1885,1
and,1804,1
and,1850,1
and,1807,1
c,1856,1
at,1801,1
b,1776,1
as,1856,1
acid,1829,1
c,1688,1
brand,1885,1
an,1792,1
and,1815,1
and,1788,1
all,1865,1
and,1844,1
and,1579,1
as,1808,1
an,1866,1
action,1823,1
and,1853,1
and,1811,1
and,1581,1
an,1840,1
and,1830,1
at,1788,1
application,1787,1
and,1803,1
action,1826,1
and,1753,1
c,1793,1
and,1830,1
b,1817,1
and,1868,1
and,1812,1
are,1795,1
b,1833,1
application,1840,1
as,1731,1
b,1726,1
at,1806,1
are,1831,1
b,1848,1
are,1821,1
all,1681,1
at,1822,1
and,1865,2
are,1808,1
alcaldia,1812,2777
c,1800,1
biologiya,1951,1
c,1832,3
c,1841,1
and,1800,1
as,1853,2
c,1825,1
and,1861,1
are,1805,1
are,1822,1
and,1808,1
b,1839,1
and,1802,1
camai,1764,1
and,1781,1
c,1938,1
are,1850,1
airworthiness,1945,1
app,1811,1
as,1774,1
at,1861,1
and,1812,1
and,1961,1
action,1974,1
all,1533,2
as,1806,1
c,1815,1
angakok,1894,2
at,1817,1
an,1800,1
and,1838,1
and,1870,1
cameroons,1840,1
contested,1839,1
cromwell,1824,2
and,1863,1
and,1794,1
and,1800,1
an,1815,1
and,1856,1
c,1834,2
and,1762,1
at,1829,1
and,1898,1
and,1882,1
b,1767,1
alias,1635,1
and,1701,1
as,1812,1
c,1837,1
and,1776,1
and,1743,1
an,1826,1
and,1852,1
as,1807,1
and,1869,1
all,1804,1
an,1852,1
and,1797,1
b,1839,1
and,1848,1
b,1825,1
b,1834,1
at,1841,2
and,1952,1
an,1824,1
and,1853,1
c,1831,1
are,1827,1
b,1720,1
action,1822,1
b,1831,1
and,1766,1
airworthiness,1924,1
c,1834,1
c,1834,1
as,1770,1
as,1837,1
as,1763,1
and,1814,1
airspace,1542,2
and,1820,1
all,1823,1
app,1826,1
are,1815,1
b,1801,1
c,1853,1
bitriazole,1917,51
an,1810,1
b,1806,1
all,1810,1
board,1852,1
annaline,1823,1
an,1804,1
and,1874,1
an,1812,1
at,2009,4
and,1832,1
airspace,1875,1
application,1817,5
at,1832,1
at,1818,1
bosthoon,1826,6
b,1816,1
are,1850,2
at,1864,1
application,1902,1
an,1505,1
and,1785,1
c,1803,1
and,1834,1
c,1792,1
are,1842,1
an,1850,1
b,1792,1
action,1974,1
and,1875,1
and,1820,1
b,1813,1
as,1792,1
are,1801,1
argjendi,2017,707
an,1665,1
and,1827,1
c,1781,1
c,1986,1
b,1874,1
c,1717,1
as,1803,2
and,1880,1
at,1860,1
control,1897,1
and,1855,1
and,1812,1
are,1814,1
and,1749,1
are,1819,1
at,1917,1
as,1793,1
as,1668,1
cromwell,1721,1
are,1829,1
b,1807,1
an,1851,1
all,1836,1
are,1920,1
and,1849,1
c,1803,2
and,1826,1
and,1811,1
all,1811,1
and,1861,1
c,1793,1
c,1812,1
app,1990,29
as,1859,1
and,1814,1
an,1728,1
and,1843,1
all,1594,1
b,1800,1
all,1801,1
are,1827,1
and,1817,1
and,1877,2
as,1995,1
and,1846,1
an,1808,1
all,1844,1
at,1825,1
action,1803,1
and,1813,1
at,1800,1
c,1834,1
an,1800,1
board,1850,1
are,1866,1
as,1808,1
an,1772,1
c,1860,1
as,1850,1
award,1857,1
all,1832,1
and,1810,1
b,1811,1
and,1910,1
and,1808,1
b,1854,1
c,1784,1
c,1845,2
application,1831,1
c,1828,1
and,1740,1
b,1811,1
c,1891,1
c,1806,1
c,1641,1
and,1817,1
and,1847,1
b,1811,1
and,1815,1
an,1851,1
an,1863,1
as,1812,1
as,1870,1
and,1833,1
as,1890,1
and,1688,1
brand,1866,1
as,1809,1
and,1839,1
and,1853,1
all,1814,1
and,1836,1
all,1844,1
application,1853,1
are,1867,1
arbor,1533,2
are,1809,1
c,1850,1
airspace,1955,1
and,1798,1
b,1804,1
aggageers,1867,723
and,1736,1
all,1695,1
are,1827,1
at,1858,1
and,1781,1
are,1772,1
action,1934,1
all,1758,1
as,1816,1
are,1802,1
and,1802,1
b,1868,1
brachyphalangous,1919,797
b,1813,1
as,1829,1
and,1947,1
and,1816,2
and,1847,1
as,1874,1
c,1800,1
an,1745,1
c,1777,1
as,1501,2
and,1812,1
an,1884,2
c,1956,1
application,2007,2
airfare,1717,1
and,1793,3
at,1820,1
are,1812,1
all,1808,1
c,1795,1
b,1832,1
an,1549,1
avakian,1923,1
and,1836,1
b,1803,1
and,1818,1
and,1809,2
are,1808,1
app,1866,1
and,1943,2
and,1807,1
b,1843,1
and,1776,1
and,1828,1
an,1876,2
are,1815,1
and,1863,1
as,1937,2
as,1846,1
butalastic,1946,1591
b,1594,1
at,1973,1
c,1668,1
are,1851,1
and,1875,2
all,1714,1
c,1839,1
airfare,1949,1
and,1743,1
application,1797,1
as,1871,1
b,1887,1
b,1813,1
at,1741,1
and,1904,1
and,1815,1
an,1834,1
are,1805,1
b,1808,1
b,1842,1
all,1975,1
as,1834,1
and,1835,1
at,1847,1
cfsti,1962,917
airworthiness,1886,1
alias,1485,643
c,1849,1
an,1965,1
brand,1917,1
are,1849,1
and,1812,1
and,1872,1
and,1793,1
all,1847,1
b,1874,1
at,2001,2
as,1861,1
c,1809,1
at,1872,1
arcadiapublishing,1994,5
and,1579,1
are,1855,1
b,1819,2
at,1883,1
and,1800,1
as,1824,1
c,1985,5
an,1802,1
and,1808,1
are,1846,1
at,1870,1
application,1993,4
are,1849,1
and,1788,1
anisya,1905,1
all,1813,1
an,1832,1
b,1849,1
as,1829,1
and,1876,2
as,1807,1
and,1820,1
and,1817,1
and,1833,1
and,1831,1
as,1850,1
are,1817,1
as,1853,1
and,1827,1
and,1816,1
are,1833,1
and,1999,1
and,1820,1
and,1839,1
b,1957,2
b,1808,1
an,1805,1
arbor,1501,1
all,1665,1
b,1776,1
an,1851,1
and,1807,1
constitution,1793,1
b,1869,1
and,1833,1
action,1843,1
are,1822,1
brand,1754,1
as,1681,1
and,1823,1
c,1814,1
and,1822,1
c,1849,1
are,1806,1
arraial,1862,2
and,1821,1
and,1770,1
c,1844,1
and,1745,1
as,1724,1
and,1821,1
cataphyllary,1853,618
are,1804,1
and,1728,1
as,1803,1
cfsti,1962,10
and,1807,1
an,1818,1
and,1828,1
and,1836,1
are,1838,1
bladex,1868,1
as,1815,1
and,1632,1
all,1817,1
and,1866,2
at,1802,1
and,1799,1
an,1830,1
as,1812,1
are,1855,2
and,1819,1
at,1995,1
are,1472,394
an,1831,1
all,1475,1
are,1853,1
all,1848,1
all,1822,1
b,1809,1
and,1827,1
c,1849,1
as,1841,1
contested,1828,1
and,1835,1
are,1472,1
as,1794,1
board,1862,1
and,1905,2
and,1844,2
c,1795,1
b,1734,1
action,1911,1
and,1834,1
and,1816,1
and,1820,1
at,1800,1
and,1842,1
atrazine,1956,5
all,1824,1
b,1827,1
ambell,1730,2
and,1817,1
action,1976,1
angakok,1875,65
b,1816,1
b,1717,1
c,1822,1
b,1872,1
biden,1517,1
and,1824,2
as,1831,1
c,1847,1
an,1845,1
all,1860,1
c,1824,1
and,1807,1
action,1875,1
and,1854,1
an,1842,1
an,1821,1
actionscript,2002,4
and,1821,1
and,1819,1
c,1806,1
an,1841,2
b,1824,1
an,1835,1
b,1804,1
and,1825,1
and,1820,1
at,1800,1
as,1850,1
an,1820,1
brand,1851,1
and,1817,1
app,1826,1
and,1800,1
c,1809,3
and,1815,2
and,1881,1
angakok,1875,12
and,1845,1
action,1854,2
and,1821,1
c,1875,1
as,1803,1
are,1838,1
as,1766,1
are,1669,1
b,1816,1
at,1849,1
and,1846,1
b,1987,1
at,1622,1
and,1820,1
action,1974,1
as,1831,1
and,1837,1
and,1804,1
and,1860,1
as,1809,1
at,1806,2
and,1823,1
and,1810,1
are,1867,1
as,1824,1
are,1796,1
and,1847,2
and,1823,1
and,1850,1
are,1867,1
as,1832,1
as,1853,1
b,1881,1
and,1816,1
all,1802,1
app,1864,1
alias,1985,1
bellicois,1858,746
as,1870,1
and,1839,1
and,1816,1
b,1735,1
an,1809,1
airspace,1832,1
c,1851,1
and,1905,2
and,1830,1
are,1816,1
archimate,2009,1
are,1812,1
b,1815,1
and,1856,1
are,1717,1
all,1847,1
and,1854,1
and,1818,1
are,1995,1
at,1472,242
and,1772,1
and,1862,1
c,1938,1
as,1836,1
b,1786,1
and,1832,1
and,1810,1
and,1857,1
and,1850,1
b,1771,1
an,1472,352
and,1906,1
and,1822,1
c,1879,1
c,1856,1
are,1867,1
constitution,1793,1
at,1833,1
cfsti,1951,2
as,1770,1
c,1911,1
as,1705,1
and,1820,1
an,1806,1
as,1830,1
as,1811,1
and,1854,1
an,1809,1
all,1812,2
behavioreme,1954,28
as,1790,2
and,1801,1
b,1875,1
are,1841,1
all,1803,1
c,1783,1
and,1758,1
c,1820,1
c,1828,1
are,1852,1
c,1856,1
b,1794,1
and,1812,1
and,1849,1
and,1947,1
application,1894,1
an,1738,1
as,1804,1
b,1823,1
bunyo,1818,55
and,1853,1
and,1836,1
and,1815,1
and,1825,1
action,1806,1
behavioreme,1954,657
and,1809,1
are,1816,1
an,1861,1
and,1828,1
c,1910,1
an,1854,1
and,1821,1
acid,1819,1
all,1995,1
and,1665,1
b,1803,1
and,1868,1
b,1814,1
and,1824,1
are,1694,1
b,1803,1
c,1566,1
at,1789,1
all,2017,15
b,1751,1
acid,1475,89
b,1823,1
all,1808,1
as,1752,1
as,1800,1
andreproductioninany,2012,875
as,1805,1
b,1828,1
b,1837,1
and,1833,1
as,1472,122
all,1845,1
c,1786,1
are,1852,1
as,1703,1
and,1833,1
are,1840,1
and,1853,1
and,1795,1
and,1761,1
all,1824,1
breaux,1846,2
b,1984,1
c,1836,1
an,1724,1
an,1845,1
and,1852,1
app,1836,1
action,1819,1
an,1829,1
and,1840,1
and,1816,1
and,1812,1
are,1833,1
c,1834,1
as,1822,1
at,1749,1
b,1825,1
an,1805,1
and,1820,1
action,1829,1
at,1838,2
and,1823,1
and,1815,1
as,1804,1
as,1793,1
an,1809,1
and,1823,1
bellicois,1858,201
at,1826,2
and,1850,1
an,1830,1
and,1836,1
an,1809,1
ambell,1651,1
and,1788,1
board,1839,1
as,1986,1
b,1835,2
and,1837,1
and,1885,2
and,1725,1
app,1850,1
b,1807,1
and,1853,2
at,1790,1
are,1850,2
at,1823,1
and,1812,1
and,1810,1
application,1857,1
application,1854,1
are,1825,1
and,1686,1
and,1799,1
c,1845,1
and,1820,1
and,1834,1
are,1772,1
and,1825,1
are,1852,1
at,1815,2
are,1834,1
and,1817,1
at,1800,1
and,1884,1
and,1848,1
acid,1723,1
all,1826,1
acid,1802,2
action,1967,1
as,1786,1
b,1857,1
at,1858,1
and,1850,1
and,1865,1
at,1697,1
and,1816,1
and,1815,1
b,1856,1
and,1701,1
and,1797,1
and,1820,1
and,1830,1
control,1912,1
b,1986,1
and,1836,1
and,1839,1
c,1827,1
as,1739,1
and,1803,1
an,1822,1
and,1793,2
are,1815,1
at,1852,1
and,1812,1
and,1730,1
all,1768,1
and,1743,1
and,1823,1
and,1854,1
at,1772,1
bardiglione,1811,562
are,1824,1
all,1695,1
an,1754,1
c,1808,1
b,1818,1
all,2010,3
are,1852,1
at,1801,1
ambell,1863,1
c,1837,1
and,1850,1
are,1705,1
at,1811,1
breaux,1841,1
at,1811,1
and,1799,1
and,1822,1
c,1834,1
and,1830,1
and,1848,1
all,1796,1
c,1850,1
anhydrocryptopine,1916,767
b,2002,1
and,1809,1
and,1839,1
at,1798,1
c,1881,1
action,1908,1
as,1814,1
c,1838,1
are,1809,1
and,1829,1
andreproductioninany,2012,745
are,1816,1
c,1814,1
and,1999,1
at,1825,1
c,1829,1
as,1737,1
as,1823,1
alias,1485,2
b,1890,1
c,1831,1
board,1480,1
at,1809,1
andreproductioninany,2012,130
b,2000,1
b,1851,1
b,1797,1
and,1840,1
at,1811,1
and,1825,1
and,1836,1
b,1834,1
c,1843,1
and,1858,1
b,1812,1
and,1771,1
b,1988,1
and,1830,1
airworthiness,1919,3
as,1857,1
all,1845,1
and,1789,1
and,1844,1
all,1806,1
akaka,1836,3
an,1813,1
and,1815,1
an,1800,1
c,1809,3
cataphyllary,1853,256
and,1831,1
are,1809,1
as,1667,1
and,1809,1
and,1816,1
and,1850,1
and,1811,1
an,1825,1
and,1717,1
an,1834,1
c,1855,1
c,1973,1
and,1770,1
and,1832,1
an,1835,1
and,1816,1
c,1566,1
at,1815,1
b,1811,1
baleinier,1855,2
c,1850,1
an,1825,1
and,1823,1
at,1800,2
airworthiness,1926,2
action,1905,1
c,1714,1
and,1833,1
at,1812,1
b,1822,1
c,1788,1
action,1820,1
application,1793,1
as,1851,1
at,1776,1
and,1830,1
as,1743,1
and,1910,1
c,1814,1
b,1821,1
c,1857,1
and,1841,2
c,1982,2
an,1810,1
an,1866,1
as,1935,1
b,1861,1
b,1852,1
and,1814,1
at,1802,1
b,1724,1
b,1836,1
are,1799,1
and,1856,1
alias,2001,4
an,1813,1
an,1825,1
all,1820,1
c,1897,1
and,1817,1
annenkov,1958,634
as,1814,1
and,1837,1
as,1809,1
and,1850,1
and,1794,1
an,1726,1
an,1884,2
and,1831,1
b,1765,1
and,1837,1
as,1803,1
at,1828,1
and,1850,1
and,1806,1
c,1900,1
an,1823,1
an,1593,1
all,1964,1
are,1856,1
action,1475,1
action,1852,1
and,1860,1
and,1830,1
application,1987,1
b,1834,1
are,1822,1
bkkpg,1891,1
an,1807,1
and,1807,1
and,1830,1
are,1858,1
c,1802,1
c,1816,1
and,1826,1
acid,1810,1
and,1734,1
action,1939,2
and,1822,1
and,1761,1
and,1813,1
b,1816,1
at,1772,1
c,1751,2
and,1865,1
are,1862,2
all,1733,1
and,1877,1
and,1811,1
all,1826,1
b,1796,1
and,1734,1
and,1800,1
and,1801,1
at,1880,1
c,1855,1
all,1836,1
and,1847,2
and,1811,1
an,1822,1
as,1808,1
an,1805,1
and,1823,1
and,1803,1
b,1813,1
c,1863,1
as,1793,1
at,1811,1
and,1674,1
and,1823,1
and,1818,1
and,1826,1
at,1812,1
and,1811,1
b,1806,1
c,1814,1
at,1809,1
app,1814,1
bayh,1844,1
and,1805,1
an,1830,1
as,1865,2
c,1815,1
as,1773,1
c,1825,1
are,1773,1
are,1814,1
at,1813,1
b,1850,1
and,1810,1
as,1809,1
company,1665,1
and,1830,1
and,1861,1
and,1827,1
c,1816,1
and,1821,1
at,1661,1
c,1832,1
and,1840,1
app,1812,1
and,1756,1
c,1891,1
application,1808,1
c,1822,1
and,1806,2
app,1844,1
and,1812,1
are,1995,1
are,1872,1
c,1821,1
argjendi,2017,756
b,1840,2
and,1807,1
c,1798,2
are,1773,1
as,1847,1
as,1586,1
all,1831,1
and,1826,1
are,1819,1
b,1718,1
c,1854,1
are,1822,1
c,1849,1
and,1810,1
b,1871,1
at,1841,1
an,1816,1
c,1823,1
as,1832,1
and,1875,2
and,1836,1
all,1855,1
and,1785,1
c,1809,1
as,1810,1
as,1823,1
app,1501,1
as,1814,1
an,1823,1
and,1837,1
and,1851,1
and,1862,1
all,1595,1
b,1824,1
and,1757,1
b,1808,1
and,1805,1
are,1813,1
bingaman,1866,1
at,1809,1
at,1853,1
are,1889,1
autogradable,2010,901
and,1812,1
at,1817,1
and,1811,1
are,1815,1
and,1813,1
and,1856,1
and,1815,1
at,1838,2
an,1807,1
are,1809,1
and,1843,1
and,1866,2
c,1871,1
as,1766,1
b,1819,1
an,1827,1
are,1875,1
action,1812,1
and,1806,1
as,1727,1
at,1812,1
and,1736,2
are,1855,1
and,1676,1
c,1876,1
brand,1870,1
an,1760,1
and,1743,1
are,1822,1
and,1843,1
at,1817,1
at,1856,2
all,1809,1
and,1665,2
and,1786,1
cfs,1802,1
c,1832,1
cfsti,1951,2
and,1745,1
at,1820,1
cws,1749,1
app,1816,1
b,1843,1
action,1918,1
c,1987,1
app,1485,3
and,1854,2
c,1841,1
and,1877,1
b,1829,1
c,1826,1
all,1801,1
bolsevik,1919,7
at,1834,1
b,1832,1
and,1853,1
an,1859,1
and,1701,1
and,1820,1
and,1842,1
an,1850,1
and,1832,1
as,1824,1
and,1834,1
all,2010,3
as,1831,1
bitumen,1481,1
and,1809,1
at,1853,1
and,1822,1
c,1852,1
an,1850,1
and,1882,1
are,1812,1
c,1814,1
an,1825,1
and,1793,1
and,1834,1
at,1816,1
all,1806,1
and,1672,1
and,1839,1
are,1834,1
as,1831,1
c,1988,3
are,1858,1
and,1813,1
and,1823,1
at,1788,1
and,1798,1
and,1783,1
and,1822,1
as,1847,1
and,1803,1
and,1814,1
and,1830,1
and,1839,1
an,1804,1
are,1805,1
c,1906,1
b,1850,1
an,1849,1
archimate,2008,2
as,1817,1
airspace,1886,1
all,1850,1
acid,1475,654
an,1812,1
and,1725,1
and,1815,1
as,1812,1
and,1808,1
at,1499,1
and,1823,1
at,1849,1
an,1856,1
at,1798,1
and,1803,1
at,1823,1
and,1596,1
at,1838,1
b,1788,1
and,1840,1
capsaicinoid,1950,504
all,1733,1
b,1824,1
at,1834,1
and,1863,1
at,1700,1
an,1854,1
and,1816,1
are,1844,1
b,1812,1
all,1800,1
b,1836,1
and,1828,1
and,1828,1
all,1812,2
an,1866,1
alias,2001,12
are,1830,2
an,1850,1
are,1911,1
an,1811,1
action,1916,1
as,1704,1
bunnyboy,1922,1
and,1737,1
as,1887,1
at,1823,1
and,1841,1
app,1820,1
and,1826,1
c,1743,1
an,1805,1
as,1809,1
action,1854,1
and,1846,1
and,1809,1
are,1834,1
an,1880,1
and,1860,1
and,1755,1
all,1822,1
c,1900,1
behavioreme,1954,571
an,1856,1
and,1737,1
an,1795,1
an,1792,1
c,1807,1
as,1789,1
b,1811,1
and,1810,1
and,1849,1
b,1853,1
c,1874,1
c,1743,1
c,1832,1
and,1827,1
b,1906,1
b,1776,1
b,1900,1
as,1917,1
arcadiapublishing,1994,5
and,1818,1
and,1811,1
c,1841,1
c,1816,1
and,1803,1
an,1808,1
as,1831,1
an,1837,1
annaline,1823,1
and,1804,1
b,1809,1
and,1858,1
application,1871,1
at,1864,1
an,1811,1
and,1810,1
and,1842,1
airfare,1748,1
c,1826,1
an,1806,1
and,1816,1
as,1807,1
and,1840,1
c,1987,1
and,1831,1
and,1804,1
and,1702,1
and,1812,1
and,1811,1
all,1840,1
c,1832,3
an,1853,1
b,1813,1
as,1665,1
and,1815,1
an,1844,1
c,1850,1
are,1874,1
an,1813,1
application,1808,1
c,1813,1
blumenthal,1859,2
are,1849,1
and,1803,1
b,1481,1
alias,1987,1
and,1814,1
and,1913,1
an,1804,1
and,1822,1
as,1819,1
all,1801,1
conchubor,1910,1
control,1932,1
company,1828,1
e,1800,1
e,1810,1
education,1907,1
e,1625,1
db,2000,4
cws,2013,84
dadenhudd,1841,117
e,1807,1
cws,1794,1
education,1995,1
e,1867,1
e,1893,1
date,1910,1
data,1912,1
d,1793,1
e,1824,1
d,1986,1
d,1822,1
e,1823,1
control,1909,1
control,1918,1
data,1673,1
constitution,1797,1
d,1800,1
company,1887,1
date,1913,1
dba,1900,2
e,1839,1
d,1983,1
dbms,1998,4
e,1820,1
d,1898,1
data,1979,2
date,1995,3
e,1947,1
ec,1823,1
e,1842,1
donnine,1778,1
db,1871,1
exhibit,2006,1
contested,1855,1
e,1831,1
company,1829,5
e,1803,1
compounds,1821,3
date,1900,7
dbms,2003,1
education,1901,1
e,1660,1
d,1835,1
control,1903,2
education,1912,1
e,1709,1
data,1948,1
d,1856,1
control,1917,1
d,1803,1
e,1847,1
d,1815,1
cws,2013,59
dba,1994,9
data,2002,1
d,1814,1
e,1832,1
disorders,1777,1
date,1997,28
e,1803,1
control,1846,1
d,1842,1
cornyn,1762,1
d,1793,1
data,1879,1
company,1886,2
e,1812,1
d,1822,1
cws,2013,57
e,1904,2
e,1960,1
db,1998,3
control,1743,1
e,1834,1
disch,1641,1
education,1939,1
d,1919,1
e,1809,1
d,1791,1
domenici,1909,2
company,1839,1
date,1996,2
e,1832,1
date,1720,1
d,1812,1
date,1876,1
e,1647,1
d,1834,1
d,1846,1
db,1998,2
data,1977,1
d,1808,1
dw,1581,1
data,1978,2
cws,2013,81
dhourra,1820,31
constitution,1797,1
d,1872,1
ec,1499,2
d,1824,1
e,1815,1
district,1857,1
company,1837,1
e,1825,1
d,1867,1
d,1886,1
cosponsor,1874,4
disorders,2007,2
e,1863,1
d,1810,1
db,2002,1
control,1472,43
edirectory,1900,888
e,1852,1
disorders,1946,1
date,1985,1
ether,1794,1
cootamundra,1909,1
constitution,2018,711
ecr,1714,1
company,1892,1
education,1832,1
drainage,1856,1
cephalotaxine,1950,465
data,1980,1
district,1501,1
date,1823,1
e,1830,1
crtu,1848,1
d,1812,1
e,1833,1
db,1760,1
company,1830,1
e,1847,1
e,1784,1
control,1820,1
cephalotaxine,1950,23
e,1807,1
e,1843,1
dailybooks,2016,621
education,1910,1
e,1958,3
e,1911,1
circuland,1815,1082
cercopithecs,1838,563
control,1743,1
data,1926,2
data,2009,2
d,1854,1
db,1989,3
d,1809,1
d,1822,1
data,1911,3
data,1988,2
education,1941,1
e,1894,1
d,1804,1
dba,1994,1
data,2004,1
e,1830,1
e,1825,1
e,1995,3
dba,1994,19
company,1845,1
control,1903,1
d,1896,1
e,1806,1
cfs,1631,1
coons,1843,1
comrs,1816,1
e,1809,1
e,1806,1
db,1984,28
e,1834,1
docket,1859,1
cosponsor,1973,3
diporeia,1961,383
d,1824,1
ecr,1714,1
db,1916,1
e,1849,1
district,1478,1
e,1891,1
e,1800,1
ec,1499,2
company,1991,20
cosponsor,1789,24401
e,1799,1
ecr,1844,1
d,1824,1
control,1807,1
ds,1801,1
ec,1547,1
d,1962,1
e,1810,2
cengagebrain,2006,3
e,1858,1
e,1810,1
data,1982,1
date,1811,1
e,1912,1
cornyn,1889,1
dbms,1994,1
ds,1742,1
data,1979,4
e,1815,1
data,1987,2
e,1845,1
control,1893,1
docket,1922,1
cws,1849,1
e,1998,5
date,1988,2
e,1995,2
d,1706,1
data,1984,2
db,2002,38
cws,1900,1
d,1890,1
d,1830,1
e,1808,1
e,1891,1
e,1822,1
date,1977,2
d,1877,1
education,1843,1
diversion,1472,538
e,1866,1
e,1852,1
date,1803,1
control,1500,1
e,1817,1
e,1882,1
date,1857,1
data,1977,2
disorders,2007,2
constitution,1797,1
cosponsor,1960,1
e,1598,1
d,1815,1
e,1841,2
cfs,1535,1
db,2006,26
d,1824,1
dba,1995,5
crownit,1631,1
d,1839,1
control,1819,1
district,1881,1
d,1855,1
control,1799,1
e,1830,1
e,1480,1
d,1837,1
e,1821,1
d,1846,1
d,1874,1
e,1859,1
discriminatorily,1832,1
docket,1801,1
compounds,1826,1
dba,1892,1
district,1837,1
e,1834,1
d,1821,1
coons,1734,2
company,1871,1
control,1911,1
e,1860,1
chambliss,1890,1
data,1820,1
ec,1668,1
d,1900,6
e,1799,1
e,1857,1
d,1815,1
e,1834,1
dw,1855,1
cws,2013,74
e,1790,1
dewine,1841,1
e,1935,1
e,1810,1
d,1892,1
ckoor,1836,109
e,1824,1
control,1838,1
d,1796,1
constitution,1832,1
d,1877,1
data,1965,1
docket,1480,3
e,1775,1
dbms,1989,1
e,1842,1
e,1810,1
dihydroanhydroberberine,1918,479
date,1995,6
data,1879,1
dba,2004,13
e,1801,1
d,1912,1
e,1812,1
data,1957,1
control,1903,1
data,1990,1
date,1878,1
e,1790,1
dadenhudd,1841,504
dbms,2003,18
d,1810,1
db,2007,1
control,1920,8
data,1833,1
company,1839,1
education,2008,3
diversion,1782,1
e,1815,1
e,1839,1
district,1906,2
d,1775,1
education,1981,1
cldef,1802,1
e,1991,1
company,1986,1
e,1859,1
ds,1865,1
e,1937,1
e,1834,1
dbms,1705,1
db,1664,1
compounds,1813,1
data,1976,2
db,1735,1
e,1810,1
education,1741,1
db,1962,10
e,1851,1
d,1874,1
d,1826,1
contested,1477,735
dba,1970,1
dyd,1533,460
district,1912,2
ds,1787,1
company,1873,1
d,1811,1
data,1986,1
d,1817,1
d,1810,1
e,1848,1
d,1823,1
d,1806,1
cfsti,1964,1
combivir,1865,2
dbms,2000,1
compounds,1475,475
d,1807,1
e,1851,1
date,1989,1
e,1856,1
exhibit,2010,398
disorders,1791,1
e,1856,1
data,1980,3
d,2003,2
e,1855,1
education,1837,1
constitution,1802,1
docket,1922,1
district,1797,1
db,2002,166
crapo,1851,1
d,1873,1
dikasteries,1849,713
e,1817,1
docket,1859,1
d,1833,1
d,1874,1
e,1849,1
e,1846,1
d,1826,1
ecr,1699,1
e,1847,1
dba,1994,4
constitution,2018,725
ecrasia,1921,361
e,1851,1
e,1821,1
e,1865,1
data,1968,4
emergence,1929,1
d,1852,1
d,1829,1
company,1740,1
date,1846,1
cfs,1913,1
d,1692,1
d,1725,1
data,1817,1
disch,1594,1
dyd,1791,1
db,1581,2
db,1991,2
cercopithecs,1838,563
data,1900,3
e,1829,1
date,1942,1
d,1807,1
disorders,1883,1
dbms,1926,1
d,1842,1
drainage,1857,1
data,1983,3
control,1865,1
data,1981,1
d,1895,1
compounds,1773,1
e,1957,1
e,1820,1
dbms,2002,1
d,1806,1
dyd,1791,1
denosumab,1973,27
data,1936,1
d,1822,1
ez,1852,1
d,1813,1
coons,1676,1
e,1806,1
district,1895,2
company,1860,1
d,1835,1
e,1853,1
e,1834,1
date,2000,2
d,1823,1
e,1831,1
e,1799,1
e,1830,1
data,1472,44
d,1472,2
district,1850,1
ecr,1706,1
d,1864,1
date,2001,2
ec,1808,1
d,1804,1
db,2006,32
district,1891,1
education,2006,1
dba,1996,2
db,1599,1
d,1824,1
e,1824,1
e,1859,1
e,1958,3
data,1976,1
control,1952,1
compounds,1559,1
e,1845,1
d,1805,1
date,1884,1
d,1909,1
e,1861,1
d,1891,1
exhibit,1790,1
e,1752,1
d,1840,1
date,1729,1
dbms,1906,1
company,1993,1
data,1996,1
d,1996,12
constandy,1577,1
e,1822,1
e,1888,1
control,1917,1
data,1987,2
db,1987,5
comrs,1781,1
data,1985,1
compounds,1489,1
data,1990,3
e,1808,1
e,1844,1
determined,1561,1
e,1813,1
d,1913,1
d,1799,1
e,1819,1
d,1812,1
data,1951,1
d,1834,1
db,1717,1
dbms,1995,7
d,1825,1
diarsine,1861,1
data,1983,1
compounds,1753,1
db,1900,1
d,1809,1
exhibit,1996,1
e,1806,1
constitution,1982,1
constitution,1874,1
e,1799,1
cosponsor,1789,5
discriminatorily,1832,1
diversion,1838,1
constandy,1831,3
corolless,1813,776
data,1968,1
db,2004,32
control,1869,1
e,1802,1
docket,1832,1
e,1812,1
d,1842,1
e,1829,1
d,1851,1
db,1998,5
data,1966,1
data,1976,1
ecr,1642,1
education,1996,1
d,1989,11
d,1831,1
constitution,1500,3
e,1831,1
control,2000,2
d,1853,1
e,1806,1
dba,1948,1
dba,1994,4
data,1980,4
e,1821,1
e,1816,1
cws,2008,1
dba,1824,1
db,2003,1
ec,1818,2
district,1472,5
diversion,1804,1
control,1945,1
date,1986,2
dba,1994,9
district,1906,1
date,1834,1
e,1935,1
district,1805,1
data,1983,1
education,1804,1
control,1994,3
coons,1676,1
db,1990,1
e,1877,1
d,1813,1
dba,1995,4
constitution,1836,1
date,1911,2
e,1821,1
e,1893,1
data,1984,2
db,1984,1
d,1903,1
d,1604,1
chaiani,1918,676
e,1837,1
e,1814,2
d,1831,1
e,1833,1
db,1779,1
e,1850,1
control,1911,2
db,1998,1
dbms,1998,2
data,1966,1
data,1900,1
company,1778,1
db,1996,1
db,1612,1
control,1914,1
cosponsors,1789,5
dbms,2004,2
ec,1904,1
d,1817,1
e,1988,1
d,1869,1
disorders,2008,2
dw,1807,1
e,1830,1
data,1900,1
db,1995,2
d,1795,1
determined,1472,1
e,1847,1
disch,1602,1
coons,1837,1
company,1987,1
coverdell,1907,6
e,1843,1
exhibit,2010,479
d,1992,2
db,1986,137
db,1986,136
d,1884,1
control,1797,1
e,1813,1
data,1856,1
e,1893,1
date,1987,2
e,1778,1
date,1900,1
e,1701,1
ec,1823,1
e,1859,1
db,1489,1
drainage,1849,1
data,1853,1
data,1984,7
education,1853,2
e,1832,1
e,1900,1
e,1746,1
company,1837,1
d,1803,1
chickabobboo,1848,578
date,1900,7
e,1837,1
data,1876,1
constitution,1874,1
d,1828,1
determined,1812,1
ds,1818,1
e,1834,1
data,1983,4
d,1889,1
education,1962,1
dba,1994,2
data,1981,1
e,1804,1
delarge,1767,1
date,1989,1
e,1824,1
ez,1852,1
e,1822,1
d,1817,1
company,1887,1
education,1836,1
e,1821,1
e,1855,1
e,1840,1
domenici,1975,2
d,1987,1
d,1810,1
d,1823,2
e,1869,1
education,1476,6
education,1853,2
db,1998,5
e,2008,7
company,1938,1
education,1939,1
d,1833,1
ds,1826,1
e,1827,1
e,1864,1
d,1820,1
d,1828,1
constitution,2018,674
company,1832,1
date,1844,1
d,1837,1
company,1828,1
datetimeoffset,2008,251
ds,1731,1
d,1918,1
dw,1812,1
e,1689,1
company,1887,1
e,1807,1
e,1835,1
d,1796,1
coverdell,1907,6
e,1809,1
education,1846,1
d,1839,1
ec,1821,1
drainage,1830,1
d,1807,1
db,1997,2
d,1813,1
d,1834,1
e,1835,1
company,1837,1
control,1797,2
d,1812,1
e,1806,1
db,1959,1
education,1889,1
e,1825,1
education,1855,1
e,1799,1
e,1810,1
chitdn,1851,6275
d,1686,1
e,1807,1
e,1797,1
e,1822,1
d,1662,1
education,1636,1
district,1857,1
district,1811,1
d,1856,1
data,1881,1
control,1861,1
dbms,1999,1
d,1810,1
d,1852,1
e,1769,1
e,1893,1
determined,1803,1
disorders,1966,1
d,1971,1
education,1897,1
e,1812,1
d,1470,3
drainage,1472,14
emergence,2007,1
db,1998,2
education,1910,1
data,2003,1
d,1783,1
db,1996,1
e,1818,1
d,1823,1
e,1708,1
constitution,1827,1
e,1821,1
darkwell,1846,2
district,1884,1
company,1821,1
data,1964,1
date,1925,1
data,1982,1
date,1828,1
data,1900,2
e,1890,1
education,1941,1
district,1870,1
comittye,1841,624
d,1783,1
esquire,1787,1
data,1472,44
data,1903,1
ds,1826,1
date,1992,1
d,1825,1
e,1804,1
d,1832,1
db,1998,4
education,1846,1
company,2006,6
company,1859,1
control,1789,1
e,1608,1
db,1998,3
exhibit,1790,1
data,1986,1
dewine,1852,1
data,1969,1
e,1850,1
date,2006,1
e,1863,1
data,1969,1
data,1913,1
date,1907,1
dbms,1999,1
deaan,1807,39
education,1832,1
ec,1874,1
e,1850,1
db,1847,2
data,1913,1
d,1841,1
d,1808,1
db,1845,1
data,1983,1
dw,1747,1
date,1832,1
daschle,1981,57
district,1832,1
company,1821,1
d,1859,1
e,1854,1
company,1995,27
cws,2013,74
data,1993,1
d,1900,4
district,1895,2
company,1505,1
e,1905,1
control,1899,1
dw,1870,1
dbms,2003,10
dw,1762,1
control,1912,1
e,1853,1
e,1853,1
e,1818,1
e,1979,2
db,2000,1
education,1996,1
docket,1480,1
d,1840,1
dbms,2008,12
constitution,1982,1
dewine,1841,1
d,1859,1
e,1816,1
d,1472,18
ds,1565,1
docket,1832,1
dyd,1533,17
d,1821,1
cws,2013,412
dw,1892,1
d,1842,1
e,1709,1
company,1601,1
d,1808,1
constitution,1783,3
cws,2013,56
date,1789,1
denosumab,1973,392
data,1991,1
dba,2004,6
control,1839,1
d,1819,1
compounds,1845,1
d,1810,1
e,1986,6
e,1830,1
date,1977,2
db,1998,2
e,1719,1
ec,2012,8
control,1820,1
db,1994,4
dbms,2000,1
d,1825,1
discriminatorily,1943,1
d,1808,1
e,1812,1
d,1882,1
dbms,2003,11
control,1822,1
dw,1888,1
d,1887,1
determined,1501,2
dba,1994,2
d,1817,1
d,1808,1
ds,1586,1
docket,1860,2
crapo,1758,1
db,1956,1
ec,1823,1
d,1851,1
d,1803,1
db,1803,1
e,1865,1
data,1922,1
ether,1755,1
date,1875,1
d,1832,1
control,1894,1
data,1991,1
dw,1672,1
cws,2013,103
dbms,1926,1
e,1834,1
dba,1472,1
control,1883,1
d,1851,1
company,1830,1
d,1807,1
education,1837,1
d,1725,1
d,1812,1
db,1678,1
cfs,1676,2
d,1851,1
data,1966,1
company,1859,1
ckoor,1836,109
cosponsors,1874,10
d,1816,2
date,1992,3
control,1872,1
d,1874,1
company,1848,1
control,1861,1
dbms,1998,4
e,1797,1
compounds,1843,1
district,1901,1
diarsine,1910,1
company,1805,1
e,1890,1
e,1839,1
coveringscarpet,1985,1041
dba,1832,2
d,1796,1
dba,1996,3
data,1981,3
constitution,2002,1
e,1820,1
ds,1891,1
date,1875,2
determined,1820,1
e,1831,1
dba,1998,1
ec,1904,1
control,1918,1
e,1831,1
d,1867,2
e,1872,1
db,1995,2
dbms,2002,3
e,1873,1
d,1813,1
db,1978,5
e,1833,1
dikasteries,1849,713
data,2004,1
e,1904,2
company,1676,1
data,1673,1
cws,2013,93
e,1809,1
district,1808,3
e,1839,1
control,1623,1
date,1987,1
dba,1994,2
d,1844,1
d,1886,1
dbms,1996,1
company,1830,1
disorders,1951,1
db,1889,1
education,1907,2
data,1972,1
db,1985,7
education,1812,1
control,1915,1
e,1830,1
e,1860,1
e,1815,1
control,1799,1
e,1949,1
db,1988,2
control,1911,1
discriminatorily,1832,1
ds,1998,1
company,1923,1
draenei,2007,555
e,1833,1
e,1850,1
d,1797,1
db,2009,2
d,1855,1
e,1916,2
e,1827,1
e,1784,1
education,1976,1
district,1774,1
d,1852,1
company,1851,1
e,1800,1
d,1825,1
edirectory,1900,957
d,1938,1
d,1706,1
e,1834,1
e,1803,1
e,1828,1
constitution,1765,1
db,1998,2
e,1830,1
education,1937,1
ds,1715,1
ds,1529,3
e,1938,1
e,1819,1
chaison,1836,2
dba,1994,11
duns,1717,1
district,1884,1
control,1832,1
corolless,1813,777
date,1990,8
e,1825,1
control,1986,1
comrs,1809,1
ec,1843,1
disorders,1805,1
d,1839,1
e,1472,10
db,2003,1
cowbelles,1849,3
contested,1820,1
dba,1995,1
d,1832,1
e,1470,1
control,1820,1
e,1834,1
d,1848,1
disch,1768,2
education,1956,3
edirectory,1900,13
db,2002,43
control,1500,1
dba,1994,2
ds,1625,1
d,1987,1
db,1997,7
dichlordiphenoxyquinone,1895,507
control,1832,1
ec,1758,1
e,1856,1
d,1808,1
e,1808,1
edirectory,1770,1
district,1896,2
cosponsor,1789,1
d,1806,1
constitution,2018,711
dbms,1998,1
cocast,1720,1
data,2002,1
coverdell,1991,1
d,1832,1
e,1778,1
district,1472,5
date,1878,1
consignificatives,1823,750
crownit,1710,1
d,1819,1
d,1853,1
e,1708,1
e,1814,1
company,1832,1
db,1995,84
e,1916,2
d,1837,1
dichlordiphenoxyquinone,1895,507
e,1829,1
e,1834,1
d,1834,1
cws,2013,203
education,1842,1
e,1995,3
education,1905,3
drainage,1921,1
e,1832,1
data,1988,2
db,2002,24
date,1838,1
d,1863,1
data,1986,2
district,1861,1
d,1817,1
collaemia,1897,1186
d,1800,1
date,1919,1
data,1477,1
e,1834,2
data,1988,4
e,1853,1
district,1797,1
education,1885,1
e,1790,1
e,1811,1
dbms,2001,1
e,1813,1
d,1793,1
data,1983,1
db,1995,2
cosponsor,1874,1
data,1980,3
data,1992,4
education,1837,1
d,1836,1
d,1897,1
e,1820,1
d,1859,1
d,1859,1
education,1791,1
d,1837,1
cws,2013,53
control,1820,1
drainage,1832,1
d,1801,1
e,2002,2
e,1470,1
d,1793,1
d,1781,1
cosponsor,1874,2
data,1947,1
e,1803,1
db,2008,1
date,1900,1
e,1808,2
date,1982,6
education,1808,1
d,1825,1
dw,1751,1
date,1892,1
dba,1995,2
e,1835,1
education,1793,1
dailybooks,2016,621
e,1831,1
e,1863,1
compounds,1775,1
db,1994,4
dhourra,1820,10
education,2008,2
e,1957,1
d,1841,1
education,1791,1
control,1929,1
control,1899,1
data,1903,1
d,1693,1
d,1733,1
d,1807,1
e,1807,1
e,1844,1
docket,1860,2
cosponsors,1948,1
e,1894,1
civr,1716,1
e,1914,1
db,1993,2
education,1956,3
dichlordiethoxyquinone,1895,656
d,1995,29
determined,1825,1
d,1810,1
district,1897,1
data,1981,6
e,1806,1
cws,1900,1
district,1852,1
e,1824,1
district,1904,1
docket,1501,2
company,1949,1
district,1910,2
d,1837,1
company,2002,1
education,1905,3
d,1816,1
e,1499,1
date,1915,3
d,1843,1
e,1861,1
dba,1996,3
d,1825,1
e,1872,1
company,1840,1
d,1768,1
d,1882,1
company,1801,1
date,1982,6
compounds,1799,1
e,1849,1
e,1907,1
data,1890,1
e,1806,1
e,1860,1
date,1983,1
e,1854,1
cosponsor,1874,1
crapo,1758,1
db,1996,13
date,1997,26
docket,1813,1
date,1729,1
d,1825,1
data,1981,1
ecr,1894,1
d,1833,1
district,1796,1
compounds,1813,1
data,1863,1
disch,1764,1
data,1929,1
control,1670,1
d,1662,1
edirectory,1900,52
escm,1970,509
e,1851,1
e,1829,1
cws,1719,1
e,1826,1
ds,1508,1
date,2000,3
cocast,1903,1
data,1833,1
d,1891,1
db,1998,1
e,1796,1
dbms,1994,1
e,1804,1
district,1853,1
dba,1994,18
constandy,1741,1
date,1900,1
db,1999,2
date,1983,1
e,1819,1
e,1834,1
e,1893,1
d,1831,1
e,1900,1
company,1880,1
e,1904,2
d,1854,1
dudnik,1916,1
e,1726,1
determined,1809,1
diversion,1472,1
ec,1547,1
e,1808,1
dbms,1891,1
d,1470,1
disorders,1791,1
e,1866,1
data,1992,1
constitution,1756,1
e,1832,1
cws,2013,52
e,1986,2
db,1529,1
date,1485,6
e,1900,1
e,1608,1
e,1837,1
disorders,1893,1
data,1820,1
determined,1472,1
d,1850,1
d,1813,1
e,1832,1
data,1971,1
data,1991,1
district,1855,1
date,1985,2
e,1804,1
e,1806,1
dba,1994,1
date,1943,1
e,1860,1
data,1972,4
compounds,1827,1
d,1799,1
e,1833,1
e,2008,6
e,1763,1
clozaril,1976,1
denosumab,1973,38
deaan,1780,1
drainage,1809,1
collaemia,1897,1247
e,1804,1
duns,1588,3
date,1900,1
db,1999,2
e,1834,1
e,1842,1
company,1856,1
d,1842,1
e,1949,2
db,1843,1
d,1822,1
e,1809,1
dewine,1817,1
emergence,2007,1
education,1897,1
e,1840,1
cosponsor,1874,18
e,1852,1
dba,1832,1
data,1880,1
d,1885,1
cosponsor,1949,1
contested,1477,727
e,1835,1
control,1922,1
d,1892,1
company,1888,1
e,1764,1
date,1868,1
db,2003,2
e,1806,1
e,1832,1
date,1913,2
e,1837,1
data,1985,17
determined,1761,1
d,1973,1
ez,1500,1
e,1830,1
db,2002,3
d,1764,1
education,1998,1
date,1501,1
control,1480,11
d,1853,1
d,1827,1
date,1895,1
d,1798,1
d,1805,1
date,1985,2
district,1842,1
desemer,1901,684
d,1903,1
control,1886,1
education,1978,1
compounds,1823,1
d,1811,1
dhourra,1820,1
e,1475,1
company,1821,1
dba,1994,9
determined,1825,1
dba,1472,1
date,1985,1
e,1977,1
e,1810,1
d,1856,1
date,1895,1
d,1857,3
education,1819,2
ds,1794,1
data,1909,1
constitution,1791,1
date,1903,4
company,1856,1
e,1858,1
drainage,1505,1
data,1972,1
dba,1900,2
compounds,1917,1
date,1851,1
data,1971,1
cosponsor,1717,1
e,1884,1
dbms,1995,9
education,1843,1
dba,1787,1
company,1604,1
d,1838,1
db,1998,3
exhibit,1911,1
db,1999,1
education,1996,1
d,1809,1
dba,1994,4
education,1934,1
education,1832,1
db,1968,1
e,1873,1
e,1811,1
control,1917,1
e,1834,1
date,1900,2
date,1900,1
dba,1938,2
date,1867,1
e,1841,1
dbms,2000,1
date,1987,1
d,1875,1
dihydroanhydroberberine,1918,567
e,1860,1
e,1839,1
district,1912,2
d,1882,1
e,1799,1
diversion,1472,538
data,2003,1
e,1793,1
e,1832,1
dbms,2002,1
date,1838,1
e,1814,1
e,1880,1
e,1701,1
e,1874,1
e,1870,1
e,1660,1
e,1879,1
data,2000,1
d,1850,1
e,1814,1
constitution,1781,1
e,1825,1
e,1900,1
d,1836,1
exhibit,1820,1
constandy,1616,1
control,1984,7
d,1828,1
data,1968,1
date,1990,7
d,1814,1
duns,1662,1
e,1858,1
education,1912,1
cws,2006,1
e,1817,1
concpt,1889,1
company,1823,1
education,1996,1
education,1889,1
district,1856,1
e,1810,2
d,1820,2
data,1912,2
e,1997,1
e,1843,1
date,1841,1
e,1842,1
d,1827,1
d,1836,1
contested,1821,1
db,2002,27
e,1822,1
dyd,1533,3
d,1813,1
compounds,1753,1
db,1998,1
ds,1490,1
e,1791,1
date,1854,1
db,1900,7
company,1860,1
compounds,1803,1
digimodernism,2009,486
company,1477,198
company,1805,1
e,1834,1
compounds,1821,3
ez,1827,1
data,1969,1
data,1991,1
control,2000,2
discriminatorily,1832,5
e,1769,1
district,1852,1
e,1937,2
drainage,1505,14
district,1911,1
db,1896,1
data,1926,2
control,1873,1
d,1846,1
e,1811,1
e,1808,1
e,1820,1
e,1904,1
date,1720,1
control,1788,1
d,1803,1
cws,2013,53
comrs,1809,1
d,1846,1
dyd,1533,10
crtu,1747,1
e,1848,1
cengagebrain,2010,8
e,1986,3
d,1814,1
data,1964,1
data,1988,6
cws,2013,84
data,1863,1
db,1988,2
d,1805,1
dbms,2008,12
date,1891,1
e,1808,1
e,1811,1
d,1837,1
d,1833,1
drainage,1472,14
db,2000,1
control,1986,1
dba,1998,1
date,1988,2
d,1826,1
d,1812,1
ec,1824,1
ecrasia,1921,426
delarge,1767,1
e,1799,1
db,2007,3
data,1981,1
cws,2013,412
d,1825,1
crownit,1566,2
e,1706,1
denosumab,1973,323
e,1825,1
codazzi,1898,2
data,1976,1
dw,1834,1
dba,1998,1
determined,1761,1
data,2002,2
ecr,1810,1
compounds,1902,1
e,1856,1
e,1823,1
date,1854,1
district,1725,1
cws,1859,1
d,1831,1
e,1834,1
cosponsors,1958,1
disorders,1777,1
ec,1876,1
dba,1824,1
d,1845,1
cws,2013,98
date,1992,3
e,1821,1
d,1850,1
d,1882,1
db,1832,1
control,1819,1
determined,1799,1
e,1836,1
disorders,2008,2
e,1861,2
dw,1641,1
education,1901,1
d,1838,1
e,1844,1
d,1919,1
e,1834,1
e,1597,1
db,1989,1
db,1998,2
education,1819,2
db,1998,4
constitution,1836,1
data,1971,2
company,1804,1
db,1987,5
datetimeoffset,2008,30
db,1863,1
d,1800,1
constitution,1874,1
e,1819,1
e,1830,1
e,1818,1
data,1990,3
e,1804,1
data,1890,1
determined,1825,1
db,1984,25
e,1861,1
d,1812,1
district,1884,1
data,1979,1
data,1995,1
concpt,1889,1
e,1954,3
d,1793,1
dba,1925,7
e,1830,1
control,1906,1
e,1831,1
district,1857,1
data,1994,1
e,1825,1
disch,1824,1
date,1796,1
d,1827,1
d,1499,1
e,1802,1
date,1472,29
dbms,2003,4
e,1882,1
dba,1998,1
e,1884,1
drainage,1881,1
db,1999,3
data,1900,1
determined,1815,1
e,1843,1
cosponsors,1953,1
district,1837,1
control,1807,1
e,1810,1
db,1994,5
determined,1850,1
d,1878,1
ds,1529,3
d,1861,1
denosumab,1973,3
ds,1823,2
e,1793,1
e,1793,1
data,1989,1
ec,1821,1
education,1978,1
crapo,1833,1
education,1939,1
date,1834,1
d,1783,1
chapterunderthedistributedterms,2012,520
e,1988,1
date,1985,1
data,1965,1
control,1917,1
d,1795,1
company,1878,1
e,1937,1
e,1834,1
e,1813,1
e,1647,1
db,1984,1
cosponsor,1874,16
company,1829,5
e,1824,1
education,1882,1
d,1867,1
disch,1594,1
data,1984,1
dbms,1705,1
comrs,1781,1
control,1919,5
district,1811,1
district,1916,1
e,1977,1
data,1904,1
data,1980,1
d,1803,1
d,1793,1
compounds,1845,1
education,1905,2
data,1856,1
d,1882,1
education,1832,1
e,1841,2
d,1890,1
db,1989,1
cephalotaxine,1950,400
ds,1936,1
e,1844,1
district,1881,1
company,2003,2
d,1867,1
company,1856,1
d,1989,11
e,1836,1
company,1676,1
d,1816,1
e,1812,1
date,1910,1
d,1861,1
dba,2004,12
e,1814,1
d,1859,1
e,1799,1
e,1812,1
control,1918,1
d,1823,1
e,1810,1
control,1789,1
docket,1500,12
company,1990,1
e,1871,1
comittye,1841,637
compounds,1803,1
e,1800,1
e,1830,1
ds,1994,1
constitution,1763,1
dba,1994,7
company,1477,198
ez,1857,1
education,2008,2
dyd,1791,1
data,1985,7
dba,1586,1
d,1826,1
d,1804,1
e,1861,1
d,1824,1
crtu,1780,1
education,1819,1
e,1845,1
e,1864,1
duns,1871,1
e,1869,1
education,1817,2
disorders,1475,1
dbms,1995,20
e,1791,1
date,1900,3
date,1826,3
education,1905,2
date,1915,3
date,1867,1
d,1802,1
cosponsors,1874,4
e,1997,1
db,1998,2
e,1808,1
dudnik,1916,1
company,1740,1
db,1995,6
d,1850,1
clozaril,1984,1
compounds,1808,1
cfs,1472,142
control,1921,2
d,1833,1
cosmoids,1909,791
cosponsor,1951,1
e,1833,1
dbms,2001,2
constitution,1763,1
data,1833,1
e,1866,1
date,1819,1
e,1830,3
duns,1739,1
constitution,1783,3
d,1863,1
donnine,1614,1
e,1767,1
d,1848,1
district,1791,1
cws,2004,1
date,1890,1
e,1832,2
d,1793,1
date,1992,1
d,1896,1
e,1805,1
e,1897,1
data,1988,1
cws,2013,81
d,1810,1
data,1880,1
dw,1581,1
cws,1644,1
cootamundra,1894,1
ecr,1643,1
education,1976,1
e,1821,1
d,1842,1
cws,2013,242
e,1810,1
determined,1872,1
determined,1815,1
d,1964,1
d,1853,1
d,1842,1
data,1998,1
data,1971,1
determined,1808,1
district,1850,1
determined,1808,1
d,1760,1
e,1829,1
e,1811,1
data,1970,1
company,1975,1
daschle,1981,56
cornyn,1821,6
d,1913,1
d,1843,3
d,1839,1
e,1816,1
education,1768,1
education,1981,2
education,1799,1
d,1686,1
ecr,1678,1
comrs,1517,1
dbms,1976,6
e,1743,1
e,1763,1
education,1900,11
e,1875,1
db,1997,2
d,1827,1
education,1808,1
data,1957,1
data,1983,4
d,1900,2
constitution,1872,1
docket,1832,5
company,1811,1
data,1964,1
db,1843,1
date,1991,1
e,1872,1
db,1998,4
chambliss,1883,1
d,1830,1
db,1993,2
e,1813,1
d,1812,1
education,1831,2
education,1951,1
e,1817,4
e,1848,1
discriminatorily,1832,892
data,2002,1
compounds,1799,1
date,1846,1
cosmoids,1909,811
d,1810,1
e,1958,1
e,1651,1
date,1915,1
education,2006,1
e,1859,1
date,1789,1
data,1965,1
data,1835,1
cws,2013,55
compounds,1823,1
drainage,1875,1
e,1857,1
d,1816,1
district,1829,1
date,1832,2
control,1472,4
district,1501,1
e,1818,1
data,1985,3
e,1846,1
coons,1843,1
db,1999,1
company,1827,1
ec,1874,1
d,1501,1
date,1878,1
e,1804,1
control,1873,1
e,1796,1
disorders,1643,1
d,1848,1
date,1906,1
company,2002,17
delarge,1870,1
d,1996,16
ecr,1722,1
compounds,1826,1
education,1981,1
e,1808,1
db,1998,1
cws,2013,59
e,1852,1
e,1821,1
e,1830,1
compounds,1843,1
chambliss,1883,1
dbms,2003,10
date,1942,1
district,1842,1
cephalotaxine,1950,42
constitution,1477,2
e,1809,1
d,1858,1
e,1838,1
disorders,1805,1
e,1798,1
data,1900,1
e,1878,1
e,1875,1
education,1887,1
e,1868,1
e,1829,1
dba,1873,1
education,1981,2
d,1995,27
db,2004,15
d,1839,1
data,1922,1
ds,1989,2
data,1981,4
d,1865,1
education,1995,1
disorders,1883,1
determined,1809,1
d,1801,1
delarge,1779,1
education,1852,1
d,1877,1
e,1825,1
data,1989,1
control,1945,1
d,1821,1
company,1839,1
constitution,1802,1
civr,1794,1
e,1880,1
d,1805,1
e,1904,1
data,1940,1
education,1890,1
ec,2012,4
dba,1994,15
cws,2006,1
data,1964,1
d,1810,1
company,1873,1
e,1816,1
e,1850,1
e,1911,1
docket,1831,1
ecr,1759,2
dba,1487,1
d,1894,1
e,1830,1
e,1656,1
e,1796,1
e,1869,1
d,1839,1
e,1868,1
e,1818,1
e,1832,1
contested,1803,1
education,1843,1
d,1962,1
consignificatives,1823,738
d,1809,1
emergence,1929,1
e,1809,1
e,1834,1
education,2006,1
data,1964,2
date,1884,1
e,1706,1
dba,1995,2
education,1768,1
d,1832,1
domenici,1971,2
ecr,1800,1
e,1813,1
district,1906,2
e,1813,1
d,1825,1
combivir,1865,2
d,1821,1
e,1894,1
data,1904,1
compounds,1475,463
d,1824,1
dw,1806,1
data,1876,1
compounds,1808,1
data,1983,3
control,1994,3
e,1802,1
e,1846,1
db,1997,4
d,1808,1
data,1977,1
date,1840,1
company,1604,1
datetimeoffset,2008,203
cws,2013,192
control,1868,1
determined,1470,1
d,1838,1
d,1996,12
e,1829,1
d,1827,1
control,1832,1
d,1860,1
data,1989,1
db,1983,11
control,1985,9
data,1877,1
d,1760,1
d,1830,1
d,1822,1
cromwell,1810,3
ez,1533,1
d,1854,1
cws,2013,76
d,1900,7
date,1847,1
company,1845,1
e,1764,1
e,1651,1
dbms,1995,43
diversion,1694,1
d,1806,1
d,1817,1
e,1832,1
constitution,1738,1
d,1869,1
e,1820,1
e,1988,1
data,1913,1
date,1985,2
data,1982,6
d,1850,1
education,1856,1
e,1827,1
d,1796,1
data,1979,1
e,1841,1
chaison,1836,2
control,1472,47
d,1604,1
cldef,1801,1
data,1971,1
date,1985,1
education,1961,1
e,1652,1
e,1781,1
education,1890,1
e,1858,1
education,1843,1
date,1984,1
db,2002,127
dba,1994,1
docket,1871,2
e,1853,1
date,1907,1
e,1806,1
company,1992,2
cws,2013,76
data,1987,5
district,1916,1
date,1844,1
date,1819,1
d,1840,1
constitution,1771,1
d,1499,1
cromwell,1649,1
data,1984,2
contested,1477,8
date,1900,6
company,1810,1
e,1838,1
e,1867,1
delarge,1816,1
d,1855,1
ds,1803,1
data,1908,1
date,1955,2
date,1798,1
company,1887,1
data,1971,1
dyd,1569,1
d,1808,1
data,1988,2
db,1983,4
drainage,1801,1
control,1911,2
control,1929,1
e,1875,1
district,1870,1
d,1817,1
date,1890,1
education,1476,6
company,1837,1
d,1851,1
d,1876,1
data,1895,1
data,1969,1
d,1900,2
cws,1675,1
crtu,1716,1
district,1884,1
codazzi,1898,2
company,1991,13
e,1670,1
d,1836,1
d,1864,1
d,1841,1
ez,1852,1
e,1834,1
d,1847,1
date,1900,1
e,1840,1
dba,1800,2
e,1766,1
dbms,2003,1
district,1815,1
control,1913,1
e,1812,1
company,1991,33
data,1909,1
dba,1995,1
ecsdl,2013,514
d,1833,1
district,1906,1
e,1815,1
ds,1989,2
demint,1809,1
data,1991,3
date,1810,1
e,1830,3
data,2013,11
dba,1996,2
company,1841,1
d,1857,1
e,1811,1
diversion,1472,1
e,1888,1
e,1861,1
dbms,1999,1
district,1815,1
cws,2013,98
domenici,1848,1
db,1989,2
drainage,1830,1
dba,1995,4
drainage,1849,1
date,1995,3
cws,1625,1
data,1981,1
dba,1800,2
district,1805,1
e,1811,1
e,1910,1
data,1998,1
cromwell,1804,1
e,1699,1
date,1826,3
e,1927,1
d,1878,1
dbms,1995,6
coons,1819,1
d,1826,1
data,1979,2
e,1828,1
dba,1994,2
d,1847,1
e,1812,1
constitution,1781,1
e,1820,1
disorders,1893,1
date,1922,1
e,1811,1
cosponsor,1874,1
chaiani,1918,649
docket,1480,4
ecr,1810,1
d,1899,1
civr,1773,1
drainage,1917,1
d,1884,1
d,1808,1
e,1804,1
e,1860,1
dbms,2000,1
control,1953,1
dba,1994,28
education,1807,2
disorders,1867,1
contested,1839,1
e,1935,1
e,1835,1
data,1900,1
d,1828,1
e,1833,1
e,1824,1
education,1842,1
e,1831,1
disorders,1836,1
data,1936,1
district,1904,2
e,1882,1
education,1889,2
db,1994,5
e,1813,1
e,1817,1
e,1810,1
data,1990,1
d,1768,1
data,1876,1
diarsine,1861,1
control,1915,1
e,1529,1
control,1872,1
e,1823,1
e,1804,1
e,1776,1
dbms,1996,2
e,1814,1
control,1909,1
d,1892,1
e,1831,1
d,1809,1
cfsti,1964,3
education,1839,1
compounds,1827,1
e,1670,1
cosponsors,1958,1
education,1819,1
db,1995,6
constitution,1738,1
control,1743,1
dyd,1791,1
company,1892,1
e,1832,1
data,1990,1
e,1843,1
control,1875,1
e,1838,1
db,1688,1
education,1985,1
d,1850,1
data,2002,3
company,1880,1
d,1829,1
company,1865,1
e,1821,1
e,1809,1
education,1961,1
control,1836,1
data,1972,1
d,1845,1
control,1912,1
contested,1821,1
data,1968,4
company,1764,1
constitution,2005,1
constitution,1756,1
docket,1871,2
crackback,1919,2
drainage,1875,1
civr,1706,1
data,1980,1
d,1764,1
date,1985,2
date,1884,1
e,1812,1
d,1909,1
d,1806,1
data,1984,2
cws,2013,90
d,1800,1
e,1838,1
db,2006,17
data,1993,1
data,1986,1
e,1800,1
e,1809,1
date,1854,1
d,1810,1
control,1853,1
d,1854,1
control,1836,2
edusemiotics,2013,738
cosponsor,1717,1
data,1990,2
education,1799,1
d,1838,1
e,1850,1
d,1806,1
ez,1500,1
company,1873,1
data,1991,1
dw,1489,1
drainage,1856,1
d,1810,1
dba,1995,2
e,1812,1
data,1962,4
d,1696,1
dba,1994,8
cws,2013,90
constitution,1997,1
e,1810,1
d,1824,1
d,1810,1
docket,1832,1
e,1936,1
e,1529,1
constitution,1765,1
e,1842,1
d,1839,1
drainage,1832,1
diporeia,1961,386
district,1904,1
constitution,1901,2
db,1995,79
company,1923,1
cosponsors,1874,4
e,1625,1
district,1796,1
d,1815,1
constitution,1836,1
chitdn,1851,6317
duns,1790,1
dba,2004,13
e,1861,1
company,1887,1
e,1820,1
data,1983,1
e,1851,1
education,1953,1
e,1840,1
e,1819,1
dw,1480,1
control,1917,1
control,1865,1
d,1824,1
e,1830,1
date,1985,1
e,1726,1
e,1949,1
e,1811,1
cocast,1720,1
e,1835,1
dbms,1995,22
d,1962,1
dbms,1994,1
d,1808,1
db,1915,1
constitution,1797,1
district,1855,1
diversion,1831,1
e,1809,1
e,1724,1
dba,1815,2
cosponsors,1953,1
education,1838,1
chickabobboo,1848,476
db,1489,1
cromwell,1810,3
dw,1529,1
e,1826,1
db,1998,1
determined,1470,1
data,2002,4
dba,1994,15
d,1836,1
constitution,2006,4
dba,1994,28
data,1833,1
control,1915,1
companyexecutive,1899,1304
d,1805,1
e,1832,2
d,1850,1
d,1754,1
compounds,1818,1
data,1981,4
dbms,2003,4
company,1829,1
e,1736,1
d,1903,1
d,1768,1
cws,1675,1
clozaril,1990,8
control,1893,1
control,1932,1
control,1991,1
ether,1794,1
d,1843,1
dbms,1995,12
date,1997,5
e,1825,1
education,1769,1
d,1832,1
dba,1859,1
d,1809,2
dbms,1998,1
company,1839,1
e,1949,16
company,2006,6
education,1856,1
data,1992,1
db,1990,1
e,1835,1
db,1985,1
education,1817,2
data,1978,2
db,1984,1
e,1830,1
e,1823,1
db,1987,1
e,1842,1
d,1847,1
disorders,1946,1
cws,2013,55
cws,1625,1
e,1819,1
e,1806,1
data,1981,4
company,1778,1
d,1890,1
db,1900,1
ecr,1844,1
d,1817,1
d,1810,1
earlvin,1793,1
cfs,1933,1
e,1888,1
db,2006,22
cosponsors,1717,1
disorders,1867,1
d,1820,2
d,1812,1
company,1921,1
contested,1804,1
e,1834,1
d,1858,1
date,1963,1
e,1882,1
crackback,1961,1
duns,1790,1
db,1990,1
disorders,1475,1
company,1811,1
d,1814,1
e,1852,1
db,1996,1
d,1839,1
e,1835,1
e,1867,1
education,1831,2
education,1939,1
db,1999,3
db,1997,2
data,1970,1
e,1689,1
e,1834,1
cosponsor,1874,1
d,1984,1
data,1903,1
db,1990,3
demint,1834,1
control,1985,3
d,1813,1
determined,1803,1
d,1806,1
dba,1995,5
e,1831,1
db,1989,2
data,1979,2
e,1861,1
e,1866,1
dhourra,1820,7
education,1808,1
d,1804,1
e,1851,1
e,1876,1
district,1842,1
control,1985,2
determined,1834,1
d,1810,1
d,1837,1
db,2002,37
data,1932,1
disorders,1951,1
dichlordiethoxyquinone,1895,638
e,1829,1
d,1819,1
date,1803,1
e,1855,1
cromwell,1649,1
control,1835,1
d,1775,1
contested,1820,1
control,1916,1
e,1812,1
e,1998,7
education,1916,3
data,1900,1
d,1804,1
date,1775,1
d,1953,1
e,1941,1
data,2003,1
dhourra,1815,2
e,1793,1
e,1861,1
e,1854,2
edirectory,1770,1
ec,1757,1
education,1900,11
db,1998,4
db,1985,12
clozaril,1988,1
education,1807,2
d,1811,1
e,1814,1
education,1741,1
e,1812,1
db,2002,3
d,1865,1
company,2002,16
education,1903,1
d,1807,1
e,1858,1
district,1812,1
disorders,1825,2
company,1921,1
e,1988,1
ecr,1642,1
d,1823,1
cfs,1676,2
data,1901,1
dbms,2004,2
cosponsor,1946,1
draenei,2007,420
e,1616,1
dw,1685,1
control,1819,1
d,1860,1
date,1875,1
coveringscarpet,1985,1041
constandy,1634,1
control,1916,1
e,1863,1
dbms,1891,1
e,1845,1
cws,2006,2
e,1851,1
d,1808,1
cryptopia,1867,512
e,1757,1
determined,1872,1
e,1832,1
dbms,1999,1
control,1807,1
dyd,1533,492
d,1890,1
d,1803,1
e,1839,1
constitution,1997,1
d,1866,1
cws,2013,243
e,1868,1
date,1884,17
company,2000,3
e,1749,1
d,1980,4
e,1724,1
control,1914,3
cromwell,1804,1
district,1907,3
e,1767,1
ds,1847,1
e,1825,1
e,1844,1
e,1832,1
db,1997,2
data,1903,1
db,1900,1
cosponsors,1948,1
d,1854,1
e,1832,1
diversion,1838,1
comrs,1517,1
data,1925,1
education,1937,1
education,2006,1
cryptopia,1867,536
d,1838,1
dba,1787,1
db,1998,3
d,1830,1
d,1986,1
constitution,1633,1
district,1812,1
compounds,1818,1
company,1764,1
control,1851,1
d,1821,1
e,1803,1
dw,1828,1
district,1829,1
d,1861,1
db,1995,1
d,1841,1
date,1906,1
e,1823,1
date,1995,6
dw,1480,1
d,1817,1
d,1796,1
cws,1802,1
d,1857,1
e,1823,1
dbms,1995,9
dbms,1995,28
dba,1849,4
db,1998,2
constitution,1798,1
d,1800,1
d,1900,2
district,1850,1
desemer,1901,685
crapo,1834,1
d,1879,1
drainage,1861,2
e,1822,1
corzine,1893,1
d,1867,1
e,1841,1
e,1848,1
date,1963,1
e,1825,1
e,1707,1
crackback,1919,2
e,1806,1
e,1500,1
d,1835,1
clozaril,1976,1
e,1572,1
control,1903,1
cosponsor,1949,1
d,1692,1
control,1936,1
constandy,1577,2
dyd,1814,3
company,1986,1
dbms,1995,10
e,1803,1
e,1810,2
d,1817,1
d,1862,1
cosponsors,1717,1
d,1836,1
d,1851,1
diversion,1831,1
circuland,1710,2
d,1815,1
d,1828,1
e,1876,1
earlvin,1793,1
d,1818,1
date,1986,2
company,1804,1
db,1900,7
db,1668,1
dewine,1819,1
education,1934,1
date,1832,1
e,1804,1
companyexecutive,1899,815
discriminatorily,1832,898
e,1817,1
e,1850,1
d,1881,1
e,1793,1
contested,1794,1
d,1829,1
e,1868,1
e,1840,1
e,1860,1
e,1808,1
control,1836,1
constitution,1901,2
control,1996,2
dbms,2002,3
e,1854,1
date,1840,1
e,1820,1
d,1835,1
education,2008,3
dadenhudd,1841,384
e,1933,1
e,1894,1
drainage,1836,1
db,1826,1
cosponsors,1874,10
dhourra,1815,2
crownit,1566,2
e,1480,1
education,1832,1
db,1998,1
data,1877,1
e,1860,1
duns,1588,3
d,1795,1
e,1812,1
determined,1814,1
data,1984,1
coverdell,1991,1
data,1972,4
db,1978,5
e,1840,1
data,1988,1
d,1931,1
determined,1870,1
drainage,1832,1
e,1815,1
e,1868,1
data,1977,2
district,1867,2
chamly,1809,1
d,1813,1
date,1989,1
e,1850,1
d,1788,1
control,1838,1
company,1992,1
company,1893,1
dyd,1533,2
e,1813,1
education,1887,1
chickabobboo,1848,54
db,2001,1
crtu,1778,1
e,1839,1
education,1962,1
e,1925,1
d,1827,1
e,1814,1
company,1842,1
db,1996,1
cictionary,1766,1
dba,1994,9
e,1860,1
e,1791,1
delarge,1870,1
e,1834,1
data,1932,1
e,1873,1
constitution,1872,1
district,1791,1
db,2004,21
e,1875,1
drainage,1881,1
cws,2013,97
control,1743,1
d,1871,1
e,1850,1
e,1834,1
d,1798,1
data,2002,2
cws,2013,192
dw,1656,1
control,1623,1
ds,1490,1
cws,2013,53
d,1839,1
e,1954,14
db,1900,1
e,1816,1
d,1996,31
cws,2013,204
constitution,1798,1
d,1828,1
data,1913,1
d,1807,1
determined,1867,1
dba,1932,1
e,1833,1
e,1797,1
e,1893,1
ecsdl,2013,514
data,1983,6
company,1887,1
control,1985,9
data,1966,1
education,1953,1
d,1827,1
e,1816,1
e,1854,1
edusemiotics,2013,732
dbms,1994,1
domenici,1848,1
db,2002,20
e,1804,1
d,1809,1
d,1800,1
db,1995,1
disorders,1966,1
e,1652,1
db,1998,1
d,1860,1
e,1964,2
d,1860,1
d,1986,1
e,1807,1
d,1800,1
e,1832,1
cws,2013,158
e,1681,1
company,1949,1
d,1817,1
control,1915,1
e,1817,1
e,1810,1
e,1872,1
control,1913,1
dba,1790,3
d,1807,1
e,1766,1
d,1837,1
e,1813,1
compounds,1475,12
corzine,1900,1
escm,1970,505
d,1847,1
data,1835,1
db,2001,1
e,1822,1
db,1997,2
date,1985,2
demint,1831,1
dw,1563,1
d,1875,1
education,1808,1
dba,1994,1
education,1837,1
constitution,1477,2
determined,1906,1
company,1860,1
data,2003,1
e,1848,1
control,1915,1
education,1890,1
d,1500,1
drainage,1921,1
e,1808,1
d,1895,1
e,1832,1
ether,1755,1
data,1985,1
date,1838,1
d,1829,1
d,1800,1
control,1917,1
disorders,1836,1
ec,1824,1
d,1800,1
contested,1794,1
d,1827,1
e,1867,1
cosponsor,1874,4
company,1810,1
digimodernism,2009,490
e,1911,1
date,1880,1
district,1808,3
e,1832,1
data,1992,1
ds,1814,1
data,1997,2
d,1984,1
e,1811,1
demint,1834,1
cldef,1801,1
date,1985,1
d,1851,1
db,1985,11
dba,1995,2
e,1822,1
constitution,2006,1
d,1843,1
date,1472,29
cws,2013,103
data,1997,1
comrs,1648,1
e,1757,1
ec,1808,1
dba,1994,2
d,1834,1
dbms,2004,6
dba,1972,4
contested,1803,1
constitution,1500,3
e,1746,1
district,1814,1
db,1998,2
cws,2008,1
e,1890,1
e,1810,1
e,1998,4
e,1822,1
constitution,1791,1
cfs,1472,142
company,1865,1
date,1890,1
date,1900,1
e,1821,1
education,1988,1
date,1631,2
date,1908,1
db,1962,10
district,1867,1
date,1853,1
cowbelles,1849,3
cws,2004,1
db,1999,1
d,1470,2
data,1971,1
e,1767,1
e,1782,1
d,1796,1
d,1559,1
date,1900,1
ds,1803,1
chapterunderthedistributedterms,2012,520
e,1806,1
e,1681,1
dbms,1995,1
db,1864,1
company,2004,2
d,1868,1
data,1977,1
control,1936,1
d,1855,1
d,1811,1
data,1948,1
e,1842,1
d,1877,1
d,1809,1
db,1991,2
e,1998,5
d,1903,2
d,1810,1
e,1707,1
draenei,2007,117
district,1860,1
data,1900,3
d,1818,1
d,1819,1
constitution,1771,1
d,1835,1
exhibit,2010,81
data,1985,5
data,1555,1
e,1797,1
e,1815,1
cocast,1932,1
d,1835,1
d,1811,1
e,1956,1
e,1803,1
d,1867,2
e,1810,1
cws,2013,158
d,1821,1
comrs,1816,1
d,1877,1
e,1830,1
db,2001,1
d,1832,1
constitution,1808,1
education,1906,1
dba,1994,11
constandy,1577,1
d,1931,1
e,1856,1
ds,1703,1
date,1900,1
e,1834,2
company,1993,1
control,1788,1
data,1948,1
e,1860,1
district,1814,1
d,1795,1
db,1529,1
date,1988,1
d,1800,1
db,1999,3
cfs,1781,1
cws,2013,93
data,1995,1
education,1988,1
cowbelle,1931,2
ec,1856,1
dba,2004,3
exhibit,1996,1
db,1996,15
date,1477,1
dbms,2003,1
coverdell,1949,4
control,1867,1
diversion,1694,1
data,1985,1
disch,1824,1
e,1814,2
data,1972,1
d,2003,2
e,1796,1
e,1841,1
db,2003,2
d,1831,1
d,1803,1
e,1856,1
company,1848,1
diversion,1804,1
e,1830,1
district,1910,2
e,1946,1
e,1830,1
d,1813,1
education,1836,1
crtu,1716,1
education,1804,1
d,1838,1
company,2002,2
db,1995,1
education,1769,1
d,1836,1
e,1832,1
d,1807,1
e,1853,1
d,1832,1
d,1980,2
d,1500,1
e,1775,1
group,1890,1
get,2011,1
get,1903,1
gl,1529,1
flumequine,1982,3
f,1640,1
get,1987,2
get,1989,2
f,1803,1
entrepreneurship,1938,1
get,2009,4
get,2001,7
f,1866,1
get,1812,1
get,1886,1
file,1981,3
f,1681,1
f,1844,1
get,2009,1
f,1475,1
get,2015,9
file,1983,8
f,1841,1
esquire,1784,3
f,1954,1
engagedinadministrative,2011,3256
fgan,1735,1
f,1717,1
exhibit,1966,1
get,1982,3
groups,1907,1
get,1993,1
get,2001,8
f,1793,1
grameme,1954,1484
f,1859,1
fly,1562,1
f,1873,1
get,1987,3
f,1737,1
f,1909,1
get,1899,2
get,1985,1
falbo,1764,1
groups,1836,1
f,1767,1
gl,2004,9
get,1992,4
harkin,1837,1
hagel,1815,4
file,1987,1
file,1982,1
group,1915,1
get,2006,16
f,1651,1
gl,2004,2
get,1984,1
exhibit,1986,1
f,1825,1
get,2001,5
fluorophlogopite,1910,70
f,1813,1
file,1990,2
f,1825,1
file,1883,1
ellender,1923,1
get,1977,2
groups,1884,1
f,1849,1
get,1906,1
f,1813,1
f,1851,1
gl,1852,1
f,1803,1
get,1898,1
file,1979,4
get,1980,2
exhibit,1966,1
f,1868,1
employes,1873,1
file,1852,2
file,1988,3
file,1987,1
get,1991,1
f,1849,1
fluorophlogopite,1910,8
f,1746,1
heika,1859,1
f,1801,1
f,1819,1
f,1961,2
euph,1824,1
groups,1833,1
f,1629,1
f,1838,1
get,1972,2
f,1672,1
gendhing,1971,592
europnews,1999,515
europnews,1999,505
get,1970,4
f,1978,4
get,1992,3
f,1770,1
f,1832,1
get,1871,2
get,1861,1
f,1687,1
get,1986,3
gl,2007,2
f,1806,1
file,1472,8
file,1956,1
groups,1857,1
get,1982,8
get,1986,2
f,1816,1
f,1796,1
feingold,1872,2
f,1783,1
f,1846,1
get,1595,1
get,1980,4
enzi,1664,1
exhibit,1832,1
entrepreneurship,1900,1
get,1840,1
f,1872,2
f,1811,2
euirmoir,1858,39
feingold,1872,2
get,2000,1
f,1738,1
file,1852,2
f,1814,1
get,1798,1
file,1993,2
get,2001,8
emergence,1475,1
f,1855,1
f,1695,1
f,1745,1
exhibit,1475,7
file,1985,1
exhibit,1896,1
f,1684,1
fourth,1831,1
get,2011,1
get,1986,6
f,1793,1
get,2006,14
gl,1827,1
file,2011,1
f,1832,1
f,1988,3
get,1987,1
emergence,1784,1
file,1978,4
f,1650,2
get,1980,3
exhibit,1805,1
gommel,1862,2
falls,1812,1
gl,2006,2
f,1728,1
get,2009,3
f,1834,2
get,2001,12
f,1810,1
f,1771,1
file,2006,1
f,1849,1
f,1872,1
eradicane,1972,1
group,1832,1
f,1830,1
f,1794,1
get,1984,4
fly,1809,1
get,1827,1
fourth,1822,1
fatigay,1829,1
get,1980,5
feingold,1919,1
exhibit,1892,1
f,1842,1
groups,1899,1
file,1832,1
f,1821,1
file,1983,28
file,1472,39
get,1990,1
get,1983,3
finaliters,1955,566
ez,1708,1
esquire,1649,1
hananda,1846,2
gozil,1824,1
get,2001,12
get,1990,1
f,1672,1
haemadsorbing,1950,9
gl,1836,1
get,2006,2
get,1596,2
file,1989,1
group,1903,1
falls,1835,1
fonoff,1825,1
f,1982,1
get,1832,1
file,1989,8
get,1980,6
gillibrand,1817,1
f,1889,1
file,2002,6
get,1990,1
gl,1693,1
get,1986,1
get,1980,4
f,1855,1
get,1999,3
f,1848,1
fruehauf,1918,1
f,2006,3
feingold,1980,3
get,1980,8
f,1847,1
flumequine,1950,6
highway,1825,1
entrepreneurship,1900,1
f,1738,1
get,1834,1
ether,1475,460
file,1900,2
file,1981,3
f,1826,1
employes,1601,3
gendhing,1971,19
f,1680,1
f,1742,1
get,2001,35
f,1809,1
get,1978,1
file,2002,6
f,1673,1
get,1958,1
group,1836,1
f,1963,1
get,2007,3
get,1989,3
get,1984,12
gl,1642,1
get,1981,1
file,2001,5
group,1866,1
get,1980,3
file,1629,1
ether,1859,1
get,2010,90
f,1991,1
f,1745,1
get,1999,2
gl,1860,1
f,1849,1
get,1984,1
f,1782,1
gl,1855,1
hagel,1789,1
f,1810,1
f,1815,1
f,1933,1
heika,1947,1
f,1781,1
get,2000,4
get,2010,29
f,1718,1
f,1840,1
group,1985,1
gl,1735,1
get,1792,1
file,1983,4
gl,2004,8
fourth,1807,1
get,1977,1
get,1986,1
f,1704,1
get,1991,1
f,1841,1
f,1755,1
fourth,1783,3
entrepreneurship,1941,1
f,1974,3
ez,1669,1
f,1851,1
f,1807,1
f,1842,1
entrepreneurship,1846,1
get,1914,1
get,1995,48
f,1789,1
group,1894,1
ez,2007,8
get,2010,5
file,1963,1
file,1946,1
get,1994,2
grandmist,2019,1109
get,1982,1
group,1788,1
f,1700,1
file,1766,1
group,1862,1
f,1813,1
get,1987,1
get,1988,3
get,2006,2
emergence,1962,1
f,1858,2
f,1890,1
emergence,1475,1
f,1682,1
f,1832,1
f,1855,1
file,1900,2
f,1793,1
escm,1833,1
gl,1489,3
ferrivine,1916,681
f,1717,1
f,1838,1
f,1653,1
get,1844,1
group,1835,1
geerarsa,1990,581
groups,1888,1
elvsted,1890,1
grumetas,1805,636
eeuwiglijk,1978,1
f,1839,1
get,1990,2
get,1749,1
f,1858,2
f,1904,1
group,1859,1
f,1749,1
employes,1874,1
groups,1884,1
groups,1993,45
groups,1936,1
get,1994,2
fly,1478,1
get,1844,1
file,1985,4
get,1977,1
get,1983,1
group,1920,1
f,1830,1
gl,2004,41
f,1676,1
fished,1639,1
get,1980,9
f,1793,1
get,1792,1
get,1991,1
f,1822,1
get,1998,2
f,1849,1
falls,1873,1
get,1985,1
filesize,1934,1
gommel,1862,2
highway,1825,1
file,1946,1
f,1867,1
get,1829,1
get,1984,1
falls,1833,1
get,2011,1
f,1676,1
file,1788,2
file,1981,2
fly,1478,1
get,1815,1
file,1991,2
f,1988,1
gelsomina,1887,6
groups,1957,1
groups,1670,1
exhibit,2002,2
f,1802,1
f,1974,1
harkin,1865,1
f,1987,9
get,1984,3
f,1810,1
hardcastle,1792,5
file,1832,1
get,2001,34
f,1970,1
ether,1641,1
f,1847,1
f,1948,1
f,1986,9
f,1819,1
f,1839,1
get,1982,9
esquire,1485,7
get,2012,5
file,2006,2
get,1989,4
file,1853,1
groups,1872,1
flumequine,1950,2
groups,1843,1
f,1808,1
f,1858,1
get,1978,2
fluoromica,1910,638
f,1791,2
f,1873,1
gendhing,1971,1573
get,1999,3
f,1681,1
get,1989,3
euph,1527,1
f,1801,1
gl,1858,1
f,1832,1
feinstein,1925,1
get,1981,4
floration,1687,1
groups,1770,1
f,1853,1
file,1991,1
f,1816,1
get,1989,7
euph,1527,1
floration,1908,2
f,1861,1
f,1725,1
get,1986,2
file,1987,1
grassley,1805,2
f,1784,1
enzi,1798,1
get,1864,1
f,1820,1
file,1996,1
gramemic,1954,951
get,1987,1
f,1834,2
get,1996,1
get,1859,1
get,1992,9
f,1816,1
get,1476,3
get,2010,29
group,1986,4
get,1980,1
get,1988,8
get,1827,1
f,1818,1
f,1974,2
get,2001,16
file,1991,4
f,1714,2
get,2000,1
f,1834,1
get,1978,1
f,1987,9
fourth,1803,1
get,1989,1
file,1679,1
f,1801,1
f,1702,1
gridstone,1834,1
eurobd,1995,4
fluorophlogopite,1910,870
get,1980,2
f,1838,1
get,1975,13
get,1987,1
f,1841,1
eigrp,1900,1
get,1976,4
get,1859,1
get,1972,1
gl,1489,2
hakeem,1780,568
feckles,1616,1
file,1968,1
fluoromica,1910,650
f,1672,1
heathcliff,1901,1
get,1990,1
falls,1840,1
file,1832,1
groups,1872,1
group,1475,310
f,1720,1
file,1900,2
get,1847,1
emergence,1764,1
euph,1865,1
file,1717,1
f,1855,1
get,1989,1
groups,1818,1
group,1851,1
get,1978,2
get,1997,1
ez,1560,2
get,1981,1
hagel,1808,2
f,1857,1
f,1712,1
fourth,1808,1
ez,1622,1
f,1673,1
f,1978,4
eigrp,2000,3
exhibit,1807,1
get,1982,1
ether,1989,1
get,1981,8
f,1881,1
groups,1888,1
f,1685,1
f,1858,2
employes,1501,95
f,1867,1
gl,1476,1
f,1819,1
get,1989,1
f,1851,1
f,1867,1
f,1865,2
f,1819,1
groups,1943,1
ether,1989,1
employes,1832,2
hactcin,1940,4
feckles,1616,1
f,1799,1
eigrp,1900,82
f,1803,1
f,1472,4
f,2005,2
gl,1887,1
f,1832,1
f,1755,1
eradicane,1974,1
gps,1817,1
f,1864,1
get,1988,2
get,1983,1
gromov,1937,896
file,1881,1
f,1779,1
f,1862,1
hafela,1820,1
hagel,1815,7
f,1771,1
f,1948,1
get,2001,1
get,1986,2
groups,1829,1
get,2004,3
group,1478,1
groups,1990,469
group,2005,3
f,1841,1
f,1809,1
get,1974,1
group,1792,1
gramemic,1954,951
get,1980,5
get,1906,1
f,1703,1
employes,1832,1
get,1985,3
file,1988,8
get,1985,14
ez,1630,1
file,1987,4
hafela,1820,1
get,1989,1
gl,2004,6
get,1989,1
gl,1732,1
group,1890,1
f,1765,1
f,1900,1
f,1861,1
get,1990,7
f,1849,1
ez,1555,13
gablach,1890,1
gl,2004,5
feinstein,1901,1
f,1472,8
file,1881,1
f,1781,1
get,1995,3
gampong,1906,2646
exhibit,1904,2
fateeha,1832,1043
get,1811,1
get,1987,2
gl,1903,1
get,1900,5
groups,1818,1
get,1992,2
get,2010,91
gl,1852,1
get,1999,17
feinstein,1956,1
get,1996,3
falbo,1764,1
fly,1562,1
golfdom,1913,1
fourth,1839,5
f,1800,1
eurobd,1995,3
fluorophlogopite,1910,1253
f,1810,1
get,1987,3
get,1995,29
get,1895,3
f,1814,1
f,1856,2
get,1981,5
f,1851,1
f,1717,1
fluoromicas,1910,600
file,1985,1
gablach,1890,1
groups,1839,1
get,2002,5
get,1985,1
haemadsorbing,1950,531
get,1997,2
get,1972,3
gampong,1812,1
get,1985,1
groups,1914,1
get,2006,9
f,1826,1
f,1802,1
grassley,1824,1
group,1983,1
employes,1870,5
group,1987,1
f,1659,1
f,1980,1
f,1839,1
f,1675,1
get,2001,2
f,1866,1
get,1812,1
get,1996,6
falls,1835,1
f,1818,1
group,1983,6
get,2010,16
fly,1846,1
f,1832,1
f,1858,1
get,1867,1
get,1984,1
fly,1740,1
get,1989,3
hananda,1904,3
get,1986,8
f,1752,1
f,1703,1
f,1803,1
f,1850,2
file,1908,1
f,1851,1
f,1807,1
filesize,1976,1
gelsomina,1837,6
group,1802,1
f,1814,1
get,2010,8
get,1721,1
get,1977,1
fgan,1850,1
f,1767,1
file,1963,1
exhibit,1800,1
entrepreneurship,1960,1
fourth,1796,1
get,1980,20
group,1475,310
eigrp,1998,7
group,1856,1
f,1852,1
get,2009,19
get,1993,7
ez,1669,1
get,1981,16
f,1866,1
f,1850,1
f,1859,1
file,1990,9
f,1813,1
f,1839,1
groups,1472,1
f,1508,1
f,1760,1
f,1719,1
grassley,1805,2
f,1832,1
f,1720,1
group,1986,4
f,1676,1
elvsted,1928,170
fourth,1661,1
ether,1601,1
f,1986,1
group,1977,1
get,2001,16
f,1739,1
get,1985,15
ghoure,1810,610
get,1993,1
f,1837,1
eurobd,1997,2467
exhibit,1892,1
get,2001,2
get,1849,1
get,1878,1
group,1897,1
hagel,1789,1
get,1988,3
f,1810,1
f,1834,1
file,1879,1
get,2004,1
f,1675,1
get,1906,1
ether,1627,2
group,1982,10
get,1977,1
f,1819,2
get,1997,5
file,1986,2
get,1994,1
f,1794,1
get,1933,1
entrepreneurship,1937,2
file,1911,2
get,2006,13
fourth,1472,7
get,1995,1
ferrivine,1916,139
fourth,1753,1
file,1985,4
get,2005,5
get,1900,2
f,1629,2
get,2010,61
f,1877,1
eigrp,1900,126
groups,1808,1
f,1983,2
file,1856,1
get,2000,1
get,1989,8
file,1717,1
gps,1799,1
f,1871,1
get,1989,1
group,2013,3
file,1988,1
groups,1887,1
groups,1751,1
get,1981,4
gl,2004,42
get,1813,1
esquire,1485,611
get,1951,1
f,1963,5
enzi,1797,1
get,1987,2
filesize,1996,1
get,1985,1
f,1822,1
f,1714,1
file,1968,1
f,1850,1
groups,1831,1
f,1744,1
filesize,1900,1
fjelde,1877,4
eurobd,1997,41
get,1830,1
fourth,1839,22
get,1704,1
get,1986,2
file,1990,2
f,1772,1
groups,1833,1
feinstein,1918,4
get,1981,2
f,1676,1
get,1988,7
group,1851,1
grameme,1947,1
file,1500,1
groups,1851,2
get,1991,1
group,1875,1
get,2002,1
ez,1555,13
gl,2006,2
gillibrand,1901,1
group,1920,1
file,1679,1
get,1985,3
f,1760,1
f,1900,1
f,1848,1
f,1772,1
f,1918,1
f,1675,2
group,1982,10
get,2001,7
f,1803,1
falls,1801,1
ez,2018,1585
file,1987,2
group,2003,1
f,1827,1
get,2005,5
get,2004,3
f,1867,1
employes,1823,1
group,1865,2
f,1818,1
ether,1859,1
falls,1751,1
fly,1733,1
f,1857,1
eyruv,1900,898
groups,1831,1
f,1788,1
f,1878,1
get,1985,2
feinstein,1901,1
f,1820,1
f,1755,1
get,2005,2
get,1989,1
file,1978,4
hkey,1900,9
f,1871,1
f,1771,1
get,1995,1
get,1986,1
fly,1800,1
gps,1799,1
fourth,1796,1
f,1744,1
f,1793,1
groups,1839,1
filesize,1900,8
euph,1785,1
file,1972,2
eeuwiglijk,2017,838
f,1713,1
get,1840,1
exhibit,1830,1
frcrp,1808,1
f,1857,1
file,2001,5
get,2006,6
get,1997,5
f,1672,1
eigrp,1900,16
f,1764,1
f,1942,1
fjelde,1800,1
gps,1818,1
file,1984,1
euirmoir,1858,96
f,1771,1
get,1983,1
f,1860,1
f,1868,1
get,1721,1
f,1780,1
get,1983,3
file,1950,1
f,1703,1
get,1900,1
employes,1501,1262
get,1904,1
engagedinadministrative,2011,3256
get,1980,7
get,2000,1
get,1986,4
f,1827,6
get,1979,3
floration,1687,1
get,1476,3
f,1810,1
get,1859,1
get,1988,5
get,1985,1
exhibit,1832,2
get,1982,2
get,1981,1
fourth,1778,1
fly,1871,1
exhibit,2002,2
employes,1796,1
f,1825,1
file,1988,1
get,1972,1
file,1984,1
file,1870,1
get,1912,1
get,1900,1
get,1741,1
groups,1851,2
file,1990,1
get,1984,2
f,1672,1
file,1995,2
get,1983,2
fruehauf,1918,1
ez,1866,3
group,1879,1
hakeem,1780,568
file,1986,1
feingold,1977,2
f,1659,1
get,1986,11
gadado,1826,657
get,2007,11
get,1984,4
employes,1796,1
f,1990,3
feinstein,1964,2
get,1980,3
get,1998,2
get,1978,1
gankogui,1959,3
f,1784,1
get,1985,11
filesize,1900,8
get,1993,1
f,1874,1
groups,1936,1
ether,1828,1
grameme,1954,172
file,1991,2
file,1931,1
filesize,1900,1
f,1986,4
file,1848,1
get,2000,1
f,1659,4
f,1784,2
gl,2001,1
get,2007,10
f,1700,1
f,1781,1
group,1859,1
f,1803,1
f,1858,1
get,2009,4
esquire,1494,2
flumequine,1950,418
get,1985,2
gps,1728,1
file,1984,1
f,1849,1
f,1823,1
f,1676,1
get,1983,1
f,1810,1
employes,1874,2
gl,2007,1
f,1816,1
file,1890,2
fourth,1661,1
get,1983,3
get,2001,8
gps,1818,1
get,2009,12
fourth,1807,1
exhibit,1685,1
get,1980,7
enzi,1762,1
group,1877,2
gl,2004,16
f,1811,1
eigrp,1900,26
f,1472,4
gendhing,1971,960
hardcastle,1792,4
gl,1848,1
fourth,1860,2
harkin,1802,1
get,1999,3
get,1990,1
file,1982,1
employes,1883,1
get,1986,8
get,1989,1
file,1985,4
get,1987,1
get,1999,4
get,1989,2
f,1629,3
get,1992,4
get,1986,1
get,1996,1
get,1989,1
groups,1956,5
gl,1752,1
f,1830,1
f,1868,1
group,1862,1
f,1840,1
f,1826,1
emergence,1962,1
fished,1832,1
file,1986,1
file,1989,3
f,1871,1
file,1976,2
group,2003,1
get,1972,3
elvsted,1890,1
get,1986,3
f,1830,1
get,1864,1
f,1781,1
get,1830,1
group,1900,1
group,1879,1
group,1983,6
ez,2007,10
employes,1832,2
get,1978,2
group,1916,1
falls,1631,1
ghoure,1810,140
get,1997,1
f,1810,1
f,1784,1
fatigay,1829,1
fourth,1783,1
gramemes,1954,1012
f,2006,1
fished,1477,8
fourth,1797,1
get,2005,1
file,1976,2
ellender,1789,1
get,1899,2
get,2005,5
file,1990,1
gl,1845,1
file,1979,4
file,1968,6
file,1987,2
get,1977,1
f,1819,2
get,1985,1
f,1773,1
get,2010,5
group,1987,13
gl,1816,1
get,1969,1
get,1704,1
f,1961,1
falls,1837,2
groups,1817,1
f,1823,1
f,1774,1
gridstone,1834,1
file,1983,1
get,1984,12
f,1791,2
fly,1806,1
fagaci,1714,1
get,1977,1
f,1970,1
get,1987,2
file,1981,5
f,1813,1
fluoromicas,1910,609
get,1903,1
get,1989,2
get,1987,1
file,1898,1
gl,2004,7
group,1856,1
get,1982,2
group,1561,1
get,1856,2
get,2001,12
get,2004,5
entrepreneurship,1949,1
fourth,1822,1
group,1478,1
file,2001,1
get,1986,2
group,2000,1
get,2000,1
entrepreneurship,1500,2
f,1697,1
gl,1824,1
heika,1848,1
get,1987,1
file,1911,2
f,1713,1
file,2005,3
falls,1801,1
f,1867,1
get,1981,5
f,1773,1
fished,1477,8
fourth,1803,1
get,2011,4
ether,1805,1
entrepreneurship,1938,1
f,1871,1
fly,1818,1
f,1784,1
get,1900,2
f,1860,1
gl,2004,6
f,1659,1
f,1867,1
get,1982,1
highway,1829,2
file,1983,1
exhibit,1986,1
falls,1472,4
get,1979,2
f,1849,1
file,1836,1
get,1970,1
entrepreneurship,1500,2
f,1818,2
exhibit,2010,67
file,1987,1
get,1994,1
f,1883,1
f,1905,1
get,1996,1
falls,1472,2
get,2001,5
fourth,1778,1
fourth,1812,1
euirmoir,1858,507
f,1762,1
f,1801,1
file,1836,2
f,1832,1
groups,1837,1
flumequine,1950,395
fromcustomwork,1972,556
get,1977,2
get,1999,1
f,1662,1
f,1871,1
groups,1829,1
hkey,1900,9
gl,2004,6
f,1853,1
group,1901,1
esquire,1761,5
groups,1808,1
geerarsa,1990,508
get,1980,2
f,1985,1
gl,1858,1
f,1739,1
file,1756,1
get,1716,1
f,1965,2
get,2006,2
highway,1829,2
fourth,1831,1
ether,1489,1
f,1803,1
file,1983,4
f,1675,1
f,1687,1
file,1898,1
get,1996,11
hakeem,1818,1
file,1847,1
gl,1817,1
gps,1999,1
get,1817,1
f,1827,6
f,1829,1
group,1901,1
file,1991,1
f,1832,1
get,2012,6
exhibit,1475,4
get,1902,1
employes,1872,2
fly,1740,1
get,2002,10
fourth,1783,2
f,1975,3
get,2001,12
group,1975,1
gozil,1824,1
get,2002,10
f,1793,1
gps,1687,1
f,1657,1
f,1867,1
employes,1874,1
f,1874,1
get,1988,5
get,1988,2
f,1918,1
hadjys,1829,1594
get,2013,6
f,1653,1
f,1988,2
file,1997,1
groups,1857,1
fluorophlogopite,1910,301
f,1629,2
eyruv,1900,889
get,1970,1
file,1984,1
get,1811,1
get,2004,1
f,1739,1
file,1988,4
file,1990,1
f,1770,1
groups,1670,1
ether,1665,1
get,1980,4
file,1856,1
f,1903,1
get,1978,3
f,1635,2
f,1672,1
f,1704,1
fly,1805,1
filesize,1962,1
get,1747,2
get,1977,1
entrepreneurship,1975,1
gl,1796,2
f,1867,1
f,1638,1
get,1990,1
gl,1978,1
f,1815,1
get,1977,3
get,1984,2
falls,1898,1
f,1681,1
get,2010,8
f,1508,1
f,1803,1
group,2013,3
get,1993,1
file,1756,1
get,1988,2
get,1995,17
get,2001,2
get,1985,1
file,1968,6
get,1981,2
fly,1837,1
f,1771,1
fourth,1815,1
enzi,1664,1
fourth,1819,1
f,1900,1
falls,1837,2
f,1659,1
get,1986,11
f,1956,1
f,1737,2
f,1676,1
f,1947,1
f,1785,1
exhibit,1936,1
gl,1886,1
esquire,1485,2
f,1873,1
f,1704,1
groups,1863,1
get,2006,2
get,1970,3
f,1697,1
emergence,1927,1
groups,2006,1
gl,1827,1
f,1826,1
get,1993,1
escm,1808,1
gps,1533,1
f,1996,1
group,1877,2
get,2002,1
exhibit,1851,1
groups,1943,1
file,2011,1
f,1883,1
group,1975,1
get,1994,1
falls,1803,1
get,1992,2
f,1811,1
get,1980,7
f,1704,1
groups,1956,5
f,1800,1
get,1995,17
f,1858,1
get,1996,2
f,1846,1
f,1858,1
get,1990,1
get,1853,1
get,1979,6
f,1841,1
file,1918,1
f,1872,1
get,1980,2
f,1854,1
ghoure,1810,389
f,1875,1
f,1798,1
group,1835,1
f,1704,1
get,1993,3
get,1977,1
hakeem,1847,1
get,1980,23
get,1906,1
get,2009,11
ez,2018,1498
f,1838,1
f,1861,1
falls,1751,1
f,1800,1
f,1820,1
f,1717,1
gendhing,1971,2
get,2001,1
f,1903,1
fromcustomwork,1972,556
get,1846,1
f,1858,1
gl,1476,1
file,2004,1
harkin,1669,1
euph,1856,1
file,1978,1
f,1988,3
get,1989,1
get,1990,1
f,1813,1
gps,1533,1
f,1659,5
get,1900,5
hactcin,1940,4
f,1704,1
file,1990,5
eeuwiglijk,2017,417
gl,2006,6
get,1987,1
file,1985,2
emergence,1936,1
f,1765,1
exhibit,1807,1
ether,1475,9
get,1985,1
group,1920,1
get,1977,3
f,1800,1
get,1995,2
file,1985,1
get,1900,1
gramemes,1954,997
f,1657,1
get,1994,1
f,1850,1
get,1988,3
f,1908,1
get,1891,1
heika,1848,1
file,1981,2
file,1991,4
fished,1858,1
get,1987,2
f,1686,1
f,1857,1
f,1821,1
group,2000,1
group,1987,9
f,1676,1
hadjys,1829,1607
gl,2004,44
f,1861,1
file,2005,45
harkin,1669,1
file,1978,3
group,1853,1
f,1816,1
f,1812,1
exhibit,1805,1
group,1900,1
groups,1887,1
fly,1481,2
f,1826,1
file,1984,1
file,1989,3
get,1999,4
f,1991,4
get,1983,2
f,1737,2
f,1860,1
f,1725,1
gl,1832,1
groups,1990,469
finaliters,1955,566
eurobd,1995,1
gankogui,1959,3
get,1980,1
fagaci,1701,1
groups,2006,1
get,1975,13
get,1978,1
get,1986,10
f,1832,1
hardcastle,1792,1
groups,1817,1
f,1683,1
f,1790,1
f,1871,1
f,1827,1
group,1853,1
file,2004,63
euirmoir,1858,358
get,1983,2
f,1827,1
get,2001,9
file,1982,1
get,1832,1
get,2000,1
f,1814,1
f,1857,1
file,1991,1
get,2013,6
group,1865,2
fruehauf,1940,2
get,2010,29
fished,1830,1
ez,1659,1
f,1676,1
f,1900,1
get,2006,1
get,1981,1
group,1832,1
f,1819,1
fly,1505,1
f,1858,2
f,1767,1
f,1798,1
file,1981,2
groups,1850,1
get,1999,4
get,1978,5
f,1692,1
f,1774,1
fourth,1586,3
f,1732,1
get,2000,3
get,2009,13
get,1984,3
fourth,1472,7
emergence,1784,1
fjelde,1800,1
f,1803,1
f,1800,1
f,1651,1
get,1990,8
get,1895,1
ferrivine,1916,882
f,1690,1
f,1853,1
get,1988,3
get,1986,1
file,1766,1
get,2010,33
haemadsorbing,1950,482
get,1981,8
hagel,1809,1
get,1747,2
f,1888,1
f,1822,1
group,1788,1
get,2010,67
exhibit,1800,1
golfdom,1896,1
get,1976,2
f,1988,1
gl,2001,1
group,1812,1
exhibit,1475,3
get,1981,2
file,1986,1
get,2000,1
golfdom,1896,1
get,1999,2
falls,1840,1
get,1989,4
f,1809,1
get,1983,2
group,1701,1
employes,1501,1357
file,1988,4
group,1792,1
f,1682,1
fourth,1478,1
exhibit,1819,2
get,1930,2
f,1947,1
file,1983,1
get,1835,1
f,1811,3
f,1808,1
fourth,1854,1
ez,1852,1
f,1681,1
f,1845,1
f,1850,1
flumequine,1950,15
f,1675,1
file,1828,1
file,1981,5
gl,1887,1
filesize,1985,1
get,1904,1
ez,1693,1
f,1823,1
group,1901,1
gps,1892,1
f,1687,1
f,1672,1
get,2007,19
file,2006,1
get,2000,1
get,1997,1
grumetas,1805,634
falls,1472,2
f,1853,1
file,2004,63
f,1681,1
file,2006,2
f,1827,11
groups,1957,1
entrepreneurship,1962,1
group,1897,1
falls,1858,3
get,1980,1
get,1900,1
escm,1808,1
file,1987,4
get,1985,5
get,1999,2
get,1985,1
fgan,1853,1
f,1685,1
exhibit,1904,2
get,1985,2
fished,1864,4
get,1985,1
get,1867,1
f,1793,1
file,2005,41
get,1995,1
gl,1762,1
get,1999,3
gadado,1826,657
f,1896,1
get,2010,15
gl,1529,1
employes,1601,3
f,1986,1
get,1986,2
eigrp,1998,5
get,2001,7
f,1990,3
f,1963,4
f,1991,1
esquire,1485,602
f,1779,1
get,2001,10
f,1856,1
falls,1858,3
f,1827,1
get,1977,1
gl,1817,1
exhibit,1830,1
heathcliff,1901,1
f,1865,2
groups,1751,1
file,1993,2
get,2006,2
f,1800,1
gl,2004,33
f,1827,11
f,1825,1
fourth,1803,1
f,1828,1
gazifikatsiya,1960,2
f,1793,1
fgan,1739,1
f,1976,1
get,1986,2
f,1761,1
hardcastle,1793,1
f,1834,1
groups,1899,1
groups,1472,1
gromov,1937,1008
f,1827,1
file,1900,2
f,1784,1
f,1801,1
f,1676,1
f,1800,1
file,2001,3
get,1989,1
file,1986,2
f,1852,1
f,1854,1
f,1812,1
ellender,1789,1
f,1640,1
f,1791,1
f,1629,1
get,2002,5
get,1989,5
get,1554,1
gl,1843,1
group,1478,1
get,1988,2
ether,1722,1
f,1816,1
file,1956,1
f,1809,1
get,1835,1
fly,1665,1
gps,1728,1
file,1995,2
file,1987,1
fgan,1735,1
get,2001,2
f,1811,1
gl,2004,3
f,1737,1
f,1714,2
fateeha,1832,989
f,1803,1
file,1986,1
get,1989,4
emergence,1936,1
file,1828,1
f,1629,2
get,2007,6
fourth,1860,4
f,1820,1
get,1995,10
group,1990,4
file,1985,1
haemadsorbing,1950,40
get,1996,3
file,1472,31
fourth,1820,1
fished,1653,4
ether,1475,469
file,1978,1
ether,1668,1
get,2009,7
groups,1993,51
f,1860,1
fourth,1557,1
escm,1820,1
f,1827,1
is,1805,1
information,1944,1
l,1893,1
i,1768,1
in,1721,2
in,1823,1
is,1805,1
l,1855,1
in,1838,1
l,1840,1
i,1499,1
i,1809,1
j,1736,1
l,1853,1
is,1894,1
highway,1851,1
is,1983,3
l,1901,2
l,1969,1
in,1860,2
in,1869,2
i,1834,1
information,2007,4
is,1872,1
highway,1956,1
in,1767,1
is,1780,1
is,1800,1
issena,1808,1
in,1832,1
is,1713,1
in,1832,1
is,1784,1
in,1857,1
in,1871,1
i,1860,1
l,1914,1
l,1834,1
in,1912,2
is,1831,1
information,1966,1
i,1844,1
i,1814,1
in,1804,1
l,1832,1
is,1792,1
i,1787,1
i,1911,1
l,1812,1
i,1826,2
is,1851,1
i,1531,1
i,1837,1
in,1807,1
is,1837,1
l,1845,1
l,1850,1
l,1861,1
is,1789,1
in,1806,1
l,1803,1
i,1832,1
in,1788,1
l,1844,1
information,1489,1
is,1830,1
information,1830,1
i,1789,1
i,1812,1
is,1878,1
is,1808,1
ldap,1998,6
is,1818,1
is,1787,1
is,1825,1
is,1800,1
is,1810,1
in,1823,1
j,1870,1
is,1851,1
l,1854,1
in,1819,1
in,1848,1
l,1809,1
in,1828,1
l,1815,1
is,1824,1
l,1875,1
in,1807,1
i,1811,1
hirono,1906,1
is,1821,1
i,1803,1
is,1848,1
l,1855,1
l,1818,1
in,1860,1
is,1862,1
in,1846,1
lewinsky,1886,1
i,1793,1
in,1861,1
is,1773,1
j,1964,1
in,1819,1
kervanbashi,1865,250
is,1820,1
in,1821,1
in,1892,1
imdeff,1936,849
i,1860,1
l,1851,1
j,1875,1
i,1853,1
i,1822,1
i,1822,1
in,1816,1
in,1852,1
i,1866,2
is,1822,1
l,1802,1
l,1896,1
j,1809,1
is,1988,10
l,1822,2
is,1828,1
l,1960,1
is,1700,1
l,1894,1
in,1824,1
l,1815,1
i,1960,1
in,1708,1
is,1799,1
l,1804,1
l,1838,1
in,1837,1
in,1807,1
instance,1811,1
i,1830,1
i,1971,1
i,1847,1
j,1776,1
is,1883,1
in,1887,1
i,1852,1
l,1819,1
i,1808,1
is,1878,1
itemize,1800,1
igabutang,2017,9
in,1867,1
information,1970,1
in,1478,1
l,1845,1
l,1854,1
i,1787,1
l,1861,1
is,1855,1
is,1860,1
in,1842,1
in,1803,1
is,1806,1
is,1831,1
in,1872,1
is,1811,1
i,1838,1
in,1898,1
is,1813,1
information,1820,1
l,1867,1
is,1872,1
j,1885,1
i,1862,1
in,1797,1
i,1833,1
intervenor,1832,12
i,1832,1
interneurs,1969,574
l,1813,1
is,1846,1
in,1808,1
l,1838,1
l,1900,3
in,1813,1
l,1896,6
i,1810,1
is,1601,1
information,2005,5
inches,1894,1
is,1803,1
l,1837,1
i,1810,1
i,1893,1
is,1840,1
is,1809,1
l,1808,1
l,1874,1
jugomandibular,1890,3
l,1803,1
i,1834,2
i,1955,1
l,1815,2
l,1793,1
in,1805,1
instance,1771,1
l,1810,1
is,1822,1
is,1840,1
l,1963,2
j,1810,1
l,1812,1
l,1918,1
is,1801,1
l,1803,1
hoopdriver,1845,6
i,1827,1
in,1805,1
i,1914,1
i,1838,1
in,1871,1
l,1807,1
in,1828,1
i,1853,1
l,1814,1
in,1923,1
intervenor,1759,1
in,1762,1
in,1820,1
instance,1983,2
intervenor,1832,12
information,1951,1
in,1808,1
is,2009,15
information,2007,4
l,1890,1
i,1820,1
i,1803,1
information,1798,1
in,1904,1
l,1781,1
i,1903,1
in,1822,1
is,1806,1
l,1808,1
in,1864,1
is,1815,1
i,1893,1
is,1998,1
in,1809,1
i,1985,1
in,2006,2
is,1997,1
i,1826,1
in,1767,1
i,1868,1
in,1859,1
information,1472,65
l,1737,1
in,1853,1
in,1832,1
information,1964,1
i,1849,1
in,1812,1
in,1823,1
i,1803,1
hochberg,1911,1
information,1807,1
j,2000,1
j,1808,1
j,1880,1
is,1844,1
in,1856,1
i,1812,1
highway,1505,6
j,1808,1
l,1834,1
i,1782,1
lieberman,1717,1
in,1808,1
l,1916,1
is,1797,1
in,1783,1
is,1827,1
i,1742,1
in,1814,1
i,1851,1
is,1839,1
i,1867,1
i,1874,2
l,1785,1
in,1809,1
i,1799,1
i,1811,1
in,1746,1
is,1817,1
l,1699,1
j,1871,1
is,2007,2
i,1811,1
in,1825,1
i,1834,1
is,1819,1
igraph,1852,1
innotative,1933,755
is,1818,1
is,1830,1
is,1999,1
in,1830,1
information,1807,1
is,2011,11
l,1798,1
intervenor,1701,1
is,1873,1
is,1854,1
i,1781,1
is,1813,1
in,1832,1
in,1813,1
instance,1848,2
is,1760,1
is,1853,1
j,1815,1
in,1774,1
in,1886,1
in,1806,1
i,1805,1
i,1803,1
is,1842,1
information,1900,1
in,1793,1
j,1724,1
information,1918,1
l,1821,1
in,1826,1
innotative,1933,646
i,1827,1
l,1874,1
i,1793,1
in,1816,1
in,1470,19
i,1790,1
l,1816,1
in,1831,1
landpale,2017,504
i,1712,1
in,1801,1
in,1816,1
ldap,1994,2
l,1839,1
l,1981,1
i,1818,1
is,1810,1
jacobellis,1960,2
in,1723,1
i,1742,1
i,1860,1
i,1793,1
j,1686,1
i,1831,1
in,1811,1
l,1816,1
in,1908,1
l,1814,1
l,1811,1
in,1857,1
in,1749,1
is,1699,1
ldap,1997,72
hkey,1823,1
hypoxi,1914,1
in,1787,1
l,1790,1
is,1816,1
in,1922,1
is,1795,1
i,1811,1
l,1832,1
in,1880,1
is,1862,1
l,1862,1
in,1910,1
in,1832,2
l,1816,1
is,1839,1
lieberman,1929,1
information,1889,2
l,1816,2
in,1854,1
j,1818,1
in,1804,1
j,1812,1
i,1807,1
l,1810,1
in,1817,1
in,1830,1
in,1840,1
in,1824,1
is,1864,1
in,1861,1
information,2009,10
instance,2001,2
is,1910,1
in,1801,1
l,1790,1
is,1794,1
in,1803,1
in,1900,1
l,1883,1
is,1827,1
i,1860,1
i,1851,1
is,1812,1
in,1900,1
in,1816,1
l,1823,1
in,1875,1
l,1985,1
is,1777,1
l,1862,1
in,1614,1
l,1952,1
is,1995,2
in,1763,1
j,1820,1
in,1806,1
in,1716,1
i,1840,1
in,1810,1
i,1826,1
l,1837,1
in,1799,1
leahy,1736,1
ldap,1999,9
is,1773,1
in,1809,1
is,1822,1
i,1812,1
is,1903,1
in,1906,2
l,1806,1
l,1820,1
in,1814,1
i,1811,1
is,1900,2
l,1815,1
l,1793,1
in,1813,1
l,1893,1
is,1989,1
i,1684,1
in,1831,1
l,1852,1
in,1894,1
i,1664,1
i,1841,1
i,1804,1
l,1823,1
is,1793,1
i,1841,1
in,1908,1
i,1854,2
l,1822,1
i,1867,1
l,1709,1
information,1803,1
lautenberg,1919,2
in,1825,1
i,1789,1
j,1812,2
in,1553,1
i,1852,1
i,1807,1
i,1678,1
i,1759,1
is,1818,1
is,1870,1
is,1852,1
hypocotyl,1894,5
in,1819,1
i,1851,1
l,1803,1
is,1700,1
in,1870,1
in,1859,1
is,1856,1
is,1818,1
j,1703,1
in,1832,1
is,1811,1
is,1470,7
i,1812,1
is,1868,2
i,1844,1
is,1996,1
information,1803,1
j,1809,1
is,1915,1
i,1850,1
is,1800,1
j,1845,1
in,1470,19
is,1810,1
l,1814,1
in,1809,1
information,1886,1
l,1870,1
i,1582,1
in,1850,1
i,1857,1
is,1900,1
l,1863,1
l,1856,1
in,1805,1
i,1986,1
in,1796,1
l,1973,2
in,1813,1
i,1826,1
l,1919,1
j,1913,1
landrieu,1913,1
i,1854,1
is,1808,1
i,1472,1
i,1708,1
l,1809,1
i,1790,1
is,1807,2
l,1934,1
in,1803,1
in,1757,1
l,1864,1
i,1852,1
in,1821,1
ldap,1997,36
l,1992,7
i,1855,1
i,1846,1
hypocotyl,1839,12
in,1792,1
in,1832,1
in,1823,1
i,1756,1
i,1489,1
is,2007,1
in,1734,1
in,1490,1
j,1959,1
i,1699,1
i,1836,1
in,1804,1
is,1739,1
l,1912,2
is,1811,1
l,1985,8
in,1828,1
l,1776,1
is,1818,1
i,1719,1
is,1846,1
hkey,1860,1
in,1572,1
in,1858,1
l,1816,1
in,1940,1
is,1813,1
is,1883,1
is,2005,12
is,1833,1
in,1834,1
l,1821,1
i,1842,1
inhofe,1919,1
is,1851,1
is,1711,1
l,1896,1
is,1804,1
j,1859,1
in,1816,1
in,1820,1
l,1811,1
is,1838,1
is,1814,1
is,1823,2
is,1818,1
i,1959,1
in,1804,1
is,1833,1
in,1814,1
i,1820,1
information,1969,1
j,1824,1
l,1806,1
ldap,1999,11
in,1856,1
in,1807,1
i,1477,1
is,1810,1
in,1901,4
instance,1839,1
jagory,1807,13
l,1816,1
in,1812,2
is,1808,1
is,1811,1
l,1869,1
is,1822,1
is,1984,1
in,1898,1
l,1815,1
in,1765,1
imageobserver,1969,1
is,1808,1
in,1824,1
l,1865,1
in,1848,1
in,1826,1
in,1830,1
i,1791,1
information,1817,1
intervenor,1880,1
in,1820,1
i,1879,1
i,1847,1
is,1903,2
l,1822,1
i,1768,1
in,1821,1
is,1843,1
in,1888,1
in,1819,1
l,1806,1
in,1808,1
is,1797,1
is,1816,1
i,1883,1
in,1817,1
i,1878,1
in,1844,1
is,1762,1
j,1790,1
i,1737,1
is,1832,1
l,1862,1
is,1836,1
is,1840,2
in,1792,1
in,1909,2
i,1840,1
in,1825,1
in,1704,1
in,1854,1
information,2007,1
is,1736,1
in,1880,2
in,1813,1
in,1876,1
in,1813,1
in,1806,1
in,1815,1
in,2008,4
is,1838,1
in,1604,1
in,1873,1
ldap,1997,1
l,1757,1
l,1833,1
is,1857,1
in,1874,1
in,1878,1
is,1816,1
l,1836,1
i,1824,1
in,1882,1
in,2000,1
in,1803,1
in,1831,1
i,1816,1
is,1836,1
in,1860,1
j,1838,1
i,1756,1
is,1846,1
l,1828,1
intervenor,1832,103
in,1501,1
is,1826,1
is,1869,1
ichthin,1855,545
in,1806,1
in,1779,1
i,1886,1
i,1800,1
j,1788,1
in,1808,1
i,1798,1
l,1892,1
i,1796,1
is,1806,1
l,1832,2
i,1754,1
is,1908,1
j,1702,1
is,1909,1
l,1832,1
ldap,2000,1
in,1867,1
in,1812,3
i,1883,1
in,1838,1
i,1982,13
in,1873,1
i,1867,1
l,1804,1
hrprs,1991,14
is,1801,1
l,1811,1
l,1499,1
inches,1480,1
l,1845,1
i,1817,1
is,1808,1
l,1825,1
in,1837,1
i,1853,1
i,1842,1
l,1826,1
in,1772,1
j,1731,1
i,1818,2
ldap,1997,55
ispaperan,2012,934
l,1883,1
in,1817,1
in,1809,1
i,1804,1
i,1814,1
in,1798,1
is,1760,1
i,1825,1
is,1835,1
is,1781,1
is,1835,1
l,1875,1
in,1822,1
is,1808,1
in,1902,1
is,1844,1
j,1885,2
itemize,1874,2
in,1820,1
l,1836,1
is,1852,3
instance,1986,3
information,1869,1
l,1802,1
is,1810,1
in,1889,1
in,1702,1
i,1844,1
is,1805,1
j,1875,1
i,1876,1
l,1817,1
in,1805,1
is,1818,1
i,1864,1
in,1804,1
is,1828,1
hypocotyl,1877,2
in,1830,1
in,1815,1
i,1931,1
in,1899,4
in,1793,1
is,1814,1
is,1902,1
inches,1855,1
l,1859,1
in,1857,1
l,1803,1
in,1792,1
in,1824,1
in,1834,2
in,1828,1
i,1499,2
i,1909,1
in,1846,1
i,1747,1
l,1828,1
j,1911,1
i,1807,1
is,1987,5
is,1835,1
i,1841,1
is,1853,1
in,1885,1
l,1470,2
i,1836,1
i,1814,1
l,1832,4
is,1823,1
in,1761,1
in,1910,1
i,1757,1
is,1797,1
is,1766,1
is,1784,1
in,1794,1
in,1857,1
l,1827,1
l,1911,1
i,1845,1
l,1840,1
in,1984,1
in,1796,1
in,1786,1
jpccck,2013,548
l,1822,1
l,1817,1
j,1790,1
l,1811,1
in,1876,1
l,1849,1
in,1819,1
is,1832,1
in,1834,1
is,1968,1
l,1816,1
i,1820,1
is,1804,1
in,1812,1
in,1853,1
is,1921,1
l,1824,1
in,1813,1
l,1827,1
in,1813,1
i,1825,1
i,1820,1
l,1770,1
hypoxi,1947,1
in,1829,1
in,1702,1
highway,1824,3
l,1803,1
l,1828,1
in,1721,1
is,1820,1
in,1792,1
in,2003,2
is,1786,1
in,1833,2
i,1827,1
is,1875,1
i,1955,1
is,1925,1
j,1827,1
is,1820,1
is,1772,1
inches,1821,1
in,1796,1
in,1824,1
in,1838,1
l,1864,1
highway,1851,1
is,1867,1
in,1844,1
i,1855,1
l,1833,1
j,1809,1
l,1851,1
l,1821,1
is,1858,1
is,1814,1
i,1716,1
i,1821,1
is,1814,1
in,1816,1
is,1811,1
is,1857,1
j,1886,1
in,1810,1
in,1801,1
i,1833,1
highway,1768,1
i,1814,1
l,1826,1
l,1805,1
instance,2006,14
i,1875,1
in,1803,1
i,1876,1
l,1969,1
information,1979,1
in,1850,2
l,1807,1
l,1808,1
l,1804,2
l,1821,1
is,1999,1
l,1803,1
i,1722,1
l,1839,1
in,1783,1
j,1887,1
is,1993,4
i,1824,1
is,1918,1
in,1808,1
is,1820,1
in,1812,1
in,1767,1
in,1881,1
i,1825,1
l,1868,1
in,1805,1
is,1820,1
inhofe,1987,4
in,1804,1
i,1871,1
in,1878,1
is,1811,1
in,1793,1
is,1820,1
l,1848,1
information,1966,1
in,1614,1
in,1758,1
in,1845,1
imageobserver,1969,1
inches,1889,1
is,1764,1
l,1808,1
jagory,1807,17
in,1804,1
is,1853,1
jugomandibular,1923,1
in,1830,1
l,1827,1
himegimi,1915,14
is,1697,1
in,1878,1
l,1856,1
is,1825,1
l,1809,1
l,1816,1
i,1808,1
in,1803,1
in,1820,1
is,1818,1
l,1798,1
information,1960,1
in,1875,1
in,1989,1
in,1810,2
information,1900,1
l,1840,1
l,1878,1
in,1990,1
l,1759,1
is,1822,1
is,1853,1
i,1789,1
is,1917,1
i,1813,1
ldap,1915,1
is,1751,1
l,1856,2
l,1815,1
in,1806,1
in,2001,1
in,1772,1
is,1850,1
ldap,1997,62
l,1816,1
i,1806,1
i,1867,3
in,1805,1
l,1827,1
in,1861,1
in,1816,1
l,1810,1
in,1832,1
hyperpyraemia,1905,1392
is,1828,1
is,1832,1
l,1813,1
in,1844,1
is,1848,1
i,1865,1
is,1987,2
instance,1986,1
in,1840,1
kouli,1753,58
in,1851,1
information,1797,1
l,1826,1
in,1807,1
l,1951,1
information,1964,1
information,1886,1
l,1866,1
in,1791,1
is,1717,1
in,1811,1
l,1822,1
is,1820,1
l,1826,1
is,1823,1
information,1801,1
information,2009,3
l,1803,1
information,1894,3
is,1877,1
in,1804,1
i,1828,1
l,1907,1
i,1676,1
is,1814,1
in,1828,1
i,1499,1
is,1999,2
l,2000,2
in,1832,1
is,1804,1
i,1831,1
l,1807,1
in,1868,1
in,1871,1
l,1852,1
in,1819,1
in,1801,1
in,1819,1
in,1851,1
i,1880,2
information,1942,1
j,1812,1
j,1795,1
in,1851,1
j,1948,1
is,1878,1
in,1785,1
in,1812,4
inches,1472,4
i,1810,1
is,1942,1
is,1841,1
l,1828,1
l,1991,2
in,1815,1
i,1811,1
in,1823,1
is,1932,1
is,1827,1
is,1858,1
l,1854,1
l,1804,1
in,1812,1
i,1887,1
in,1662,1
in,1848,1
in,1788,1
l,1805,1
j,1878,1
l,1871,1
l,1850,1
in,1840,1
is,1807,1
is,1833,1
is,1808,1
in,1900,1
is,1809,1
in,1821,1
i,1827,1
l,1862,1
in,1878,1
in,1865,1
i,1816,1
is,1908,1
l,1826,1
in,1684,1
is,1919,1
is,1848,1
is,1789,1
in,1866,1
is,1810,1
l,1839,1
l,1814,1
in,2003,1
in,1816,1
i,1875,1
ldap,1997,30
is,1791,1
l,1824,1
instance,1765,1
j,1736,1
l,1850,1
l,1910,1
in,1816,1
is,1812,1
j,1892,1
in,1593,1
l,1829,1
interneurs,1969,99
l,1800,1
in,1800,1
j,1856,1
in,1714,1
in,1878,1
l,1884,1
l,1831,1
is,1939,1
l,1812,1
l,1813,1
j,1841,1
j,1882,1
in,1842,1
l,1793,1
is,1806,1
is,1879,1
l,1878,1
in,1808,1
in,1898,1
i,1753,1
is,1812,1
i,1759,1
in,1716,1
l,1850,1
in,1805,1
in,1868,1
in,1654,1
l,1480,6
i,1797,1
hypocotyl,1839,12
j,1822,1
ibm,1727,1
in,1923,1
is,1937,1
instance,1472,4
ldap,1999,9
in,1814,1
l,1847,1
in,1803,1
l,1910,2
is,1843,1
ibm,1786,1
is,1841,1
i,1820,1
in,1980,2
in,1833,1
is,1799,1
l,1812,1
in,1658,1
in,1830,1
kalodner,1939,1
in,1805,1
is,1927,1
is,1817,1
in,2009,18
in,1812,1
i,1856,1
is,1738,1
is,1852,1
in,1804,1
in,1816,1
is,1837,1
is,1812,1
in,1831,1
is,1824,1
is,1806,1
is,1780,1
in,1801,1
l,1803,1
is,1853,1
is,1763,1
i,1832,1
in,1810,1
i,1757,1
is,1809,1
l,1875,1
inches,1887,1
i,1809,1
l,1819,1
in,1939,1
in,1758,1
j,1662,2
is,1782,1
j,2001,11
in,1830,1
highway,1919,1
i,1856,1
j,1824,1
hnited,1553,1
in,1806,1
in,2001,11
kefauver,1957,2
in,1819,1
l,1821,1
i,1878,1
l,1997,1
is,2000,1
in,1819,1
in,1698,1
in,1849,1
l,1700,1
i,1946,1
in,1794,1
is,1868,1
landed,1658,1
is,1826,1
in,1900,1
is,1832,1
l,1812,1
i,1797,1
i,1651,2
information,1814,1
l,1897,1
j,1824,1
in,1837,1
l,1737,1
is,1872,1
in,1812,1
in,1816,1
is,1801,1
l,1830,1
is,1782,1
is,1777,1
j,1812,2
information,1900,1
i,1822,1
l,1607,1
is,1981,1
l,1956,1
is,1803,1
i,1739,1
is,1819,1
in,1762,1
i,1825,1
in,1851,1
l,1831,1
is,1851,1
is,1942,1
l,1812,1
in,1916,1
in,1801,1
in,1757,1
l,1800,1
in,1817,1
is,1817,1
information,2005,1
l,1806,1
i,1756,1
in,1836,1
i,1684,1
i,1825,1
in,1840,1
in,1830,1
is,1470,7
i,1727,1
information,2009,10
in,1815,1
l,1872,2
in,1946,1
l,1810,1
l,1837,1
l,1815,1
i,1873,1
is,1807,1
is,1831,1
l,1817,1
i,1835,1
in,1848,1
is,1805,1
isserman,1501,1
i,1835,1
l,2000,1
l,1808,1
is,1731,1
l,1754,1
i,1812,1
l,1826,1
l,1821,2
in,1757,1
icdn,1820,1
is,1832,1
is,1999,2
is,1771,1
is,1860,1
l,1832,1
in,1844,1
is,1801,1
is,1905,1
in,1842,1
l,1833,1
in,1888,1
highway,1472,3
hypocotyl,1892,1
i,1822,1
in,1832,1
intervenor,1832,1
in,1808,1
in,1882,1
in,1807,1
in,1788,1
in,1919,1
is,1855,1
in,1807,2
is,1876,1
in,1816,1
information,1998,1
is,1814,1
i,1828,1
in,1837,1
is,1836,1
in,1823,1
l,1815,1
in,1823,1
kefauver,1915,1
l,1824,1
hkey,1993,3
is,1836,1
is,1888,1
i,1808,1
i,1833,1
i,1833,1
kapkaps,1933,1253
is,1988,6
in,1852,1
l,1762,1
is,1809,1
in,1868,1
is,1825,1
i,1820,1
l,1816,1
i,1757,1
is,1818,1
i,1761,2
ispaperan,2012,967
i,1850,1
is,1836,1
is,1808,1
in,1827,1
l,1800,1
i,1876,1
l,1819,1
in,1708,1
in,1856,1
i,1880,2
instance,1979,1
is,1832,1
i,1824,1
in,1826,1
is,1797,1
i,1892,1
is,1700,1
l,1817,1
i,1819,1
in,1801,1
i,1859,1
in,1854,1
in,1807,1
l,1856,1
in,1829,1
i,1900,1
l,1737,1
is,1823,1
l,1832,1
is,1813,1
in,1787,1
is,1990,6
l,1821,1
is,1710,1
in,1835,1
l,1816,1
i,1862,1
i,1777,1
j,1804,1
is,1928,1
in,1763,1
izali,1759,1
is,1907,1
l,1805,1
in,1845,1
in,1908,1
is,2002,3
in,1820,1
l,1882,1
kinergety,1898,693
in,1827,1
l,1825,1
konstanty,1907,1
in,1832,1
in,1990,1
in,1806,1
in,1913,1
is,1917,1
in,1792,1
i,1802,1
in,1814,1
i,1800,1
in,1806,1
is,1749,1
l,1841,1
is,1802,1
is,1818,1
i,1854,1
in,1834,1
i,1853,1
i,1909,1
information,2000,1
in,1475,1
l,1849,1
l,1972,1
l,1803,1
i,1761,1
l,1849,1
i,1833,1
information,1904,1
i,1855,1
i,1769,1
instance,1810,1
in,1811,1
in,1802,1
is,1841,1
is,1867,1
in,1822,1
l,1737,1
in,1803,1
is,1815,1
i,1796,1
i,1795,1
l,1812,1
is,1801,1
l,1825,1
l,1817,1
is,1713,1
l,1855,1
is,1808,1
l,1837,2
i,1775,1
l,1806,1
in,1810,1
in,1961,1
in,1906,1
is,2001,6
l,1833,1
i,1806,1
l,1800,1
in,1823,1
l,1809,1
is,1821,1
in,1780,1
in,1851,1
is,1787,1
l,1872,1
j,1814,1
in,1795,1
in,1856,1
i,1792,1
l,1807,1
in,1659,1
l,1878,1
i,1734,1
in,1859,1
is,1840,1
in,1905,1
is,1807,1
l,1898,1
is,1917,1
i,1870,1
is,1806,1
l,1757,1
is,1908,1
in,1829,1
is,1833,1
in,1848,1
l,1470,2
is,1825,1
is,1808,1
l,1879,2
l,1864,1
l,1843,2
l,1823,1
lavarcham,1910,1
in,1804,1
i,1799,1
in,1811,1
in,1880,1
is,1839,1
lieberman,1717,1
is,1832,1
is,1998,1
i,1856,1
is,1856,1
is,1817,1
l,1817,1
i,1813,1
is,1850,1
l,1719,1
inches,1856,1
is,1756,1
i,1798,1
l,1816,1
i,1768,1
in,1846,1
l,1858,1
j,1796,1
is,1913,1
information,1999,2
l,1834,1
in,1859,1
is,1842,1
in,1885,1
l,1839,1
l,1816,1
in,1805,1
l,1800,1
j,1962,1
l,1870,1
j,1828,1
is,1867,1
hematologylibrary,2013,573
i,1834,2
j,1845,1
l,1743,1
in,1871,1
is,1915,1
is,1919,1
in,1914,1
is,1805,1
in,1501,1
ldap,1997,30
in,1838,1
l,1832,1
l,1835,1
l,1808,1
is,1835,1
is,1853,2
l,1806,1
j,1937,1
i,1816,1
in,1812,2
i,1915,1
l,1834,1
i,1867,1
l,1897,1
in,1832,1
l,1701,1
in,1812,1
i,1849,1
i,1835,1
in,1833,1
l,1835,1
l,1803,1
l,1878,1
j,1883,2
in,1840,1
l,1829,1
in,1817,1
igraph,1784,1
in,1840,1
isakson,1900,2
in,1693,1
is,1841,1
in,1909,1
i,1812,1
ldap,1968,1
hyperpyraemia,1905,1424
in,1823,1
in,1805,1
is,1723,1
l,1819,1
is,1811,1
in,1805,1
in,1939,1
in,1800,1
is,1812,1
in,1990,2
in,1973,1
in,1735,1
l,1688,2
l,1908,2
in,1814,1
information,1888,2
in,1809,1
in,1805,1
is,1815,1
information,1770,1
in,1773,1
is,1812,1
information,1861,1
i,1797,1
is,1989,2
i,1876,1
l,1808,1
i,1805,1
l,1800,1
is,1855,1
l,1811,1
is,1808,1
in,1863,1
in,1833,1
is,1878,1
l,1816,1
is,2000,3
in,1794,1
in,1815,1
in,1801,1
i,1834,1
in,2003,1
l,1830,1
is,1827,1
in,1866,1
is,1857,1
is,1838,3
l,1937,1
is,1823,1
in,1754,1
j,1848,1
in,1866,1
l,1791,1
is,1812,1
i,1849,3
in,1893,1
i,1990,1
i,1839,1
l,1799,1
is,1831,1
is,1850,2
in,1827,1
l,1856,1
i,1792,1
is,2000,1
landrieu,1930,1
in,1824,1
j,1856,1
in,1799,1
in,1855,1
in,1818,1
in,1812,2
l,1832,1
l,1886,1
i,1824,1
in,1803,1
i,1812,1
is,1996,1
in,1838,1
is,1838,1
l,1937,1
is,1834,1
in,1826,1
is,1800,1
i,1835,1
l,1981,1
i,1716,1
l,1847,2
instance,1900,1
in,1909,2
in,1810,1
l,1844,1
in,1861,1
l,1922,1
l,1808,1
i,1955,1
i,1841,1
j,2000,20
izali,1925,1
in,1746,1
in,1887,1
l,1732,1
i,1776,1
l,1842,1
i,1799,1
in,1808,1
is,1887,1
in,1907,1
is,1834,1
is,1817,1
in,1811,1
in,1812,1
is,1922,1
in,1824,1
is,1983,1
is,1489,1
i,1836,1
l,1849,1
in,1881,1
is,1796,1
l,1826,1
i,1644,1
l,1814,1
in,1767,1
in,1472,6
i,1824,1
i,1803,1
in,1507,1
i,1808,1
in,1734,1
information,1894,1
l,1863,1
l,1798,1
l,1810,1
in,1881,1
in,1806,1
l,1809,1
is,1855,1
l,1703,1
in,1811,1
in,1814,1
i,1888,1
in,1876,1
institutionhouse,2002,1007
in,1856,1
l,1822,2
in,1684,1
l,1844,1
in,1828,1
is,1781,1
i,1797,1
in,1805,1
in,1775,1
is,1857,1
is,2009,5
j,1820,1
in,1805,1
is,2000,1
in,1805,1
instance,1765,1
l,1987,1
in,1862,1
in,1859,1
i,1892,1
l,1865,1
highway,1808,1
l,1878,1
l,1850,1
is,1850,1
i,1807,1
inouye,1888,1
l,1951,1
in,1784,1
in,1804,1
i,1796,1
in,1746,1
information,2005,3
is,1808,1
itemize,1553,1
l,1813,1
is,1800,1
in,1822,1
in,1812,1
l,1749,1
information,1998,1
l,1793,1
in,1860,1
karadan,1797,2
l,1867,1
l,1820,1
in,1870,1
in,1830,1
l,1808,2
is,1992,1
in,1855,1
l,1824,1
j,1950,1
instance,1986,1
in,2001,1
l,1887,1
l,1820,1
is,1857,2
l,1833,1
in,1807,1
in,1800,1
in,1859,1
is,1995,1
in,1839,1
in,1809,1
j,1895,1
i,1868,1
is,1869,1
is,2009,8
is,1987,1
i,1811,1
information,1858,1
in,1822,1
in,1808,1
i,1855,1
is,1804,1
l,1819,1
in,1808,1
i,1852,1
l,1842,1
is,1814,1
is,1850,1
i,1855,1
in,1810,1
in,1812,1
l,1500,1
in,1839,1
jacobellis,1960,2
l,1790,1
in,1812,1
in,1846,1
is,1828,1
is,1807,1
l,1776,1
j,1734,1
highway,1701,1
i,1830,1
i,1837,1
in,1818,1
information,1858,1
is,1818,1
l,1824,1
in,1849,1
is,1832,1
l,1985,2
is,1611,1
i,1845,1
j,1795,1
j,1809,1
in,1535,1
l,1880,1
j,1899,1
information,1894,3
in,1837,1
l,1826,1
i,1844,1
l,1836,1
in,1751,1
l,1837,1
ldap,1997,38
is,1937,1
is,2001,2
in,1812,1
i,1875,1
is,1784,1
is,1834,1
in,1721,2
is,1836,1
is,1987,1
l,1851,1
is,1804,1
in,1753,1
ibm,1578,1
in,1803,1
i,1684,1
in,1895,1
i,1777,1
in,1919,3
l,1828,1
is,1829,1
is,1814,1
is,1832,1
in,1847,1
is,1837,1
is,1800,1
is,2000,3
in,1825,1
in,1817,1
i,1960,1
l,1808,1
l,1872,1
l,1789,1
information,1811,1
l,1808,1
l,1832,1
is,1821,1
is,1850,1
information,1907,1
i,1971,1
ldap,1915,1
i,1808,1
l,1805,1
i,1833,1
is,1861,1
is,1829,1
in,1800,1
l,1838,1
is,1863,1
l,1811,1
is,1697,1
is,1816,1
l,1809,1
in,1830,1
is,1827,1
i,1817,1
l,1969,2
komadugu,1857,390
is,1861,1
in,1810,1
l,1783,1
highway,1888,1
inches,1843,1
is,1871,1
l,1816,1
l,1808,1
is,1777,1
in,1820,1
is,1851,1
information,1971,1
is,1968,1
in,1800,1
l,1811,1
information,2007,2
in,1808,1
l,1882,1
j,1824,1
in,1856,1
in,1758,1
l,1802,1
l,1847,1
l,1742,1
is,1818,1
is,1868,2
lewinsky,1886,1
in,1879,1
is,1844,1
in,1907,1
l,1817,1
in,1852,1
in,1807,1
i,1861,1
is,1831,1
is,1832,1
l,1835,1
l,1830,1
is,1803,1
is,1852,1
i,1799,1
is,1851,1
in,1853,1
i,1744,1
in,1842,1
l,1962,1
l,1823,1
in,1822,1
in,1830,1
is,1804,1
in,1796,1
in,1852,3
i,1783,1
laserdisk,1936,1
hnited,1553,1
l,1819,1
i,1835,1
l,1810,1
i,1859,1
l,1820,1
in,1816,1
in,1803,1
in,1905,1
l,1848,1
i,1861,1
in,1805,1
is,1845,2
l,1862,1
in,1845,1
l,1833,1
in,1850,1
is,1732,1
in,1820,1
in,1820,1
information,1853,2
is,1685,1
in,1796,1
is,2005,4
is,1801,1
in,1805,1
in,1812,2
is,1875,1
ldap,2000,6
i,1898,1
in,1822,1
i,1817,1
in,1737,1
i,1853,1
in,1867,1
in,1873,1
l,1879,1
i,1823,1
in,1812,1
information,1906,1
in,1819,1
ldap,1997,34
l,1802,1
in,1805,1
l,1911,1
in,1854,1
in,1765,1
i,1781,1
i,1832,1
j,1475,14
inches,1815,1
l,1854,1
j,1963,1
l,1806,1
i,1854,1
i,1830,1
l,1895,1
i,1872,1
in,1807,1
l,1850,1
i,1779,1
i,1809,1
icdn,1850,1
in,1803,1
in,1845,1
l,1808,1
is,1803,1
l,1688,2
in,1801,1
l,1851,1
i,1900,1
i,1841,1
in,1749,1
l,1903,4
i,1800,1
l,1851,1
is,1742,1
is,1809,1
i,1887,1
l,1869,1
l,1834,1
l,1797,1
is,1840,1
in,1793,1
is,1853,1
in,1860,1
is,1844,1
is,1794,1
l,1826,1
i,1793,1
is,1805,1
l,1827,1
is,1819,1
i,1808,1
i,1849,2
in,1846,1
intervenor,1701,1
is,2001,1
i,1987,2
i,1781,1
is,1852,1
konstanty,1833,1
in,1891,1
l,1825,1
in,1809,1
j,1959,1
hkey,1805,1
i,1839,1
i,1817,1
i,1676,1
in,1850,1
is,1848,1
l,1804,1
is,1813,1
l,1823,1
in,1687,1
i,1747,1
ichthin,1855,559
i,1832,1
is,1987,1
in,1780,1
is,1824,1
is,1829,1
in,1788,1
in,1839,1
l,1850,1
in,1856,1
l,1969,1
is,1926,1
is,1861,1
l,1808,1
l,1826,1
l,1809,1
in,1825,1
i,1863,1
in,1830,1
is,1836,1
l,1817,1
j,1868,1
information,1973,7
i,1916,1
l,1869,2
l,1812,1
inches,1472,4
itemize,1902,4
is,1811,2
i,1848,1
in,1686,1
in,1753,1
j,1759,1
landpale,2017,576
is,1981,5
l,1808,1
in,2000,1
interneurs,1969,475
in,1854,1
is,1873,1
i,1832,1
in,1810,1
i,1837,1
is,1848,1
l,1816,1
l,1721,1
in,1861,1
in,1800,1
is,1806,1
in,1836,1
l,1832,1
is,1824,1
is,1812,1
in,1832,1
in,1888,1
l,1830,1
is,1854,1
is,1820,1
i,1986,6
is,1826,1
i,1839,1
is,1848,1
in,1478,1
ldap,1887,1
is,1844,1
lewinsky,1981,1
information,1900,1
l,1816,1
is,1809,1
in,1842,1
l,1715,1
l,1834,1
is,1854,1
in,2008,3
is,1808,1
in,1811,1
l,1837,1
i,1821,1
is,1850,1
is,1838,1
i,1830,1
l,1890,1
in,1851,1
is,1846,1
is,1821,1
l,1913,1
information,1973,7
landrieu,1913,1
highway,1833,1
l,1800,1
is,1982,6
is,1803,1
in,1796,1
l,1817,1
is,1809,1
hrprs,1991,14
in,1823,1
l,1810,1
intervenor,1832,2
in,1809,1
inhofe,1780,1
in,1830,1
in,1817,2
i,1861,1
himegimi,1915,4
in,1856,1
igabutang,2017,746
l,1500,1
in,1809,1
l,1811,1
i,1819,1
in,1811,1
in,1818,1
is,1802,1
inches,1894,1
i,1659,1
in,1829,1
in,1617,1
in,1829,1
is,1814,1
in,1832,1
l,1793,1
in,1889,1
is,1843,1
information,1985,1
j,1994,2
information,1764,1
in,1812,1
in,1839,1
i,1781,1
in,1818,1
information,1981,1
in,2003,2
is,1870,1
i,1806,1
komadugu,1857,66
i,1810,1
is,1793,1
i,1850,1
l,1834,1
in,1812,1
in,1807,1
information,1907,1
l,1737,1
l,1835,1
i,1830,1
i,1816,1
l,1808,1
i,1793,1
is,1877,1
l,1851,1
l,1816,1
i,1745,1
i,1834,1
in,1838,1
in,1889,1
i,1955,3
in,1844,1
in,1827,1
in,1822,1
in,1809,1
in,1808,1
i,1847,1
l,1790,1
in,1816,1
l,1832,1
in,1849,1
i,1657,1
l,1804,1
is,1787,1
i,1821,1
is,1818,1
in,1811,1
is,1820,1
in,1796,1
l,1815,1
in,1840,1
l,1823,1
information,1798,1
in,1807,1
l,1813,1
l,1997,2
j,1687,1
is,1858,1
in,1871,1
j,1802,1
ldap,1825,1
i,1792,1
i,1811,1
in,1808,1
is,1985,1
in,1853,1
kouli,1753,7
in,1811,1
is,1825,1
is,1873,2
is,1850,1
l,1827,2
l,1839,1
l,1814,1
in,1806,1
information,1825,1
in,1876,1
l,1800,1
in,1824,1
information,1998,4
l,1790,1
is,1777,1
is,1815,1
l,1836,1
i,1816,1
is,1830,1
j,1842,1
i,1826,1
in,1834,1
ldap,1999,11
in,1860,1
l,1829,1
i,1858,1
is,1795,1
is,1813,1
in,2001,1
l,1822,1
in,1878,1
information,1561,1
is,1827,1
in,1866,1
is,1805,1
is,1979,2
i,1806,1
in,1877,1
institutionhouse,2002,949
ipados,2019,848
in,1832,1
l,1816,1
is,1984,5
l,1832,1
in,1848,1
is,1831,1
in,1744,1
l,1732,1
i,1812,1
l,1802,1
is,1793,1
l,1815,1
l,1826,1
in,1826,1
i,1850,1
in,1833,1
in,1820,1
is,1899,1
in,1728,1
in,2001,1
is,1861,1
i,1844,1
is,1838,1
i,1781,1
i,1869,1
in,1808,1
is,1794,1
in,1766,1
i,1884,1
is,1505,1
l,1860,1
information,1906,1
i,1812,1
instance,1472,4
j,1839,1
j,1703,1
in,1820,1
i,1824,1
l,1918,1
l,1872,1
in,1984,1
l,1807,1
i,1867,1
i,1841,1
is,1823,1
information,1899,1
in,1850,1
in,1798,1
in,1800,1
is,1819,1
i,1873,1
is,1710,1
instance,1848,2
information,1894,3
in,1780,1
i,1834,1
l,1816,1
in,1969,1
i,1892,1
i,1742,1
l,1825,1
information,1959,1
is,1807,1
l,1812,1
information,2002,2
is,1853,1
in,1852,1
isakson,1900,2
in,1811,1
in,1809,1
l,1952,1
in,1853,1
is,1832,1
is,1812,1
i,1708,1
i,1811,1
in,1807,1
is,1809,1
information,1998,1
in,1835,1
l,1807,1
in,1854,1
in,1825,1
in,1748,1
l,1821,1
l,1996,1
lautenberg,1900,1
l,1815,1
l,1904,1
i,1834,1
in,1827,1
is,1719,1
in,1833,1
is,1742,1
i,1644,1
is,1809,1
i,1813,1
l,1815,1
is,1851,1
in,1744,1
i,1747,1
in,1767,1
l,1835,1
in,1839,1
in,1808,1
is,1809,1
in,1902,1
in,1808,1
information,1899,1
in,1821,1
is,1870,1
in,1813,1
in,1808,1
is,1820,1
in,1899,1
i,1805,1
l,1862,1
in,1780,1
i,1804,1
in,1660,1
in,1807,1
l,1949,1
in,1807,1
in,1808,1
l,1893,1
is,1848,1
i,1814,1
information,1931,1
i,1844,1
l,1813,1
is,1701,1
i,1811,1
in,1836,1
is,1984,1
l,1805,1
in,1821,1
in,1845,1
l,1700,1
is,1857,2
is,1855,1
i,1803,1
l,1827,1
in,1836,1
i,1793,1
j,1855,1
in,1793,1
l,1834,2
in,1811,1
in,1831,1
l,1800,2
izali,1759,1
in,1848,1
is,1808,1
l,1892,1
l,1873,1
i,1848,1
l,1828,1
l,1832,1
i,1742,1
l,1853,1
i,1784,1
j,1830,1
in,1813,1
i,1849,1
i,1657,1
is,1991,1
l,1856,1
i,1854,1
l,1830,1
in,1853,1
l,1823,1
in,1877,1
is,1814,1
hematologylibrary,2013,577
is,1844,1
instance,1833,1
in,1850,1
is,1794,1
in,1855,1
is,1807,1
j,1899,1
l,1832,1
information,1823,1
in,1820,1
j,1814,1
is,1841,1
in,1834,1
in,1814,1
i,1860,1
l,1960,1
in,1837,1
instance,1798,1
in,1809,1
in,1768,1
is,1855,1
l,1987,1
in,1809,1
is,1888,1
in,1535,1
l,1913,1
j,1804,1
l,2000,3
l,1843,1
is,1828,1
is,1819,1
is,1743,1
i,1801,1
is,1926,2
karadan,1797,2
in,1795,1
l,1822,1
is,1824,1
is,2001,2
leahy,1736,1
i,1869,1
is,1838,1
i,1818,1
i,1866,1
is,1877,1
information,1770,1
i,1789,1
is,1625,1
l,1761,1
in,1834,1
in,1813,1
l,1812,1
l,1813,1
l,1860,1
l,1822,1
is,1701,1
is,1799,1
i,1806,1
i,1808,1
information,1904,1
in,1824,1
in,1847,1
l,1707,1
in,1814,1
in,1852,1
i,1806,1
l,1854,1
is,1832,1
l,1820,1
in,1815,1
is,1832,1
l,1997,1
in,1816,1
is,1876,1
is,1996,7
inches,1855,1
is,1997,7
i,1878,1
l,1762,1
i,1840,1
i,1499,1
in,1823,1
in,1810,1
l,1853,1
j,1857,1
in,1808,1
in,1812,1
l,1823,1
l,1828,1
is,1866,1
in,1786,1
in,1810,1
in,1799,1
i,1825,1
i,1811,1
is,1817,1
ldap,1997,40
is,1807,1
l,1801,2
is,1851,1
in,1829,1
i,1860,1
is,1853,1
l,1839,3
in,1830,1
in,1798,1
l,1807,1
in,1820,1
in,1813,1
i,1833,1
l,1866,1
is,1827,1
is,1868,1
j,1822,1
in,1965,2
in,1801,1
is,1999,1
l,1891,1
is,1984,1
is,1807,1
is,1861,1
is,2007,2
is,1714,1
i,1867,1
landed,1480,2
l,1810,1
is,1861,1
in,1699,1
in,1805,1
i,1860,1
is,1830,1
in,1846,1
l,1703,1
is,1872,1
j,1873,1
in,1870,1
ijgp,1852,1
l,1805,1
in,1814,1
l,1718,1
is,1814,1
i,1792,1
izali,1931,1
l,1803,1
is,1818,1
is,1849,1
l,1806,1
is,1806,1
i,1812,1
in,1774,1
i,1755,1
konstanty,1833,1
in,1805,1
l,1812,1
in,1823,1
i,1799,1
i,1809,1
i,1902,1
is,1909,1
j,1968,8
is,1809,1
l,1807,1
in,1804,1
in,1856,1
l,1905,2
l,1719,1
l,1812,1
l,1867,1
in,1777,1
is,1777,1
is,1809,1
information,1954,2
is,1782,1
i,1747,1
l,1742,1
in,1808,1
information,1637,1
in,1820,1
in,1813,1
in,1835,1
is,1854,1
is,1949,1
in,1835,1
l,1870,1
l,1737,1
l,1836,1
i,1806,1
in,1757,1
i,1830,1
i,1949,1
in,1807,1
in,1813,1
in,1801,1
in,1816,1
l,1830,1
l,1818,1
in,1829,1
i,1761,1
in,1899,1
jurupa,1832,1
is,1813,1
in,1813,1
l,1809,1
in,1807,1
i,1807,1
is,1823,1
in,1800,1
is,1812,1
l,1969,1
l,1880,1
in,1894,1
kefauver,1917,1
l,1830,1
l,1801,1
in,1805,1
is,1838,1
information,1853,1
is,1782,1
l,1863,1
is,1820,1
in,1713,1
l,1803,1
is,1812,1
is,1870,1
i,1810,1
is,1902,1
i,1853,1
is,1816,1
in,1854,1
is,1815,1
in,1751,1
in,1797,1
j,1776,1
in,1713,1
l,1846,1
in,1767,1
information,1903,1
is,1868,1
in,1813,2
is,1850,1
is,1841,1
in,1804,1
is,1811,1
l,1803,1
i,1861,1
i,1807,1
instance,1998,2
l,1715,1
i,1821,1
l,1821,1
l,1904,1
is,1910,1
i,1988,4
in,1817,1
l,1809,1
is,1851,1
i,1802,1
in,1708,1
igraph,1808,3
is,1811,1
in,1804,1
is,1852,1
l,1967,1
in,1742,1
is,1865,1
is,1878,1
i,1841,2
in,1963,3
instance,1811,1
i,1814,1
is,1900,1
is,1958,1
i,1712,1
is,1812,1
information,1834,1
j,1739,1
ldap,1997,9
in,1805,1
is,1853,1
in,1788,1
hypocotyl,1880,2
in,1847,1
i,1845,1
in,1885,1
i,1688,1
l,1681,1
l,1933,1
i,1843,1
in,1833,1
in,1832,2
l,1796,1
is,1986,3
in,2006,2
instance,1990,2
is,1839,1
lieberman,1850,1
inches,1856,1
in,1829,1
in,2008,3
in,1806,2
i,1764,1
in,1973,1
is,1830,1
in,1822,1
in,1808,1
l,1817,1
in,1807,1
in,1803,1
in,1714,1
in,1823,1
jpccck,2013,548
information,1803,1
in,1834,1
in,1786,1
l,1727,1
l,1823,1
l,1809,1
l,1876,1
i,1549,1
in,1803,1
instance,1989,1
in,1856,1
in,1813,1
l,1826,1
is,1827,1
in,1836,1
l,1843,1
in,1814,1
in,1929,1
is,1812,1
is,1827,1
l,1922,1
l,1810,1
i,1781,1
in,1856,1
information,1890,2
l,1847,1
is,1850,1
l,1508,1
in,1819,1
l,1855,1
in,1753,1
information,1561,1
information,1822,1
in,1811,1
i,1855,1
in,1815,1
in,1811,1
i,1718,1
in,1617,1
hocheni,1903,4
l,1850,1
in,1798,1
is,1919,1
l,1825,1
is,1614,1
j,1779,1
is,1863,1
ldap,1997,21
i,1863,1
i,1811,1
i,1764,1
in,1851,1
in,1819,1
in,1804,1
l,1817,1
i,1500,1
l,1809,1
i,1840,1
is,2008,23
in,1803,1
l,1811,1
is,1832,1
l,1823,1
j,1919,1
is,1807,1
l,1815,1
is,1719,1
information,1820,1
is,1986,3
j,1972,1
is,1751,1
in,1721,1
information,1893,1
l,1888,1
in,1805,1
i,1845,1
igraph,1757,1
in,1853,1
in,1760,1
instance,1993,1
l,1992,7
l,1882,1
in,1832,1
is,1815,1
is,2000,2
in,1823,1
in,1847,1
is,1808,1
in,1834,1
i,1850,1
is,1988,1
is,1860,1
l,1833,1
is,1839,1
i,1806,1
in,1824,1
i,1863,1
i,1844,1
l,1822,1
is,1801,1
i,1826,1
in,1800,1
in,1853,1
i,1910,1
i,1757,1
in,1735,1
l,1808,1
j,1830,1
is,1714,1
l,1817,1
is,1820,1
in,1805,1
is,1838,1
is,1806,1
l,1824,1
i,1826,1
in,1804,1
i,1746,1
is,1805,1
is,1726,1
in,1823,1
in,1813,1
is,1992,1
is,2004,3
i,1835,1
in,1809,1
i,1852,1
j,1822,1
i,1777,1
l,1807,1
is,1712,1
is,1800,1
is,1974,2
l,1832,1
is,1843,2
information,1894,3
kresel,1912,1
is,1826,2
i,1837,1
j,1984,2
i,1905,1
is,1808,1
in,1820,1
l,1810,1
is,1832,1
i,1815,1
i,1867,1
l,1809,1
ibm,1786,1
l,1826,1
l,1813,1
information,1987,1
is,1835,1
l,1855,1
is,1998,1
inches,1774,1
in,1856,1
in,1883,2
in,1845,1
ldap,1999,16
is,1827,1
information,1920,1
l,1808,2
is,1871,1
in,1827,1
is,1821,1
i,1805,1
ldap,1997,11
in,1811,1
l,1815,1
i,1818,1
j,1703,1
l,1843,1
is,1987,6
in,1827,2
is,1903,2
is,1822,1
in,1921,1
kalodner,1939,1
i,1712,2
in,1803,1
i,1822,1
i,1883,1
l,1847,1
in,1846,1
l,1892,1
i,1830,1
i,1852,1
l,1855,1
is,1841,1
in,1861,1
i,1854,1
l,1812,1
i,1853,2
l,1842,1
i,1982,9
ldap,1996,1
intervenor,1832,2
instance,1821,1
is,1699,1
is,1917,1
l,1873,1
in,1810,1
is,1819,1
is,1501,1
i,1849,1
in,1815,1
is,1808,1
in,1812,1
in,1905,1
is,1792,1
j,1851,2
i,1846,1
j,1741,1
j,1788,1
in,1873,1
j,1791,1
in,1802,1
i,1776,1
in,1851,1
in,1882,2
l,1820,1
jagory,1807,4
l,1813,1
in,1813,1
j,1871,1
j,1790,1
in,1856,1
is,1823,1
is,1847,1
in,1818,1
is,1896,1
in,1823,1
is,1928,1
information,1893,1
in,1834,2
is,1819,1
l,1832,1
i,1862,1
l,1852,2
is,1853,2
l,1844,1
in,1852,1
in,1810,1
is,2003,6
in,1873,1
in,1842,1
is,1805,1
leahy,1887,1
l,1829,1
in,1870,2
l,1812,1
l,1808,1
in,1814,1
is,1754,1
in,1824,2
i,1599,1
l,1665,1
l,1732,1
in,1824,1
klobuchar,1947,1
is,1999,1
l,1899,1
in,1804,1
l,1823,1
i,1849,1
l,1898,1
is,1720,1
i,1781,1
in,1833,1
is,1838,5
in,1816,1
l,1870,1
i,1699,1
l,1846,1
is,1935,1
j,1794,1
is,1819,1
in,1806,1
is,1811,1
in,1808,1
l,1803,1
i,1858,1
in,1827,1
is,1812,1
in,1762,1
is,1982,5
in,1475,11
is,1798,1
j,1833,1
is,1782,1
in,1801,1
in,1830,1
is,1793,1
in,1860,1
in,1812,1
l,1815,1
in,1793,1
is,1827,1
i,1810,1
j,1596,2
i,1800,1
information,1764,1
in,1832,1
is,1809,1
in,1687,1
is,1836,1
l,1804,1
ldap,2000,3
i,1799,1
in,1842,1
hnited,1810,1
l,1822,2
in,1841,1
in,1826,1
l,1819,1
is,1841,1
in,1817,1
i,1902,1
in,1812,1
i,1951,1
is,1807,1
j,1984,2
i,1879,1
l,1845,1
i,1808,1
i,1822,1
in,1819,1
l,1815,1
is,1823,1
in,1810,1
in,1817,1
l,1812,1
i,1817,1
in,1793,1
l,1861,1
in,1822,1
is,1866,1
in,1838,1
is,1850,1
l,1810,1
j,1762,1
in,1813,1
l,1830,1
instance,1989,3
in,1809,1
l,1827,1
l,1841,1
i,1880,2
is,1774,1
in,1845,2
l,1824,1
i,1819,2
in,1773,1
is,2008,1
i,1911,1
l,1859,1
ldap,1997,20
in,1767,1
i,1746,1
l,1812,1
i,1887,1
i,1837,1
is,1794,1
is,1721,1
l,1829,1
in,1808,1
is,1803,1
is,1897,1
j,1900,1
i,1853,2
l,1910,1
is,1738,1
is,1999,2
i,1852,1
in,1817,1
is,1805,1
l,1824,1
in,1820,1
j,1900,1
in,1793,1
l,1877,1
inches,1825,1
is,1816,1
is,1848,1
l,1997,1
in,1857,1
in,1813,1
i,1847,1
is,1822,1
is,1839,1
i,1850,1
is,1831,1
is,1907,1
is,1812,1
i,1817,1
in,1899,2
i,1730,1
in,1780,1
in,1846,1
l,1841,1
is,1825,1
i,1859,1
in,1763,1
i,1809,1
i,1797,1
in,1779,1
l,1823,1
i,1880,1
i,1817,1
is,1811,1
i,1849,1
is,1797,1
l,1834,1
in,1823,1
information,1914,1
i,1820,1
l,1872,2
in,1803,1
l,1811,1
j,1808,1
is,1750,1
l,1499,1
itemize,1803,1
is,1800,1
ldap,1999,5
is,1856,1
komadugu,1857,457
is,1825,1
l,1789,1
ldap,1904,1
l,1810,1
in,1816,1
information,1998,1
l,1804,1
l,1795,1
i,1868,1
is,1800,1
i,1780,1
information,1900,8
information,1854,1
is,1827,1
is,1820,1
in,1813,1
i,1814,1
is,1834,2
is,1908,1
in,2008,4
is,1729,1
instance,1979,1
in,1815,1
is,1844,1
in,1812,1
j,1687,1
in,1807,1
is,1804,1
is,1826,1
in,1840,1
i,1853,1
is,1804,1
is,1845,1
l,1801,1
in,1825,1
l,1809,1
intervenor,1880,1
is,1833,1
in,1831,1
l,1809,1
i,1791,1
i,1820,1
is,1812,1
l,1812,1
in,1868,1
i,1763,1
in,1804,1
l,1834,1
is,1739,1
is,1927,1
is,1909,1
in,1804,1
i,1761,1
j,1972,1
is,1858,1
is,1786,1
i,1781,1
kouli,1753,512
is,1849,1
i,1782,1
information,1844,1
is,1831,1
l,1951,1
l,1827,1
in,1834,1
j,1796,1
l,1867,1
i,1898,1
i,1813,1
l,1837,2
is,1823,1
in,1816,1
j,1891,1
i,1812,1
l,1909,1
information,1918,1
j,1894,1
in,1832,1
l,1800,1
is,1825,1
in,1809,1
i,1839,1
l,1808,1
instance,1823,1
is,1818,1
in,1806,1
in,1811,1
in,1848,1
instance,1987,1
i,1816,1
l,1813,1
inches,1852,1
l,1967,1
in,1809,1
l,1819,1
l,1891,1
is,1926,1
is,1813,1
is,1808,1
in,1824,1
is,1824,1
i,1809,1
in,1770,1
i,1797,1
l,1815,1
i,1855,1
is,2000,3
i,1809,1
in,1825,1
in,1796,1
l,1834,1
is,1804,1
l,1808,1
in,1813,1
is,1850,1
is,1828,1
i,1833,1
l,1821,1
in,1823,1
l,1818,1
in,1835,1
in,1820,1
is,1925,1
in,1905,1
in,1873,1
i,1737,1
inches,1852,1
in,1790,1
j,1822,1
in,1867,1
in,1699,1
hkey,1993,3
l,1816,3
i,1767,1
in,1919,1
l,1811,1
in,1810,1
l,1846,1
j,1908,1
i,1805,1
i,1798,2
j,1880,1
is,1832,1
in,1869,1
in,1878,1
l,1807,1
i,1837,1
instance,1983,2
l,1870,1
ldap,1997,32
in,1766,1
is,1778,1
is,2010,11
in,1794,1
ldap,1999,4
l,1857,1
l,1825,1
l,1991,2
is,1809,1
is,1802,1
l,1821,1
l,1808,1
is,1824,1
in,1878,1
is,1810,1
l,1841,1
l,1821,1
i,1823,1
in,1705,1
is,1822,1
is,1844,1
i,1712,1
i,1659,1
l,1804,1
in,1830,1
is,1825,1
information,1970,1
in,1959,1
is,1899,1
is,1784,1
in,1825,1
j,1849,1
in,1883,1
i,1882,2
l,1865,1
i,1744,1
l,1821,1
highway,1821,1
l,1842,1
in,1806,1
l,1800,1
in,1801,1
l,1854,2
in,1708,1
l,1815,1
highway,1472,3
is,1831,1
information,1917,2
is,1811,1
in,1874,1
in,1781,1
instance,1557,1
ldap,1999,9
in,1848,1
i,1734,1
in,1819,1
is,1722,1
is,1990,2
in,1805,1
is,1801,1
in,1828,1
l,1795,1
is,1829,1
i,1835,1
in,1836,1
l,1816,1
is,1826,1
in,1833,1
in,1845,1
hkey,1805,1
l,1825,1
i,1861,1
in,1817,1
in,1809,1
is,1819,1
l,1831,1
in,1808,1
l,1837,1
l,1813,1
l,1867,1
l,1803,1
in,1867,1
in,1836,1
in,1849,1
in,1806,1
i,1807,1
l,1846,1
in,1877,1
is,1877,1
is,1834,1
is,1811,1
is,1807,2
i,1848,1
in,1834,1
in,1846,1
in,1808,1
i,1670,1
in,1876,1
instance,2001,4
i,1771,1
l,1734,1
l,1789,1
in,1827,1
l,1790,1
information,1960,1
himegimi,1910,2
is,1995,5
in,1820,1
is,1787,1
in,1811,1
l,1804,1
in,1898,1
l,1815,1
in,1823,1
in,1793,1
l,1783,1
l,1854,1
igraph,1757,1
i,1837,1
highway,1808,1
l,1890,1
ldap,1997,50
is,1811,1
is,1893,1
l,1736,1
is,1808,1
instance,1647,1
l,1793,1
in,1830,1
j,1723,1
l,1985,3
inches,1500,1
l,1803,1
in,1814,1
j,1812,1
i,1819,1
j,1834,1
l,1808,1
jeffords,1826,1
in,1876,1
in,1823,1
information,1939,2
l,1834,1
is,1764,1
in,1911,1
i,1832,1
i,1822,1
in,1805,1
i,1735,1
information,1850,1
in,1890,1
in,1913,1
is,1898,1
is,1842,1
l,1811,1
is,1751,1
is,1818,1
information,1978,2
i,1807,1
i,1875,1
j,1798,1
in,1830,1
l,1823,1
i,1849,1
is,1809,1
l,1801,1
i,1808,2
l,1812,1
l,1864,1
in,1842,1
in,1871,1
in,1896,1
is,1815,2
i,1839,1
in,1801,1
i,1823,1
l,1810,1
i,1806,1
in,1823,1
in,1850,1
in,1842,1
is,1852,1
l,1817,1
i,1734,1
j,1902,1
in,1832,1
in,1838,1
in,1813,1
is,1879,1
i,1855,1
l,1738,1
l,1709,1
l,1844,1
in,1786,1
i,1865,1
is,1837,1
in,1828,1
l,1816,1
in,1698,1
l,1828,1
in,1910,1
is,1812,1
in,2006,2
l,1783,1
i,1801,1
j,1810,1
in,1959,2
l,1857,1
i,1841,1
i,1852,1
l,1829,2
in,1805,1
l,1822,1
j,1899,1
is,1801,1
i,1803,1
i,1811,1
in,1819,1
i,1824,1
j,1810,1
l,1806,1
in,1856,1
information,1982,1
in,1834,1
l,1856,1
in,1816,1
j,1900,1
l,1845,1
in,1831,1
l,1824,1
is,1829,1
i,1830,1
is,1824,2
l,1780,1
i,1881,1
in,1812,1
l,1852,1
i,1656,1
in,1806,1
information,1889,2
is,1809,1
information,1472,65
is,1857,1
information,1931,1
l,1972,1
in,1815,1
is,1818,1
highway,1776,2
in,1831,1
in,1864,1
kapkaps,1933,1331
i,1839,1
in,1838,1
is,1831,1
is,1989,3
l,1813,1
in,1826,1
is,1876,1
in,1806,1
l,1829,1
is,1895,1
is,1798,1
is,1729,1
j,1800,1
is,2002,3
l,1814,1
is,1845,1
in,1817,2
j,1800,1
is,1857,1
i,1832,2
is,1834,1
hypoxi,1905,1
information,2006,2
i,1817,1
j,1867,1
l,1507,1
is,1832,1
in,1821,1
j,1739,7
is,1852,1
l,1837,1
is,1839,1
in,1840,1
in,1823,1
l,1832,1
is,1812,1
is,1854,1
l,1787,1
i,1826,1
is,1840,1
in,1806,1
is,1869,1
in,1810,1
in,1825,1
is,1818,1
j,1850,1
is,1907,1
is,1907,3
in,1813,2
is,1856,1
in,1984,1
is,1837,1
in,1835,1
l,1793,1
ldap,1997,58
j,1839,1
is,1731,1
i,1832,1
l,1761,1
in,1833,1
information,1803,1
in,1830,1
is,1800,1
is,1812,1
l,1908,8
in,1984,3
is,1803,1
i,1873,1
information,1830,1
l,1500,1
in,1817,1
imdeff,1936,851
in,1807,1
in,1816,1
i,1840,1
kervanbashi,1865,247
in,1876,1
in,1822,1
in,1811,1
l,1829,1
i,1823,1
is,1862,3
i,1827,1
l,1807,1
is,1993,4
in,1806,1
is,1828,1
l,1834,1
is,1822,1
l,1862,1
is,1821,1
in,1807,2
in,1796,1
l,1792,1
information,1909,1
is,2001,1
l,1879,1
highway,1843,1
l,1699,1
leahy,1780,1
in,1475,3
i,1838,1
l,1815,1
is,1821,1
is,1912,1
is,1852,1
l,1828,1
i,1860,1
in,1815,1
l,1776,1
in,1833,2
l,1813,1
in,1836,1
in,1808,1
i,1860,2
in,1850,1
j,1802,1
i,1946,1
i,1839,1
is,1838,1
j,1743,1
is,1806,1
in,1853,1
in,1812,1
i,1851,1
is,1927,1
l,1848,1
in,1814,1
ibm,1578,1
in,1816,1
in,1783,1
in,1894,1
i,1828,2
in,1793,1
in,1812,1
i,1855,1
i,1819,1
in,1507,1
in,1911,1
in,1716,1
l,1949,1
is,1926,1
l,1837,1
in,1831,1
in,1806,2
is,1815,1
i,1766,1
j,1852,1
is,1821,1
l,1800,1
in,1823,1
in,1767,1
information,1900,1
j,1844,1
inches,1520,1
l,1809,1
i,1768,1
in,1820,1
information,1996,1
j,1889,1
is,1863,1
is,1841,1
is,1694,1
is,1803,1
in,1742,1
l,1884,1
is,1919,1
i,1807,1
is,1625,1
i,1645,1
l,1880,1
is,1921,2
is,1871,1
is,1838,1
in,1811,1
information,1917,1
j,1732,3
hirono,1919,1
is,1985,1
l,1808,1
i,1531,1
l,1882,1
in,1802,1
is,1832,1
i,1885,1
in,1832,1
l,1856,1
is,1852,1
is,1809,1
in,1817,1
i,1780,1
is,1907,3
is,1836,1
i,1835,1
in,1876,1
in,1817,1
l,1831,1
l,1843,1
l,1845,1
i,1819,1
i,1903,1
in,1780,1
i,1853,1
information,1999,2
in,1821,1
i,1824,1
i,1821,1
l,1764,1
l,1743,1
highway,1701,1
in,1819,1
in,1863,1
is,1805,1
in,1726,1
is,1873,1
i,1900,1
in,1877,1
is,1991,2
inouye,1888,1
is,1805,1
l,1800,1
is,1812,1
l,1887,1
in,1808,1
in,1854,1
l,1832,1
l,1985,9
l,1832,1
is,1793,1
in,1814,1
is,1832,1
l,1913,1
is,1793,1
is,1816,1
in,1823,1
is,1898,1
i,1879,1
is,1700,1
highway,1833,1
is,1872,1
in,1757,1
l,1800,1
is,1850,1
l,1852,1
ldap,2000,3
l,1850,1
in,1827,1
in,1813,1
itemize,1553,1
i,1851,1
in,1818,1
in,1797,1
in,1805,1
in,1814,1
j,1808,1
j,1963,13
in,1805,1
is,1852,1
l,1987,1
is,1854,3
l,1866,1
jeffords,1826,1
in,1876,1
i,1837,1
information,1893,2
i,1834,1
in,1816,1
l,1821,1
is,1817,1
in,1823,1
in,1800,1
j,1838,1
i,1761,1
i,1844,1
in,1804,1
ldap,1825,1
l,1886,1
j,1832,1
l,1802,1
is,1837,1
information,2007,2
i,1856,1
in,1866,1
in,1477,3
in,1853,1
i,1849,1
is,1837,1
instance,1839,1
hochberg,1933,1124
in,1906,1
i,1806,1
in,1805,1
i,1818,1
in,1803,1
i,1821,1
l,1830,1
in,1801,1
is,1811,1
in,2005,2
is,1780,1
is,1780,1
l,1836,1
l,1806,1
j,1899,1
in,1757,1
in,1804,1
l,1758,1
in,1819,1
in,1816,1
in,1803,1
l,1854,1
i,1873,1
i,1852,1
information,1935,2
is,1837,1
l,1814,1
infoweek,1995,2
l,1832,1
is,1807,1
i,1603,1
is,1808,1
j,2000,1
in,1827,1
is,1799,1
in,1770,1
hkey,1993,6
in,1825,1
in,1851,1
in,1820,1
in,1821,1
is,2004,6
is,1821,1
in,1914,1
in,1812,1
i,1670,1
j,1793,1
information,1917,2
i,1802,1
l,1896,1
in,1850,1
i,1742,1
is,1812,1
in,1836,1
in,1819,1
in,1803,1
in,1796,1
l,1863,1
is,1821,1
is,2010,15
is,1878,1
in,1806,2
i,1865,1
i,1835,1
is,1921,2
is,1821,1
in,1806,1
is,1816,1
in,1832,3
in,1856,1
is,1994,1
l,1808,1
is,1900,2
l,1811,1
l,1807,2
is,1809,1
l,1800,1
l,1879,1
is,1781,1
in,1812,1
l,1985,2
is,1813,1
in,1822,1
i,1837,1
l,1843,2
i,1856,1
hypocotyl,1880,2
in,2006,2
in,1784,1
is,1816,1
in,1833,1
is,1820,1
is,1857,1
l,1834,1
is,1489,1
l,1833,1
information,1817,1
l,1802,1
in,1891,1
in,1865,1
is,1850,1
l,1864,1
l,1812,1
l,1808,1
is,1810,1
i,1818,1
l,1831,1
is,1800,1
in,1869,1
is,1984,1
is,1614,1
i,1708,1
in,1850,1
l,1818,1
i,1814,1
landed,1480,2
is,1853,1
l,1805,1
is,1824,1
l,1850,1
i,1842,1
i,1816,1
i,1949,1
l,1808,1
in,1819,1
is,1850,1
is,1858,1
in,1806,1
l,1832,1
in,1812,1
i,1832,1
i,1835,1
l,1955,1
is,1857,1
i,1858,1
l,1835,1
is,1816,1
in,1931,1
l,1821,1
inches,1774,1
in,1824,1
l,1828,1
l,1907,1
in,1808,1
in,1886,1
l,1809,1
in,1846,1
is,1807,1
in,1815,1
is,1886,1
l,1817,1
is,1725,1
l,1866,1
is,1781,1
l,1836,1
in,1901,2
j,1885,1
in,1810,1
in,1824,1
in,1828,1
is,1819,1
l,1847,1
in,1845,2
is,1815,1
i,1973,1
i,1832,1
inches,1846,1
in,1856,1
l,1888,1
is,1781,1
in,1819,1
in,1837,1
i,1803,1
i,1849,1
in,1761,1
l,1913,1
in,1852,1
in,1792,1
l,1985,3
l,1886,2
i,1830,1
is,1800,1
j,1793,1
in,1805,1
is,1896,1
in,1835,1
l,1814,1
l,1845,1
l,1841,1
l,1736,1
i,1832,1
l,1806,1
information,1999,1
in,1823,1
in,1823,1
l,1755,1
is,1853,1
l,1912,1
is,1922,1
ibm,1600,1
i,1806,1
l,1812,1
i,1827,1
in,1656,1
i,1854,1
in,1804,1
l,1960,1
information,1920,1
l,1850,1
l,1870,1
in,1654,1
j,1824,1
is,1711,1
i,1985,1
is,1852,1
in,1823,1
information,1944,1
instance,1853,1
is,1817,1
l,1939,1
is,1821,1
in,1824,1
j,1862,1
l,1834,1
is,1902,1
information,1998,3
in,1818,1
is,1806,1
is,1809,1
in,1803,1
information,1893,1
l,1665,1
in,1835,1
in,1809,1
i,1769,1
information,1774,1
l,1903,1
l,1472,1
i,1819,1
l,1759,1
in,1819,1
is,1818,1
in,2009,5
l,1838,1
is,1910,1
is,1742,1
is,1853,1
i,1765,1
l,1866,2
is,1801,1
l,1817,1
l,1863,2
i,1810,1
in,1806,1
ibm,1695,2
i,1819,1
i,1808,1
in,1786,1
is,1813,1
is,1905,1
in,1856,1
i,1803,1
is,1804,1
j,1743,1
i,1849,1
j,1731,1
l,1793,1
is,1841,1
l,1832,1
in,1876,2
is,1798,1
in,1968,1
is,1826,1
in,2004,1
is,1838,1
in,1873,1
in,1796,1
in,1820,1
is,2006,3
is,2009,8
j,1885,1
in,1809,1
is,1826,1
is,1809,1
i,1720,1
is,1921,1
l,1815,1
in,1824,1
in,1889,1
is,1878,1
is,1938,1
in,1850,1
i,1832,1
is,1803,1
l,1811,1
l,1803,1
in,1836,1
i,1842,1
l,1847,1
is,1924,1
in,1828,1
l,1811,1
information,1978,3
in,1808,1
is,1810,1
l,1830,1
i,1858,1
l,1834,1
in,1840,1
in,1824,1
l,1756,1
is,1829,1
is,1833,1
jugomandibular,1890,3
j,1826,1
in,1806,1
j,1776,1
j,1948,2
in,1815,1
in,1828,1
information,2000,8
l,1870,1
l,1872,1
is,1834,1
is,1816,1
is,1814,1
l,1838,1
j,1737,1
in,1792,1
in,1824,1
l,1727,1
kefauver,1915,1
l,1869,2
l,1819,1
is,1745,1
is,1820,1
is,1862,1
i,1764,1
in,1845,1
is,1869,1
is,1806,1
i,1817,1
in,1801,1
in,1833,1
in,1952,1
l,1860,1
i,1790,1
l,1794,1
in,1478,1
l,1914,1
l,1793,1
l,1810,1
in,1850,2
i,1823,1
in,1817,1
in,1986,2
in,1859,1
l,1827,2
information,1817,1
is,1836,1
in,1855,1
in,1849,1
i,1812,1
l,1923,1
is,1841,1
in,1867,1
is,1840,1
ldap,1997,33
information,1830,1
j,1843,1
l,1806,1
l,1789,1
in,1850,1
in,1807,1
is,1819,1
in,1665,1
l,1827,1
in,1805,1
l,1829,1
l,1885,1
information,1774,1
in,1861,1
in,1656,1
in,1813,1
l,1800,1
in,1852,1
in,1819,1
in,1832,1
is,1823,1
l,1814,1
l,1842,1
in,1837,1
information,1850,1
in,1809,1
i,1712,1
l,1770,1
in,1802,1
in,1849,1
in,1834,2
is,1799,1
in,1820,1
in,1809,1
in,1807,1
information,1979,1
in,1861,1
l,1489,1
i,1684,1
l,1798,1
i,1804,1
is,1777,1
is,1844,1
is,1852,1
l,1811,1
j,1868,1
is,1685,1
in,1809,1
l,1809,1
l,2000,1
in,1832,1
in,1811,1
in,1805,1
is,1852,1
is,1831,1
l,1852,1
in,1814,1
in,1849,1
is,1834,1
i,1895,1
l,1810,1
is,1845,1
l,1840,1
in,1790,1
i,1832,1
is,1798,1
i,1742,1
i,1816,1
in,1815,1
in,1800,1
is,1809,1
in,1834,1
i,1745,1
l,1738,1
is,1832,1
i,1858,1
is,1834,1
i,1797,1
in,1770,1
is,1940,1
is,1850,1
is,1793,1
in,1780,1
is,1837,1
i,1775,1
i,1832,1
j,1862,1
in,1822,1
in,1789,1
is,1749,1
l,1728,1
is,1822,1
in,1822,1
in,1896,1
in,1898,2
l,1806,1
i,1778,1
in,1801,1
j,1745,1
information,1844,1
is,1833,1
is,1694,1
l,1848,1
l,1826,1
is,1807,1
i,1855,1
l,1833,1
is,1909,3
in,1835,1
in,1846,1
in,1754,1
is,1844,1
i,1766,1
l,1822,1
l,1531,1
in,1693,1
is,1805,1
in,1480,4
i,1763,1
i,1742,1
in,1851,1
in,1845,2
l,1987,4
l,1800,1
is,1806,1
information,1811,1
i,1811,1
information,1822,1
in,1811,1
in,1824,1
l,1812,1
is,1928,1
is,1817,1
information,1825,1
l,1833,1
in,1825,1
l,1936,1
in,1805,1
l,1718,1
in,1834,1
is,1812,1
is,1794,1
is,1817,1
i,1987,2
in,1823,1
l,1857,1
l,1900,3
in,1796,1
i,1853,1
is,1850,1
in,1852,1
is,1813,1
ldap,1997,65
is,1909,1
in,1635,1
is,1823,1
in,1814,1
in,1809,1
in,1859,1
inches,1520,1
in,1831,1
i,1916,1
is,1819,2
in,1824,1
in,1794,1
l,1833,1
in,1792,1
l,1699,1
is,1861,1
i,1816,1
i,1815,1
laserdisk,1934,37
in,1812,2
is,1812,1
in,1826,1
in,1946,1
is,1909,2
is,1835,1
l,1886,1
is,1840,1
in,1823,1
in,1682,1
is,1837,1
in,1804,1
is,1984,1
l,1839,1
in,1821,1
in,1832,1
in,1889,1
in,1809,1
in,1472,4
l,1814,1
i,1809,1
l,1983,1
l,1814,1
instance,1998,1
l,1854,1
is,1826,1
kefauver,1934,1
information,1900,1
l,1811,1
in,1763,1
in,1906,2
hypocotyl,1880,1
in,1832,1
in,1803,1
i,1791,1
in,1799,1
l,1987,1
is,1925,2
i,1806,1
l,1806,1
in,1860,1
i,1803,1
j,1885,2
ibm,1768,1
is,1832,1
is,1811,1
i,1858,1
is,1819,1
i,1805,1
l,1821,2
is,1836,1
in,1820,1
i,1896,1
in,1901,1
i,1792,1
is,1851,1
j,1825,1
l,1812,1
i,1830,1
j,1808,1
l,1863,1
j,1873,1
in,1823,1
is,1812,1
l,1823,1
l,1804,1
is,1763,1
j,1900,1
in,1817,1
in,1814,1
l,1844,1
i,1881,1
is,1816,1
is,1806,1
is,1999,2
is,1844,1
is,1812,1
is,1782,1
l,1820,1
j,1475,14
is,1820,1
l,1828,1
in,1832,1
information,1823,1
in,1865,1
is,1997,5
in,1825,1
l,1832,3
in,1832,1
is,1843,1
i,1817,1
in,1832,3
j,1869,2
i,1813,1
inches,1820,1
j,1877,1
i,1871,1
is,1858,1
l,1480,6
is,1814,1
in,1810,1
j,1809,1
l,1821,1
indewnites,2004,508
i,1686,1
ldap,1999,10
is,1896,1
is,1726,1
is,1883,1
is,1812,1
is,1797,1
j,1876,1
l,1849,1
l,1703,1
l,1804,1
in,1852,1
information,1909,1
i,1811,1
i,1835,1
is,1857,1
j,1900,2
i,1823,1
l,1852,1
is,1841,1
is,1963,1
information,1913,1
j,1902,1
i,1876,1
in,1811,1
highway,1824,3
j,1857,1
l,1810,1
in,1852,1
l,1756,1
i,1856,1
in,1813,1
l,1963,1
l,1801,2
is,1819,1
is,1815,1
in,1827,1
is,1804,1
in,1851,1
i,1826,1
in,1810,1
is,2009,24
i,1799,1
inhofe,1657,1
information,1834,1
information,2005,3
inouye,1789,5
l,1824,1
in,1895,1
inches,1850,1
in,1819,1
is,1843,1
information,2000,1
i,1849,1
i,1812,1
in,1827,1
in,1810,1
in,1830,1
is,1843,1
in,1804,1
in,1921,1
is,1816,1
i,1818,1
igabutang,2017,681
i,1955,1
is,1832,1
in,1863,1
l,1884,1
i,1765,1
l,1812,1
l,1801,1
is,1810,1
is,1914,1
i,1809,1
i,1822,1
intervenor,1832,3
i,1842,2
i,1856,1
i,1881,1
is,1823,1
information,2005,1
l,1813,1
in,1816,1
is,1863,1
l,1807,1
is,1835,1
j,1791,1
l,1840,1
l,1732,1
l,1727,1
l,1823,1
l,1808,1
in,1729,1
in,1853,1
i,1804,1
l,1706,1
i,1823,1
j,1732,1
information,1832,1
is,1835,1
in,1819,2
in,1867,1
information,1981,1
is,1850,1
l,1815,1
in,1805,1
i,1533,1
i,1839,1
is,1835,1
in,1888,1
i,1856,1
igraph,1896,1
l,1833,1
is,1777,1
l,1699,1
in,1824,1
instance,1853,1
is,1856,2
l,1852,1
in,1864,1
i,1860,1
in,1785,1
in,1837,1
is,1824,1
is,1717,1
information,1858,1
information,2006,2
is,1813,1
in,1814,1
in,1815,1
is,1775,1
in,1830,1
in,1614,1
klobuchar,1947,1
l,1885,1
in,1811,1
is,1912,1
is,1848,1
is,1810,1
in,1855,1
in,1921,1
l,1848,1
is,1831,1
i,1704,1
in,1812,1
in,1811,1
i,1825,1
is,1824,1
i,1830,1
is,1848,1
i,1865,1
is,1855,1
in,1825,1
ldap,1997,59
is,1875,1
l,1831,1
l,1808,1
is,1720,1
hkey,1871,1
is,1883,1
in,1815,1
hypoxi,1905,1
in,1774,1
in,1842,2
is,1895,1
is,1809,1
in,1847,1
in,1834,2
in,1821,1
information,1971,1
information,1894,1
in,1841,1
is,1832,1
information,1935,2
i,1857,1
in,1851,1
in,1805,1
l,1805,1
is,1915,1
in,1820,1
in,1816,1
i,1822,1
i,1808,1
in,1830,1
is,1805,1
l,1848,1
l,1974,1
i,1867,1
is,1841,1
in,1856,1
l,1812,1
l,1834,1
in,1860,1
j,1822,1
l,1854,1
l,1816,1
is,1812,1
in,1850,1
in,1839,1
is,1823,1
l,1819,1
is,1818,1
i,1636,1
in,1816,1
is,1819,2
is,1744,1
in,1807,1
l,1820,1
is,1817,1
i,1805,1
inches,1889,1
l,1823,1
i,1884,1
l,1823,1
i,1843,1
in,1749,1
l,1832,1
i,1808,1
in,1781,1
in,1831,1
i,1832,1
l,1700,1
l,1877,1
instance,2001,2
l,1709,1
is,1843,1
j,1752,1
l,1821,1
in,1812,1
in,1811,1
in,1729,1
l,1905,2
i,1800,1
in,1850,1
l,1802,1
l,1824,1
i,1894,1
l,1883,1
inches,1853,1
in,1834,1
j,1808,1
l,1703,1
in,1806,1
l,1831,1
in,1811,1
i,1808,1
l,1969,1
in,1812,1
j,1752,1
j,1812,1
l,1819,1
is,1811,1
i,1853,1
i,1499,1
j,1656,1
is,1826,1
is,2002,7
l,1793,1
information,1959,1
l,1821,1
i,1820,1
l,1848,1
l,1810,1
isserman,1501,1
l,1798,1
in,1807,1
in,1811,1
i,1832,1
is,1857,2
i,1829,1
in,1812,2
l,1815,1
in,1803,1
i,1887,1
i,1796,1
j,1808,1
is,1837,1
l,1835,1
i,1817,1
inches,1820,1
l,1913,1
in,1896,1
i,1818,1
ldap,1996,1
in,1842,1
is,1730,1
i,1806,1
l,1856,1
in,1832,1
is,1805,1
i,1782,1
l,1500,1
is,1849,1
in,1844,1
is,1852,1
is,1852,1
in,1870,1
j,1812,1
l,1808,1
is,1825,1
information,2007,1
i,1834,1
is,1820,1
is,1794,1
is,1841,1
in,1820,1
information,1900,8
is,1807,1
in,1896,1
is,1577,1
in,1876,1
in,1827,2
l,1836,1
in,1802,1
karlos,1893,1
in,1842,1
kouli,1753,430
i,1655,1
inches,1815,1
l,1807,1
is,1832,1
l,1784,1
is,1860,1
in,1889,1
l,1878,1
l,1859,1
in,1814,1
j,1675,1
is,1808,1
information,1996,1
in,1832,1
j,1963,4
l,1853,1
is,1810,1
l,1810,1
information,2000,1
i,1811,1
i,1901,1
in,1708,1
l,1871,1
l,1741,1
l,1906,2
l,1827,1
i,1802,1
in,1842,1
is,1917,1
in,1867,4
l,1804,2
is,1771,1
instance,1900,1
is,1988,10
in,1856,1
is,1894,1
l,1784,1
is,1798,1
in,1906,1
is,1822,1
in,1906,1
i,1549,1
is,1810,1
in,1836,1
i,1798,1
igraph,1850,1
in,1990,2
in,1853,1
l,1909,1
is,1800,1
l,1888,1
is,1832,1
inches,1887,1
l,1858,1
ldap,1997,70
is,1810,1
l,1832,2
i,1809,1
in,1797,1
l,1842,1
in,1852,1
is,1801,1
i,1849,1
in,1814,1
j,1815,1
l,1840,1
l,1996,1
l,1880,1
in,1901,1
in,1865,1
l,1804,1
is,1985,1
information,1830,1
i,1825,1
i,1790,1
l,1893,1
is,1835,1
l,1875,1
in,1754,1
l,1827,1
inouye,1789,5
in,1826,1
information,1987,1
in,1635,1
is,1856,1
in,1819,3
hocheni,1903,4
in,1832,1
in,1785,1
i,1716,1
i,1821,1
in,1814,1
is,1884,1
i,1843,1
in,1775,1
in,1816,1
in,1771,1
is,1984,3
kinergety,1898,689
in,1910,1
j,1832,1
in,1827,1
i,1868,1
l,1711,1
l,1841,1
is,1854,3
ldap,1997,33
in,1990,1
is,1816,1
l,1821,2
intervenor,1832,70
is,1852,1
in,1859,1
is,1807,1
i,1842,1
j,1723,1
i,1807,1
l,1531,1
in,1787,1
i,1777,1
j,1776,1
i,1867,1
in,1732,1
is,1995,2
in,1802,1
i,1844,1
i,1854,1
is,1852,1
in,1854,1
l,1794,1
l,1508,1
in,1880,1
in,1840,1
l,1821,1
is,1601,1
in,1800,1
is,1857,1
l,1967,1
i,1737,1
infoweek,1995,2
is,1808,1
instance,1989,1
in,1805,1
in,1817,1
l,1813,1
l,1821,1
in,1809,1
in,1854,1
in,1823,1
l,1934,1
j,1872,1
i,1853,1
i,1838,1
i,1862,1
l,1828,1
i,1816,1
i,1826,2
in,1817,1
l,1999,2
is,1819,1
information,1967,2
ibm,1727,1
i,1805,1
is,1840,1
l,1806,1
indewnites,2004,512
is,1847,1
in,1894,1
j,1812,1
highway,1956,1
i,1973,1
is,1812,1
information,1942,1
in,1895,1
information,1890,2
is,1823,1
l,1854,1
is,1775,1
l,1798,1
imageobserver,1996,18
in,1800,1
in,1805,1
in,2005,2
in,1813,1
is,1860,1
j,1791,1
in,1760,1
is,1838,1
l,1790,1
j,1880,1
i,1747,1
is,1813,1
i,1821,1
i,1859,1
in,1828,1
is,1817,1
l,1829,1
i,1846,1
is,1794,1
i,1489,1
is,1853,1
is,1772,1
l,1809,1
in,1888,1
l,1857,1
l,1825,2
is,1903,1
in,1852,1
l,1508,1
i,1793,1
in,1825,1
inches,1508,1
i,1903,1
is,1613,1
i,1868,1
l,1813,1
is,1807,1
is,1778,1
hoopdriver,1845,6
in,1822,1
is,1814,1
l,1832,1
l,1807,1
i,1793,1
inhofe,1657,1
is,1805,1
is,1813,1
i,1834,1
instance,1798,1
i,1873,1
i,1808,1
in,1813,1
in,1773,1
is,1876,1
karlos,1893,1
is,1832,1
in,1786,1
is,1817,1
l,1824,1
in,1788,1
l,1807,1
i,1813,1
in,1828,1
is,1981,7
in,1845,1
j,1816,1
in,1857,1
l,1806,1
l,1793,1
in,1797,1
in,1808,1
lieberman,1953,1
is,1788,1
l,1481,2
is,1879,1
in,1823,1
j,1673,1
is,1836,1
is,1822,1
l,1905,1
in,1811,1
i,1712,1
i,1698,1
j,1851,1
i,1819,2
inches,1767,1
j,1904,1
is,1838,1
is,1847,3
i,1763,1
l,1987,1
l,1809,1
l,1803,1
in,1982,1
in,1859,1
is,1857,1
in,1961,1
l,1812,1
information,1861,1
j,1816,1
information,1954,2
i,1832,1
is,1816,1
j,1967,1
is,1665,1
l,1793,1
in,1832,1
l,1825,1
in,1891,1
in,1834,1
is,1800,1
is,1812,1
l,1822,1
l,1956,1
is,1811,1
in,1710,1
is,1838,1
in,1808,1
is,1808,1
in,1813,2
in,1834,1
l,1816,1
is,2000,1
in,1816,1
l,1856,1
l,1715,1
is,1723,1
in,2005,4
is,1861,1
l,1741,1
l,1821,1
in,1821,1
l,1856,1
in,1984,2
i,1821,1
i,1812,1
is,1809,1
i,1880,1
information,1998,1
l,1893,1
in,1813,1
i,1796,1
in,1773,1
is,1883,1
is,1822,1
i,1860,1
is,1857,2
in,1771,1
is,1812,1
is,1819,1
is,1832,1
in,1844,1
is,1835,1
laserdisk,1934,40
i,1836,1
l,1808,1
l,1826,1
l,1815,1
is,2001,3
j,1822,2
i,1902,1
in,1809,1
l,1793,1
in,1831,2
l,1824,1
in,1822,1
in,1662,1
i,1808,1
l,1791,1
in,1859,1
is,1836,1
igraph,1896,1
l,1835,1
l,1836,1
i,1853,1
in,1820,1
is,1841,1
is,1859,1
is,1812,1
i,1800,1
ldap,1997,22
jurupa,1832,1
in,1868,1
l,1854,1
in,1873,1
i,1853,1
issena,1808,1
is,1858,1
i,1837,1
l,1808,1
is,1804,1
inches,1480,1
i,1755,1
l,1835,1
l,1794,1
intervenor,1918,1
in,1807,1
j,2000,20
in,1814,1
is,1795,1
l,1838,1
l,1814,1
is,1862,1
is,1849,1
l,1806,1
is,1812,1
information,1869,1
is,1826,1
in,1814,1
intervenor,1832,2
i,1839,1
in,1853,1
j,1932,1
is,1807,1
in,1894,3
i,1470,2
in,1834,1
l,1804,1
l,1805,1
i,1809,1
laserdisk,1934,3
in,1854,1
in,1791,1
instance,1647,1
i,1832,1
is,2000,2
l,1732,1
i,1475,8
is,1816,1
l,1823,1
in,1827,1
is,1814,1
is,1853,1
i,1784,1
is,1891,1
is,1851,1
is,1807,1
is,1821,1
i,1861,1
is,1833,1
in,1853,1
i,1500,1
information,1888,2
i,1821,1
is,1821,1
is,1811,1
is,1745,1
imageobserver,1996,21
j,1825,1
ipados,2019,848
information,1913,1
instance,1990,2
highway,1776,2
is,1781,1
l,1790,1
is,1823,2
in,1940,1
i,1719,1
l,1815,1
l,1844,1
l,1813,1
l,1489,1
is,1854,1
l,1853,1
l,1894,1
in,1853,1
i,1796,1
in,1797,1
l,1793,1
l,1851,1
in,1812,1
is,1819,1
ibm,1695,2
in,1738,1
i,1882,2
ldap,1997,75
l,1834,1
is,1869,1
is,1814,1
l,1823,1
is,1826,1
in,1863,1
ldap,1997,9
l,1700,1
l,1813,1
in,1872,2
i,1746,1
in,1825,1
is,1850,1
is,1824,1
is,1835,1
i,1816,1
l,1864,2
j,1862,1
i,1821,1
l,1793,1
in,1816,1
is,1851,1
in,1795,1
l,1857,1
information,1939,2
in,1905,1
information,1918,1
i,1834,1
j,1794,1
in,1792,1
i,1990,1
j,1819,1
in,1810,2
is,1799,1
j,1855,1
lessony,1765,1
information,1893,2
l,1845,1
in,1812,1
information,1801,1
in,1831,1
in,1830,1
i,1851,1
in,1812,1
ldap,1997,70
j,1919,1
in,1816,1
in,1861,1
i,1804,1
is,1816,1
in,1873,2
in,1821,1
in,1820,1
in,1813,1
l,1874,1
highway,1821,1
i,1835,1
is,1818,1
in,1818,1
in,1976,1
in,1804,1
lessony,1765,1
i,1856,1
j,1916,1
is,1831,1
l,1833,1
in,1821,1
in,1812,1
in,1854,1
j,1824,1
in,1810,2
i,1895,1
l,1749,1
i,1744,1
in,1756,1
l,1806,1
in,1813,1
in,1808,1
kresel,1912,1
l,1873,1
in,1804,1
is,1834,1
l,1829,1
l,1820,1
is,1472,1
in,1872,2
is,1810,1
ldap,1997,39
l,1906,1
l,1877,1
l,1781,1
is,1782,1
l,1828,1
is,1817,1
in,1819,1
i,1470,2
in,1812,1
l,1824,1
in,1859,1
in,1806,1
l,1820,1
in,1852,1
l,1812,1
is,1804,1
j,1793,1
in,1817,1
in,1818,1
is,1809,1
of,1861,1
one,1827,1
of,1894,1
mod,1997,6
of,1871,1
n,1820,1
one,1911,1
of,1851,1
mysql,1900,3
mysql,2000,4
o,1832,1
mod,2001,2
m,1870,1
of,1844,1
of,1682,1
of,1699,1
of,1833,1
nectophore,1888,917
n,1817,1
n,1782,1
m,1847,1
m,1978,4
o,1825,1
of,1841,1
of,1863,1
n,1838,1
official,1771,1
of,1834,1
n,1803,1
m,1827,1
m,1820,1
op,2001,1
o,1859,1
of,1849,1
n,1793,1
mysql,1998,1
o,1854,1
membrane,1651,1
o,1762,1
n,1899,1
of,1856,1
of,1830,1
of,1834,1
of,1807,1
n,1851,1
n,1803,1
max,1990,40
of,1806,1
of,1808,1
market,1885,1
of,1780,1
o,1781,1
m,1784,1
no,1953,1
m,1853,1
max,2014,3
m,1834,1
of,1802,1
m,1999,2
m,1914,1
of,1819,1
o,1816,1
o,1812,1
of,1833,1
n,1838,1
of,1826,1
mysql,1899,4
o,1804,1
ml,1807,1
o,1945,1
mod,1804,1
of,1895,1
m,1793,1
of,1896,1
m,1809,2
o,1814,1
o,1797,1
of,1850,1
n,1994,3
name,1936,1
max,1994,1
n,2000,6
of,1738,1
n,1480,1
op,1501,1
m,1816,1
of,1814,1
negl,1638,1
o,1790,1
m,1870,1
n,1754,1
malgamite,1898,543
mod,1999,4
of,1876,1
of,1853,2
of,1834,1
no,2000,1
no,1478,1
of,1854,1
mixture,1815,1
of,1851,1
of,1721,1
of,1892,1
no,1995,2
of,1810,1
m,1859,1
of,1768,1
of,1834,1
m,1909,1
no,1812,1
of,1758,1
m,1860,1
of,1850,1
mod,1997,2
name,1883,1
name,1899,1
max,1983,1
one,1971,1
of,1800,1
m,1819,1
morontia,1955,2660
no,1721,1
of,1829,1
of,1816,1
of,1824,1
of,1917,1
mysql,1899,4
m,1979,1
lmfbr,1942,2
m,1804,2
m,1820,1
m,1836,1
of,1801,1
of,1765,1
of,1823,1
of,1826,1
m,1796,1
of,1865,1
ml,1475,18
nahasulat,2017,147
o,1807,1
of,1804,1
m,1811,1
of,1861,1
m,1804,1
of,1903,4
n,1850,2
market,1947,1
no,1850,1
mod,1999,5
o,1762,1
o,1838,1
no,1817,1
mod,1998,3
m,1986,1
of,1812,2
of,1812,1
ocean,1759,1
m,1500,1
of,1823,1
op,1856,1
m,1804,1
of,1873,1
n,1855,1
no,1812,1
m,1883,1
of,1809,1
m,1828,1
of,1882,1
n,1837,1
name,1993,1
o,1844,1
of,1836,1
m,1813,1
obama,2007,3
one,1812,1
of,1818,1
of,1870,2
of,1884,3
o,1796,1
littitch,1832,505
locait,1820,3
mod,1998,1
n,1993,3
no,1815,1
n,1956,1
of,1849,1
of,1830,1
o,1815,1
o,1819,1
m,1834,1
of,1830,1
o,1834,1
max,2000,1
o,1852,1
m,1812,1
mod,1997,1
m,1810,1
of,1813,1
mod,1999,4
o,1808,1
o,1817,1
ml,1847,1
of,1809,1
of,1800,1
max,2005,5
max,1999,1
of,1905,4
of,1836,1
n,1855,1
o,1783,1
op,1823,1
m,1987,3
o,1725,1
of,1639,1
of,1861,1
n,1796,1
max,1999,1
one,1835,1
mysql,1999,3
mysql,2000,5
n,1801,1
of,1859,1
of,1811,1
max,1900,1
op,1938,2
ocean,1759,1
one,1820,1
m,1854,1
of,1852,1
o,1809,1
op,2002,49
of,1838,1
of,1817,1
o,1744,1
no,1824,1
m,1857,1
op,1744,1
of,1820,1
n,1849,1
o,1689,1
of,1788,1
mysql,1999,19
mod,1998,3
of,1807,1
littitch,1832,564
of,1808,1
of,1835,1
op,1862,1
mysql,2000,1
nahasulat,2018,230
of,1808,1
of,1865,1
of,1817,1
n,1853,1
of,1804,2
mod,1998,2
one,1697,1
n,1988,1
of,1817,1
of,1885,1
of,1804,1
m,1811,1
m,1987,15
n,1809,1
mod,1997,1
max,1999,1
o,1820,1
of,1815,1
obama,1960,1
no,1805,1
mod,1997,3
of,1830,1
no,2001,1
m,1804,1
of,1859,1
of,1810,1
of,1852,1
of,1864,1
n,1801,1
n,1874,1
m,1831,1
n,1797,1
m,1994,4
of,1808,1
of,1805,2
n,1840,1
one,1819,1
of,1866,1
of,1902,1
milepost,1880,1
mod,1900,1
of,1834,1
max,1971,2
o,1825,1
of,1819,1
of,1823,1
max,1852,1
of,1861,1
of,1809,1
ocean,1977,1
of,1824,1
of,1822,1
m,1572,1
mysql,1999,17
of,1811,1
obama,2009,7
o,1872,1
market,1844,1
o,1800,1
of,1813,1
m,1793,1
of,1771,2
name,1829,1
no,1841,1
n,1857,1
one,1716,1
m,1800,1
mysql,2001,1
m,1832,1
of,1874,1
n,1809,1
mod,1999,66
one,1725,1
max,1994,1
n,1807,1
mysql,1999,2
of,1866,1
of,1824,1
market,1894,1
m,1995,11
of,1841,1
n,1803,1
of,1750,1
m,1877,1
of,1807,1
m,1751,1
luteocobalt,1857,16
m,1986,1
of,1886,1
of,1669,1
of,1816,1
o,1816,1
of,1812,1
n,1832,1
of,1771,2
of,1979,2
o,1798,1
n,1724,1
o,1811,1
of,1801,1
of,1844,1
m,2005,7
o,1700,1
of,1832,1
market,1947,1
of,1844,1
of,1836,1
m,1795,1
of,1888,1
mod,1997,1
of,1809,2
n,1990,2
of,1854,1
of,1768,1
ml,1854,1
o,1816,1
n,1852,1
m,1822,1
m,1813,1
m,1882,1
max,1982,10
o,1810,1
mysql,2000,2
o,1782,1
of,1860,1
of,1853,1
n,1997,2
of,1821,1
max,1978,7
one,1841,1
of,1812,1
m,1830,1
of,1846,1
of,1811,1
m,1860,1
name,1973,1
of,1803,1
o,1815,1
m,1809,1
m,1847,1
mod,1999,8
of,1785,1
of,1783,1
of,1862,1
no,1857,1
mod,1996,2
no,1815,1
no,1812,1
of,1808,1
max,1947,1
of,1840,1
of,1799,1
of,1743,1
of,1836,1
max,1977,4
name,1983,1
of,1708,1
of,1833,1
one,1995,2
membrane,1854,1
of,1846,1
max,2003,1
of,1719,1
negl,1699,1
n,1830,1
m,1832,1
of,1807,1
of,1861,2
o,1745,1
of,1856,1
m,1823,1
of,1852,1
no,1776,1
of,1856,1
mysql,2000,1
mod,1997,3
no,1835,1
of,1808,1
mod,1999,10
of,1854,1
of,1808,1
nectophore,1909,1
of,1470,33
o,1910,1
one,1809,1
of,1847,1
mysql,1999,2
of,1863,1
one,1813,1
one,1830,2
m,1809,1
of,1816,1
m,1774,1
one,1801,1
of,1857,1
of,1818,1
of,1816,1
n,1797,1
o,1744,1
no,1855,1
official,1997,1
mod,1817,1
of,1840,1
one,1814,1
of,1746,1
n,1480,1
name,1984,7
m,1991,1
mod,1858,1
m,1823,1
of,1845,1
n,1807,1
of,1790,1
of,1876,1
op,2002,33
of,1830,1
of,1841,1
max,1877,1
m,1832,3
mysql,2001,2
mod,1999,1
n,1803,1
of,1800,1
of,1845,1
n,1800,1
one,1835,1
of,1855,1
o,1796,1
mashko,1852,1
n,1811,2
mysql,1999,4
omnidoxical,2019,685
mod,1798,1
of,1827,1
of,1830,1
of,1851,1
of,1847,1
o,1668,1
one,1813,1
of,1824,1
of,1863,1
n,1827,1
of,1834,1
m,1857,1
mdws,1974,1110
of,1839,1
m,1824,1
marchbanks,1898,3
mysql,1999,4
op,2001,2
of,1841,1
of,1826,1
n,1808,1
o,1822,1
nutrilite,1832,6
of,1868,1
m,1809,1
no,1820,1
mysql,2000,3
n,1840,2
of,1851,2
of,1828,1
o,1926,1
name,1985,1
of,1805,1
ncsw,1789,1
m,2005,7
one,1775,1
o,1829,1
of,1785,1
m,1813,1
o,1826,1
n,1814,1
n,1737,1
no,1996,4
n,1820,1
n,1840,1
o,1832,2
of,1870,1
op,2002,166
llacl,1941,83
n,1832,1
of,1851,1
n,1828,1
mod,1999,245
n,1818,1
of,1905,1
of,1806,1
one,1816,2
mysql,1900,2
obama,1898,1
of,1810,1
mysql,1999,4
m,1832,1
of,1812,1
no,1845,1
of,1810,1
m,1991,12
o,1811,1
m,1793,1
mod,1856,1
of,1817,1
m,1991,2
medrectangle,2018,814
of,1535,1
of,1813,1
n,1822,2
of,1832,1
mod,2002,4
of,1823,1
of,1733,1
o,1696,1
op,1872,2
of,1549,1
o,1852,1
of,1844,1
n,1809,1
m,1807,2
of,1842,1
one,1756,1
mastermaid,1855,1
m,1993,8
m,1812,1
max,1994,1
of,1886,1
name,1988,1
official,1809,1
of,1828,1
of,1820,1
nonoperatives,1912,41
official,1978,1
of,1834,1
of,1758,1
op,1759,1
m,1989,1
newshawks,1923,506
obama,1800,1
n,1700,1
o,1812,1
n,1824,1
n,1808,1
m,1744,2
o,1850,2
of,1794,1
of,1856,1
of,1817,1
no,1792,1
m,1859,1
of,1815,1
of,1735,1
of,1813,1
milepost,1816,2
of,1807,1
mambunong,1919,1063
one,1911,1
m,1883,3
of,1816,1
of,1826,1
o,1873,1
n,1837,1
n,1852,1
of,1821,1
o,1828,1
of,1819,1
of,1857,1
n,1832,1
o,1470,2
m,1706,1
o,1814,1
multiball,1879,4
ml,1847,1
o,1814,1
of,1821,1
n,1816,1
max,1830,1
no,1817,2
one,1833,1
of,1916,1
m,1836,1
m,1813,1
of,1823,1
max,1827,1
op,1594,1
m,1816,1
o,1813,1
o,1852,1
of,1829,1
of,1907,1
of,1832,1
m,1974,1
m,1823,1
of,1861,1
n,1813,1
of,1819,1
of,1848,1
mod,2001,6
no,1816,1
of,1864,1
of,1905,1
of,1797,1
of,1783,1
no,1520,1
of,1810,1
olfan,1806,1
mod,2002,33
m,1991,3
of,1820,1
market,1856,1
max,1997,1
of,1810,1
of,1884,12
of,1711,2
n,1819,1
mod,1997,2
norrer,1757,1
luteocobalt,1857,25
op,2002,191
max,1997,1
one,1824,1
of,1792,1
m,1838,1
of,1845,1
m,1785,1
of,1856,1
n,1802,1
n,1872,1
n,1988,2
n,1842,1
o,1971,1
of,1808,1
of,1857,1
of,1811,1
op,1845,1
op,1978,2
of,1854,1
o,1823,1
of,1809,1
of,1850,1
of,1851,2
max,1988,24
n,1840,1
m,1832,2
m,1834,1
o,1832,1
o,1859,1
of,1858,1
michigan,1866,3
m,1851,1
max,1994,1
o,1692,1
one,1806,1
of,1819,1
of,1831,1
m,1878,1
mysql,1999,2
of,1830,1
of,1881,1
max,1994,7
n,1832,1
m,1803,1
o,1787,1
o,1470,3
o,1717,1
of,1868,1
of,1823,1
of,1817,1
of,1704,1
max,1988,1
n,1823,1
op,1979,2
op,1809,1
max,1989,1
o,1816,1
of,1826,1
of,1806,1
of,1884,1
negl,1683,1
m,1849,1
m,1820,1
o,1837,1
llacl,1941,741
o,1826,1
m,1996,2
market,1850,1
n,1803,1
of,1820,1
n,1882,1
o,1771,1
no,1897,1
of,1855,2
n,1475,5
of,1820,1
mod,2007,5
mod,2007,11
m,1817,1
mysql,1999,1
of,1706,1
of,1819,1
n,1855,1
ocean,1830,2
o,1865,1
of,1834,1
n,1731,2
op,1931,2
of,1844,1
m,1994,8
of,1821,1
maine,1674,1
m,1993,27
n,1828,1
of,1915,1
of,1866,1
of,1827,1
of,1822,1
m,1794,1
name,1990,3
of,1799,1
o,1814,1
of,1832,1
of,1531,1
name,1874,1
o,1793,2
n,1840,1
max,1985,1
of,1800,1
m,1820,1
ml,1870,1
of,1822,1
market,1854,1
of,1869,1
of,1818,1
of,1917,1
of,1806,1
of,1817,1
n,1811,1
one,1807,1
of,1812,1
of,1699,1
of,1851,2
n,1811,1
of,1893,1
o,1750,1
of,1873,1
m,1801,1
of,1835,1
m,1818,1
m,1812,1
meromic,1958,1
of,1768,1
o,1598,1
of,1911,5
o,1850,1
of,1790,1
o,1998,26
n,1850,1
of,1807,1
of,1854,1
of,1853,1
of,1695,1
of,1890,1
o,1880,1
m,1857,1
of,1793,1
o,1806,1
ml,1816,1
of,1812,1
of,1846,1
m,1812,1
o,1815,1
m,1800,1
no,1854,1
o,1804,1
mysql,1999,21
o,1814,1
o,1813,1
m,1793,1
of,1848,1
m,1839,1
of,1888,1
of,1844,1
o,1856,1
o,1800,1
of,1792,1
one,1825,1
o,1853,1
of,1781,1
n,1998,7
name,1832,1
of,1793,1
of,1823,1
m,1834,1
mod,1723,1
m,1861,1
o,1801,1
obama,1717,1
of,1821,1
luteocobalt,1857,406
of,1835,1
mod,2001,15
mysql,2000,5
mod,1999,2
ml,1807,1
max,1900,1
one,1851,1
m,1776,1
m,1861,1
mod,2008,6
m,1832,5
mod,2002,49
name,1829,1
of,1837,1
of,1634,1
of,1877,1
m,1839,1
of,1664,1
of,1779,1
n,1891,1
one,1805,1
mysql,1999,4
of,1809,2
of,1826,1
of,1863,1
one,1822,1
of,1847,1
of,1605,1
mixture,1661,1
nabokov,1906,1
of,1795,1
o,1841,1
noerr,1894,1
m,1819,1
of,1872,1
n,1855,1
ml,1994,2
o,1816,1
of,1808,1
m,1994,10
op,2002,203
of,1810,1
milepost,1877,1
no,1846,1
m,1765,13
n,1833,2
of,1868,1
ocean,1995,3
mysql,1999,4
o,1837,1
n,1828,1
mysql,1999,38
of,1852,1
mod,2001,3
of,1688,1
m,1822,1
of,1835,1
of,1824,1
n,1731,1
of,1800,1
n,1853,1
mysql,1999,4
mysql,1999,7
one,1854,1
nangasa,1889,3
of,1840,1
of,1856,1
official,1794,1
of,1787,1
no,1806,1
one,1813,1
m,1991,5
n,1830,1
mod,1987,2
of,1826,1
of,1887,1
m,1816,1
o,1832,1
of,1814,1
n,1842,1
of,1852,1
of,1851,1
o,1820,1
of,1812,1
m,1991,3
m,1800,1
lisim,1742,1
of,1875,1
one,1831,1
m,1831,1
n,1857,1
of,1804,1
of,1905,3
op,1676,1
of,1795,1
of,1821,1
max,1989,1
of,1816,2
of,1810,1
n,1910,1
of,1814,1
official,1856,1
mysql,2002,66
m,1993,20
of,1835,1
max,1976,3
mph,1819,1
of,1857,1
official,1794,1
one,1828,1
m,1802,1
o,1843,1
of,1858,1
n,1884,1
of,1614,1
o,1683,1
mod,1996,2
one,1834,1
mph,1825,1
of,1808,1
of,1804,1
of,1808,1
of,1855,1
occludent,1810,1
of,1901,1
mysql,1999,1
mod,2001,2
mysql,1999,16
o,1834,1
o,1878,1
n,1832,3
of,1835,1
of,1859,1
no,1686,1
n,1986,2
market,1846,1
n,1824,1
n,1842,1
m,1823,1
max,1472,3
mod,1856,1
of,1830,1
of,1812,1
o,1897,1
m,1723,1
of,1881,1
n,1712,1
o,1818,1
of,1812,1
o,1830,1
of,1861,1
of,1817,1
o,1810,1
of,1811,1
name,1997,4
n,1840,1
one,1808,1
mysql,1999,5
m,1829,1
of,1916,1
m,1810,2
max,1972,8
mod,1999,2
m,1744,2
m,1832,2
of,1856,1
m,1825,1
name,1804,1
market,1477,393
m,1866,1
m,1791,1
mysql,2000,2
m,1836,1
of,1846,1
m,1834,1
n,1986,2
one,1840,2
one,1838,1
mysql,1999,7
of,1881,1
no,1815,1
of,1804,1
mod,1900,1
ml,1489,1
of,1857,1
m,1819,1
n,1831,1
n,1810,1
nonfatally,1883,1
of,1829,1
mod,1997,3
of,1810,1
mysql,1999,2
max,2003,1
o,1860,1
mysql,1999,1
of,1842,1
o,1879,1
no,1781,1
of,1866,1
one,1862,1
of,1810,1
mph,1856,1
of,1805,1
official,1885,1
m,1839,1
op,1837,1
m,1991,2
o,1807,1
no,1808,1
m,1816,1
name,1861,1
mod,1998,3
mod,1999,2
of,1863,1
of,1821,1
n,1887,1
of,1812,1
of,1858,1
market,1854,1
mysql,1999,3
official,1806,1
m,1826,1
o,1847,1
of,1738,1
m,1813,1
one,1833,2
of,1809,1
one,1808,1
of,1808,1
nildoror,1969,562
of,1859,1
official,2004,2
of,1805,1
opendistributedaccess,2012,117
o,1874,1
moleskine,1934,2
mdws,1974,1110
omedcent,2013,708
of,1822,1
max,1975,1
m,1993,23
mod,1998,3
of,1732,1
n,1985,1
of,1820,1
mod,1998,2
n,1809,1
m,1823,1
nagsilabas,2017,370
of,1819,1
m,1854,1
mod,1841,1
mod,1997,15
of,1808,1
of,1913,1
of,1789,1
o,1913,1
name,1826,1
noerr,1985,455
no,1759,1
one,1804,1
n,1869,1
one,1738,1
of,1808,1
of,1830,1
name,1900,2
o,1998,33
no,2005,4
o,1803,1
of,1691,1
m,1886,1
of,1823,1
of,1833,1
of,1797,1
o,1811,2
one,1823,1
one,1813,1
of,1874,1
n,1861,1
obama,2008,3
m,1813,1
of,1821,1
of,1823,1
op,1665,1
no,1857,1
mysql,1999,2
name,1986,14
m,1820,1
n,1827,1
of,1853,1
o,1861,1
m,1745,1
m,1811,1
m,1833,1
of,1889,1
of,1892,1
of,1800,1
n,1689,1
n,1831,1
of,1808,1
o,1890,1
m,1499,1
m,1832,1
no,1841,1
of,1649,2
n,1802,1
o,1811,1
mysql,1999,1
max,1990,45
of,1825,1
m,1846,1
mod,1999,1
mpsc,1840,1
of,1806,1
of,1847,1
o,1822,1
no,1824,1
n,1829,1
no,2002,1
mysql,1999,7
m,1708,1
of,1706,1
of,1804,1
name,1808,1
of,1906,1
negl,1676,1
mixture,1726,1
of,1804,2
of,1810,1
of,1808,2
of,1828,1
of,1572,1
obama,2008,2
no,1813,1
o,1702,1
one,1971,23
max,1989,3
mysql,1999,1
of,1800,1
n,1820,1
n,1816,1
m,1812,1
of,1805,1
max,1982,2
max,2002,8
namenda,1872,1
m,1990,1
n,1821,2
of,1832,1
of,1826,1
o,1808,1
n,1820,1
of,1852,1
of,1772,1
of,1835,1
of,1813,1
no,1472,166
michigan,1866,3
m,1854,1
n,1705,1
m,1993,17
market,1854,1
of,1832,1
mysql,1999,2
of,1819,1
ocean,1977,1
mod,2001,2
of,1892,1
mysql,1999,2
of,1859,1
n,1812,1
of,1817,1
market,1713,1
o,1824,1
m,1842,1
max,2001,1
mod,1998,5
one,1810,1
of,1811,1
m,1858,1
m,1820,1
n,1834,1
of,1853,1
o,1796,1
one,1810,1
o,1807,1
of,1810,1
n,1824,1
no,1813,1
of,1601,1
of,1817,1
m,1983,1
max,1993,1
ml,1499,1
of,1904,1
n,1822,1
official,2004,3
n,1821,1
of,1807,1
of,1808,1
of,1841,1
n,1708,1
of,1809,1
n,1835,1
max,2002,6
of,1800,1
m,1808,1
m,1823,1
of,1859,1
of,1865,1
n,1824,1
of,1808,1
op,1979,2
ocean,1835,1
of,1840,1
of,1858,1
o,1834,1
mysql,2000,13
of,1808,1
one,1834,1
of,1834,1
of,1832,1
multiball,1879,549
o,1825,1
o,1739,1
no,1788,1
m,1817,1
o,1793,1
m,1995,3
of,1847,1
n,1800,1
of,1828,1
name,1821,1
mysql,1900,3
of,1853,1
of,1868,1
n,1852,1
of,1808,2
n,1797,1
mod,2000,2
max,1983,14
of,1799,1
mainstram,1874,1
o,1867,1
of,1865,1
nagahangyo,2017,569
of,1820,1
m,1794,1
of,1660,1
no,1803,1
m,1993,27
of,1810,1
m,1789,1
o,1823,1
of,1820,1
of,1829,1
of,1852,1
of,1830,1
n,1852,1
op,1856,1
of,1821,1
one,1817,1
o,1814,2
mastermaid,1855,1
no,1880,1
of,1823,1
of,1834,2
o,1866,1
one,1800,1
no,1824,1
of,1862,1
official,1890,1
of,1789,1
n,1757,1
of,1806,2
max,1988,1
m,1839,1
maine,1893,1
moynihan,1870,4
obama,2008,3
of,1836,1
o,1470,19
no,1996,4
m,1798,1
of,1841,1
membrane,1548,1
of,1822,1
o,1806,1
of,1845,1
m,1818,1
mod,2004,237
market,1857,1
n,1864,1
ocean,1778,1
of,1806,1
lonehand,1866,1
max,1987,1
n,1882,1
microstrategy,1962,1
of,1601,1
n,1945,1
official,1771,1
of,1868,1
n,1800,1
o,1836,1
name,1983,23
m,1972,1
n,1834,1
of,1843,1
o,1783,2
mod,1999,4
merkley,1925,5
m,1804,1
o,1829,1
of,1874,1
of,1480,3
n,1836,1
op,1930,2
mysql,1809,1
of,1834,1
o,1858,1
of,1551,1
no,1830,1
m,1875,1
mysql,1999,5
o,1856,1
o,1811,2
n,1960,2
of,1797,1
of,1721,1
m,1781,1
of,1840,1
name,1995,2
n,1838,1
of,1802,1
o,1850,1
one,1829,1
of,1900,1
of,1850,1
one,1803,1
of,1848,1
o,1851,1
of,1725,1
o,1820,1
of,1828,1
name,1984,7
name,1912,1
mod,1997,4
o,1878,1
n,1771,1
of,1472,1
of,1823,1
of,1815,1
n,1807,1
n,1810,1
of,1809,1
of,1905,2
mod,1989,17
n,1874,1
n,1813,1
market,1816,1
of,1814,1
one,1801,1
locait,1841,1
official,1856,1
o,1853,1
m,1856,1
mod,2008,50
o,1636,1
m,1836,1
of,1804,1
of,1856,1
n,1831,1
of,1888,2
of,1722,1
n,1835,1
of,1694,1
o,1739,1
obama,1969,1
mod,1997,3
mysql,2000,1
n,1786,1
n,1475,319
of,1874,2
o,1813,1
m,1823,1
n,1828,1
max,1994,2
official,1472,1
of,1861,1
one,1830,1
of,1823,1
mod,1996,1
n,1802,1
of,1865,1
of,1833,1
m,1499,1
m,1967,1
no,1759,1
n,1807,1
of,1806,1
o,1846,1
mod,1821,1
o,1832,1
n,1840,1
of,1856,1
max,1990,3
of,1824,1
op,1826,1
m,1811,1
of,1728,1
official,1860,1
op,1856,1
mysql,2000,12
o,1844,1
of,1890,1
norrer,1839,1
of,1882,1
of,1837,1
one,1613,3
o,1743,1
o,1827,1
of,1828,1
of,1806,1
m,1860,1
of,1834,1
name,1982,2
maine,1882,2
n,1832,2
n,1820,1
of,1837,1
of,1866,1
m,1874,1
m,1823,1
op,1871,1
of,1809,1
of,1677,1
o,1860,1
n,1832,1
n,1828,1
official,1809,1
of,1829,1
o,1816,1
m,1916,1
m,1871,1
name,1730,1
of,1859,1
of,1808,1
m,1827,1
olfan,1806,1
o,1849,1
n,1812,1
of,1807,1
o,1668,1
of,1794,1
m,1809,1
n,1818,1
of,1831,1
of,1832,1
n,1860,1
mysql,2000,14
mysql,1998,1
m,1822,2
m,1994,31
o,1850,2
n,1985,1
o,1822,1
m,1834,1
n,1846,1
mod,1999,164
of,1903,4
of,1819,1
no,1809,2
of,1915,6
n,1946,1
m,1846,1
of,1808,1
o,1793,1
of,1816,1
mod,1989,35
n,2016,26
of,1852,1
of,1649,1
of,1852,1
n,1846,1
n,1862,1
one,1835,1
of,1856,1
n,1809,1
mod,1996,1
of,1883,1
one,1810,1
o,1640,1
of,1508,1
of,1808,1
of,1851,1
o,1853,1
o,1833,1
of,1856,1
m,1824,1
n,1840,1
of,1766,1
of,1844,1
ocean,1784,1
of,1837,1
of,1810,1
m,1846,1
mod,1997,2
o,1810,2
mod,1900,2
of,1831,1
m,1790,2
mixture,1819,1
n,1833,1
mod,2001,1
mansoul,1770,1
of,1830,1
of,1829,1
mysql,1999,4
official,1897,1
of,1911,1
n,1812,1
m,1922,2
n,1988,4
mysql,1999,2
of,1826,1
max,1994,2
of,1880,1
of,1846,1
mod,1999,7
of,1849,1
n,1812,1
o,1805,1
of,1817,1
market,1941,1
mod,1986,1
of,1835,1
m,1807,1
n,1823,1
n,1475,120
of,1823,2
of,1834,1
m,1816,1
n,1816,1
mackeld,2018,556
max,1987,1
name,2004,3
of,1906,1
max,1990,3
n,1874,1
max,2013,3
of,1708,1
n,1815,1
no,1898,1
of,1494,1
op,1978,2
m,1813,1
o,1831,1
of,1843,1
n,1715,1
of,1817,1
m,1866,1
of,1906,1
of,1614,1
of,1489,1
of,1809,1
of,1855,1
name,1793,1
mysql,1999,2
max,1984,3
op,1762,1
name,1834,1
no,1477,1
m,1827,1
n,1832,1
n,1809,1
n,1988,5
mod,1749,1
of,1808,1
o,1839,1
mod,2004,231
of,1812,1
of,1883,1
mightineffes,1742,1019
n,1806,1
op,1938,2
no,1801,1
m,1849,1
o,1818,1
of,1848,1
m,1886,1
nutrilite,1832,8
of,1814,1
no,1810,1
mod,1997,3
o,1794,1
of,1822,1
n,1806,1
n,1817,2
n,1979,1
of,1806,1
of,1818,1
of,1866,1
one,1817,1
opensourcc,1986,1
of,1827,1
of,1866,1
of,1661,1
max,1988,7
of,1867,1
max,1997,2
of,1814,1
mod,1998,3
of,1827,1
of,1840,1
o,1812,1
of,1733,1
of,1807,1
of,1807,1
o,1800,1
of,1796,1
of,1777,1
n,1802,1
mod,1999,5
n,1849,1
op,1500,1
m,1801,1
of,1804,1
of,1800,2
of,1736,1
max,1978,1
of,1820,1
of,1815,1
of,1808,1
of,1849,1
ml,1906,1
one,1815,1
m,1834,1
m,1817,1
mixture,1790,1
of,1662,1
m,1889,1
one,1830,2
magaingon,2017,1168
one,1971,15
m,1914,1
of,1888,1
one,1806,1
market,1833,1
mod,1995,1
of,1604,2
of,1850,1
m,1816,1
of,1798,1
mod,1843,1
mysql,2001,13
of,1980,1
of,1814,1
of,1854,2
of,1916,1
of,1808,1
of,1861,1
m,1812,1
no,1654,1
of,1892,1
of,1711,1
mod,1998,1
of,1806,1
m,1500,1
m,1997,6
of,1865,1
n,1855,1
one,1816,1
of,1874,1
of,1772,1
of,1794,1
of,1848,1
no,1830,1
one,1627,1
op,1807,1
of,1866,1
of,1824,1
lmfbr,1968,2
of,1882,1
of,1846,1
m,1715,1
m,2007,18
of,1709,1
o,1815,1
no,1825,1
name,1834,1
mod,1998,1
n,1994,3
n,2013,3
market,1850,1
of,1840,1
of,1862,1
o,1813,1
of,1808,1
m,1860,1
of,1820,1
no,1705,1
m,1844,1
o,1798,1
o,1834,1
n,1817,1
o,1819,1
of,1869,1
name,1985,2
m,1842,1
mod,1900,1
lugar,1809,1
one,1659,1
of,1806,1
o,1821,2
o,1845,1
max,1982,2
m,1813,1
of,1821,1
mod,1834,1
o,1719,1
of,1864,1
n,1764,1
of,1804,2
of,1921,3
of,1660,1
m,1832,2
of,1832,1
m,1833,1
of,1824,1
o,1831,1
m,1813,1
n,1803,1
of,1802,1
official,1472,1
of,1813,1
m,1856,1
of,1823,1
m,1893,1
of,1807,1
of,1866,1
m,1996,2
of,1812,1
one,1823,1
mod,1998,1
n,2013,2
of,1812,1
m,1998,8
of,1854,1
no,1803,1
mod,2000,2
of,1875,1
of,1827,1
of,1819,1
o,1817,1
of,1702,1
mdws,1764,1
of,1870,1
mysql,2000,8
o,1880,1
max,2004,1
of,1738,1
mod,1996,1
of,1854,1
of,1809,1
of,1508,1
mod,1997,2
m,2007,18
m,1500,1
mysql,2002,11
of,1858,1
of,1837,1
m,1834,1
of,1826,1
mod,1999,3
mod,1999,4
name,1989,1
mdws,1764,1
of,1472,3
of,1832,1
of,1827,1
one,1802,1
o,1821,1
m,1983,6
milepost,1789,1
of,1793,1
of,1809,1
of,1826,1
m,1741,1
no,2000,1
o,1821,1
o,1854,1
malgamite,1898,126
of,1843,1
nangadto,2017,28
m,1994,1
mod,2001,13
of,1861,1
of,1827,1
one,1472,13
m,1843,1
of,1830,1
mod,2001,2
o,1810,1
m,1804,1
n,1813,1
m,1815,1
membrane,1489,1
of,1746,1
of,1811,1
n,1958,1
of,1854,1
mod,2005,7
of,1798,1
o,1656,1
of,1857,1
membrane,1815,1
m,1852,1
name,1899,1
m,1815,5
m,1804,1
of,1816,2
of,1820,1
nahasulat,2018,115
max,1988,1
n,1688,1
name,1909,1
one,1818,1
of,1832,1
m,1878,1
of,1844,1
m,1993,2
op,1772,1
of,1827,1
n,1870,1
m,1981,4
of,1827,1
of,1900,1
of,1854,1
max,1996,6
of,1804,1
oculopression,1966,448
m,1811,1
n,1733,1
membrane,1815,1
o,1819,1
one,1820,1
no,1809,1
n,1907,1
of,1858,1
of,1820,1
op,1981,1
of,1856,1
o,1809,1
max,1988,1
mod,1997,1
m,1991,1
n,1838,1
ntsomi,1969,314
norrer,1894,1
of,1850,1
n,1810,1
of,1798,1
m,1851,1
mysql,1999,1
mph,1708,1
m,1834,1
market,1972,1
o,1815,1
of,1823,2
one,1813,1
one,1819,1
of,1905,1
one,1699,1
mysql,1999,3
of,1865,1
of,1909,2
n,1815,1
one,1821,1
o,1855,1
n,1883,1
m,1832,1
of,1605,1
op,1648,1
of,1844,1
mod,1997,2
no,1767,1
lpah,1853,1
o,1991,1
name,2004,6
of,1831,1
one,1802,2
mysql,1900,2
one,1899,1
of,1869,1
o,1831,1
of,1855,2
of,1867,1
nuunamiut,1959,1791
mod,2006,19
m,1812,1
m,1784,1
of,1789,1
n,1816,1
n,1822,1
o,1852,1
one,1802,2
no,1818,1
of,1825,2
o,1822,1
of,1888,1
of,1824,1
of,1812,1
one,1833,1
m,1793,1
nagsisigawa,2017,506
nemtsy,1960,2
of,1823,1
m,1793,1
of,1812,1
no,1825,1
m,1991,13
microstrategy,1962,1
max,1997,1
n,1821,2
of,1823,1
m,1828,1
n,1834,1
of,1843,1
n,1874,1
of,1872,1
of,1888,1
of,1809,1
m,1812,1
o,1819,1
mod,2002,1
mod,1995,1
o,1757,1
of,1831,1
of,1808,1
op,1862,1
of,1804,1
one,1818,1
n,1803,1
mysql,1999,10
of,1842,1
of,1873,1
m,1832,1
one,1562,1
mod,1999,2
of,1819,1
of,1822,1
o,1816,1
one,1890,1
m,1793,1
of,1856,1
n,1979,1
mysql,1998,1
one,1817,2
ml,1818,1
of,1842,1
of,1859,1
o,1831,1
o,1848,1
of,1869,1
mod,1999,4
of,1829,1
no,1996,1
max,1827,1
m,1832,1
of,1878,1
of,1812,1
n,1894,1
of,1838,1
n,1808,1
of,1797,1
of,1863,2
of,1780,1
m,1866,1
max,1988,24
of,1808,1
mod,1997,1
of,1787,1
max,1999,7
n,1851,1
mysql,1999,29
ocean,1774,1
n,1815,1
of,1841,1
n,1815,1
m,1800,1
one,1833,2
of,1865,1
of,1499,2
m,1759,1
of,1833,1
m,1994,1
mysql,1999,12
of,1820,1
of,1818,2
of,1816,1
of,1858,1
o,1832,1
m,1991,2
of,1824,1
of,1803,1
no,2000,1
o,1812,1
m,1986,1
n,1831,1
moynihan,1870,4
of,1801,1
o,1815,1
of,1852,1
mysql,1999,3
n,2016,26
of,1855,2
o,1875,1
o,1816,1
o,1807,1
of,1883,1
of,1831,1
n,1808,1
max,1472,3
monroney,1945,1
of,1823,1
o,1854,1
of,1855,1
of,1853,1
o,1817,1
m,1820,1
mod,1817,1
m,1823,1
of,1834,1
of,1823,1
of,1807,1
mysql,1999,10
of,1816,1
name,1609,1
o,1807,1
one,1811,1
op,1823,1
ml,1849,1
o,1797,1
mod,1998,1
m,1883,3
of,1695,1
of,1817,1
lugar,1605,1
mysql,1999,15
max,1992,1
n,1854,1
of,1845,1
of,1802,1
o,1838,1
m,1874,1
m,1945,1
n,1831,1
of,1873,1
of,1816,1
o,1837,1
mod,1823,1
of,1841,1
of,1804,1
of,1654,1
o,1475,40
of,1893,1
of,1849,1
o,1846,1
op,1836,1
o,1860,1
market,1833,2
m,1805,1
mysql,1998,1
m,1813,1
one,1834,1
op,1726,1
mod,1996,3
of,1841,1
ml,1703,1
obama,1862,4
of,1822,1
o,1660,1
m,1816,1
mod,1987,1
of,1858,1
nutrilite,1832,1
of,1851,2
of,1860,1
max,2014,3
of,1893,1
n,1807,1
ocean,1830,2
no,1997,1
mysql,2002,2
of,1808,1
mod,1489,1
of,1850,1
o,1910,1
n,1860,1
m,1601,1
of,1860,1
of,1841,1
o,1770,1
m,1902,1
of,1852,1
of,1827,1
of,1838,1
of,1820,1
m,1801,1
n,1812,1
mod,1999,2
no,1832,1
lonehand,1866,1
of,1808,1
mod,1997,2
n,1805,1
n,1853,1
of,1660,1
of,1821,1
of,1804,1
of,1818,1
no,1833,1
of,1803,1
of,1813,1
m,1815,2
of,1802,1
m,1601,1
of,1783,1
n,1814,1
mysql,2000,1
murkowski,1949,1
m,1832,1
m,1801,1
of,1702,1
m,1972,1
n,1865,2
of,1849,1
max,1981,2
mod,1900,1
of,1880,1
o,1832,1
of,1662,1
mysql,1999,1
lpah,1853,1
of,1833,1
of,1883,1
m,1794,1
max,1996,1
mod,1900,1
of,1832,1
m,1804,1
m,1822,1
of,1855,1
o,1470,14
n,1822,1
mod,1501,1
one,1841,1
of,1868,2
of,1807,1
m,1776,1
localtelephone,1899,1
op,1739,1
mysql,1999,7
moleskine,1856,6
of,1772,1
official,1834,1
max,1985,1
n,1869,1
mod,1986,1
m,1813,1
of,1829,1
of,1775,1
m,1832,1
mod,1997,1
of,1874,1
m,1810,1
of,1793,1
official,1842,1
of,1708,1
op,2002,168
m,1820,1
of,1850,1
m,1736,1
of,1815,1
n,1823,1
name,1859,3
one,1834,1
of,1840,1
of,1849,1
m,1685,1
of,1830,1
no,1654,1
of,1805,1
of,1854,1
n,1797,1
ncsw,1764,1
no,1639,1
of,1847,1
of,1825,1
of,1811,1
of,1853,1
m,1850,1
m,1801,1
o,1770,1
o,1812,1
n,1806,1
of,1828,1
n,1843,1
mod,2003,1
o,1857,1
n,1813,1
m,1820,1
market,1812,1
n,1820,1
mod,1997,2
of,1833,2
of,1809,1
of,1813,1
o,1820,1
opendistributedaccess,2012,1000
m,1996,19
ml,1475,682
o,1815,1
o,1818,1
o,1897,1
o,1850,1
of,1816,1
of,1853,1
o,1851,2
of,1829,1
no,1997,10
m,1861,1
of,1815,1
of,1811,1
o,1834,1
n,1789,1
one,1809,1
m,1823,1
of,1801,1
no,2005,5
n,1823,1
of,1806,1
op,1855,1
mysql,1999,1
official,1798,1
n,1732,1
mysql,1998,2
one,1822,1
mod,1998,5
one,1801,1
o,1814,1
mysql,1999,10
no,1997,1
o,1803,1
n,1809,1
max,1997,2
m,1992,2
n,1810,1
o,1844,1
no,1853,1
n,1860,1
mysql,2001,1
of,1816,1
of,1866,1
of,1699,1
m,1993,20
of,1811,1
name,1986,12
no,1843,1
of,1805,1
max,1999,4
m,1997,6
mysql,1998,2
m,1810,1
op,1613,1
of,1888,1
murkowski,1949,1
name,1912,1
of,1751,1
of,1807,1
of,1832,1
of,1854,1
ml,1661,1
m,1994,30
no,1860,1
m,1895,1
of,1913,1
o,1815,1
m,1832,1
of,1859,1
name,1916,1
max,1985,4
ohmed,1823,1
of,1683,1
m,1813,1
m,1856,1
lugar,1877,1
no,1807,1
o,1851,1
of,1785,1
of,1860,1
o,1911,1
o,1818,1
m,1991,3
o,1828,1
of,1775,1
mod,1900,2
n,1832,1
one,1834,1
of,1470,33
o,1806,1
n,1988,4
of,1850,1
n,1852,1
lugar,1662,1
m,1894,1
of,1807,1
of,1826,1
m,1500,1
of,1831,2
no,1825,1
o,1837,2
no,1805,1
of,1828,1
of,1816,1
of,1729,1
of,1803,1
of,1776,1
m,1832,1
of,1915,1
of,1802,1
mackeld,2018,581
o,1808,1
o,1787,1
mod,1999,8
o,1834,1
of,1830,1
n,1724,1
ntsomi,1969,6
m,1994,1
o,1783,1
of,1842,1
no,1896,2
of,1843,1
name,1969,2
n,1781,1
m,1852,1
o,1834,1
mod,1998,1
m,1869,1
of,1796,1
occludent,1851,1524
o,1829,1
ml,1542,32
no,1886,1
m,1797,1
mod,1997,2
op,1490,1
n,1835,1
m,1766,1
one,1809,1
of,1828,1
of,1801,1
of,1801,1
n,1833,1
o,1837,1
o,1864,1
n,1997,1
o,1852,1
of,1835,1
of,1830,1
n,1817,1
market,1812,1
one,1826,1
mysql,1899,1
o,1833,1
m,1986,10
of,1811,1
no,1773,1
n,1840,1
one,1613,3
n,1808,1
of,1860,1
m,1805,1
of,1828,1
m,1741,1
m,1813,1
o,1825,1
of,1830,1
of,1856,1
of,1828,2
one,1727,1
m,1837,1
of,1780,1
m,1834,1
of,1810,1
of,1816,2
one,1818,1
mod,1998,1
of,1651,1
m,1472,1
of,1812,1
one,1475,6
market,1477,399
of,1826,1
of,1815,1
o,1816,1
o,1880,1
of,1742,1
of,1812,1
of,1809,1
one,1730,1
o,1822,1
o,1817,1
mod,1998,2
of,1839,1
n,1840,1
of,1850,1
mod,2002,1
of,1854,2
of,1752,1
n,1831,1
o,1563,1
m,1991,3
of,1849,1
n,1830,1
op,2002,49
of,1880,1
m,1834,1
n,1757,1
of,1854,1
mysql,2001,20
mod,2002,1
of,1817,1
one,1821,1
o,1810,1
no,1788,1
of,1749,1
of,1889,1
mod,1997,4
m,1993,1
max,1801,1
of,1857,1
of,1884,1
llacl,1824,1
of,1806,1
n,1858,1
n,1869,1
max,1971,1
of,1857,1
m,1815,1
of,1865,1
o,1816,1
n,1828,1
m,1804,1
mod,1998,2
o,1800,1
of,1789,1
of,1849,1
negl,1676,1
n,1993,1
of,1809,1
of,1857,1
of,1819,1
one,1812,1
of,1890,1
of,1871,1
no,1992,13
of,1844,1
of,1846,1
of,1861,1
of,1843,1
of,1832,1
m,1813,1
n,1835,1
of,1804,1
n,1806,1
ml,1906,2
of,1834,1
n,1814,1
manor,1485,476
m,1867,1
o,1816,1
mysql,1999,1
mixture,1819,1
of,1823,1
o,1828,2
m,1988,2
of,1844,1
n,1790,1
max,1990,1
no,1472,6
mph,1819,1
of,1731,1
of,1864,1
of,1808,2
of,1824,1
o,1789,1
mod,1549,1
of,1819,1
of,1819,1
n,1813,1
m,1781,1
max,1994,1
m,1850,1
n,1852,1
of,1814,1
of,1626,1
n,1814,1
of,1846,1
n,1804,1
m,1843,1
morontia,1955,2746
name,1977,2
of,1904,1
of,1808,1
no,1858,1
of,1877,1
of,1669,1
o,1806,1
n,1811,1
m,1993,1
o,1826,1
m,1994,18
m,1831,1
o,1823,1
of,1861,1
of,1795,1
of,1817,1
o,1828,1
mod,1999,6
o,1851,1
mod,2000,1
of,1785,1
n,1870,1
mod,1703,1
of,1907,1
of,1853,1
m,1837,2
n,1814,1
milepost,1897,3
n,1818,1
mysql,1900,2
m,1854,1
max,2001,1
n,1851,1
of,1855,1
obama,1971,1
nildoror,1969,516
one,1834,1
o,1806,1
max,1990,3
no,1835,1
m,1816,1
one,1472,7
of,1845,1
o,1827,1
op,1634,1
of,1838,1
mod,1999,1
o,1852,1
no,1805,1
of,1916,1
of,1809,1
nabokov,1940,1
manor,1764,1
n,1817,1
of,1853,1
of,1763,1
m,1837,1
official,1472,1
of,1774,1
of,1826,1
of,1830,1
of,1856,1
of,1848,1
ml,1906,3
of,1810,1
one,1831,1
of,1844,1
mod,1997,1
n,1861,1
m,1837,1
max,1978,37
occludent,1810,1
of,1816,1
o,1876,1
m,1828,1
op,1641,1
no,1853,1
n,1797,1
market,1920,1
one,1843,1
m,1868,1
of,1808,1
medrectangle,2018,944
m,1824,1
one,1818,1
of,1811,1
of,1844,1
o,1806,1
no,1919,1
of,1807,1
n,1872,1
of,1802,1
mod,1796,1
of,1860,1
one,1829,1
of,1812,1
o,1847,1
of,1855,1
n,1958,1
m,1858,1
market,1958,1
mccain,1934,1
o,1827,1
of,1804,1
m,1867,1
of,1665,1
no,1808,1
mod,1998,1
of,1872,1
of,1819,1
n,1796,1
of,1884,1
mysql,1999,9
of,1812,2
official,1885,1
of,1817,1
official,1791,1
m,1826,2
one,1841,1
market,1833,2
of,1980,1
max,1976,3
of,1815,1
of,1865,1
of,1682,1
of,1802,1
m,1995,3
m,1986,1
mod,2001,13
name,1848,1
of,1775,1
n,1818,2
of,1851,1
of,1861,1
of,1787,1
of,1867,1
of,1833,1
of,1917,2
o,1811,1
of,1830,1
n,1883,1
mod,1999,11
official,1803,1
o,1823,1
of,1803,1
m,1801,1
of,1900,1
of,1861,1
one,1872,1
n,1823,1
max,1994,2
max,2002,10
of,1830,1
one,1879,1
of,1826,1
of,1859,1
m,1874,1
m,1716,1
omnidoxical,2019,683
m,1816,1
o,1850,2
of,1809,1
n,1812,1
maine,1501,1
n,2003,8
o,1711,1
o,1879,1
n,1800,1
of,1705,1
official,1999,4
no,1609,1
of,1832,1
of,1628,1
max,1984,1
of,1815,1
mod,1997,1
op,2002,33
m,1861,1
n,1829,1
m,1972,1
max,1989,3
mansoul,1770,1
of,1821,1
n,1988,3
mod,1999,9
mysql,1999,3
no,1811,1
no,1802,1
m,1869,1
of,1834,1
official,1806,1
name,1915,2
mod,1900,2
one,1839,1
max,1984,1
n,1813,1
of,1809,1
one,1853,1
of,1812,1
ml,1953,1
n,1789,1
of,1807,1
of,1809,1
market,1965,1
milepost,1879,1
no,1736,1
m,1813,1
max,1990,2
mysql,2000,38
ml,1499,1
of,1909,1
name,1994,1
n,1819,1
no,1822,2
name,1860,1
m,1836,1
of,1810,1
op,1501,8
no,1812,1
nangasa,1991,1
of,1869,1
no,1904,1
of,1822,1
n,1801,1
one,1824,1
of,1834,1
of,1535,1
monroney,1945,1
m,1869,1
o,1864,1
name,1994,1
n,1773,1
n,1818,1
m,1831,1
mysql,2000,27
of,1722,1
membrane,1850,1
n,1827,2
max,1987,1
o,1820,1
of,1857,1
o,1816,1
mod,1997,2
n,1813,1
of,1796,1
no,1817,1
of,1674,1
mysql,1999,4
of,1803,1
of,1708,1
of,1651,1
of,1777,1
of,1818,1
mopac,1938,2
official,1944,1
max,1985,4
one,1812,1
o,1825,1
o,1472,1
mod,1997,1
m,1828,1
o,1843,1
of,1790,1
of,1825,1
mod,1999,10
of,1477,1
max,1978,2
of,1908,1
of,1837,1
m,1995,4
of,1860,1
n,1844,1
of,1837,1
mod,2002,9
of,1702,1
of,1841,1
n,1869,1
official,1806,1
op,1478,1
of,1827,1
o,1771,1
of,1826,2
of,1808,1
max,1980,1
mod,1999,56
of,1826,2
of,1837,1
one,1801,1
one,1819,1
ml,1883,1
n,1987,2
m,1855,1
nectophore,1888,917
m,1804,1
o,1850,1
m,1828,1
of,1805,1
o,1851,2
of,1808,1
max,1983,1
maine,1674,1
of,1907,1
of,1845,1
one,1855,1
one,1631,1
of,1867,1
name,1826,1
n,1988,6
of,1709,1
of,1830,1
no,1712,1
of,1770,1
of,1824,1
no,1792,1
of,1854,1
of,1860,1
n,1869,1
n,1866,1
of,1817,1
of,1736,1
n,1841,2
no,1992,1
of,1904,1
one,1791,1
no,1826,1
of,1800,1
of,1845,1
no,1990,3
max,2003,3
no,1829,1
of,1866,1
of,1846,1
of,1800,1
n,1832,1
o,1832,1
mixture,1892,2
of,1809,1
of,1817,1
of,1812,1
no,1990,3
m,1708,1
n,1744,1
lpah,1909,1
of,1892,1
one,1849,1
one,1725,1
m,1832,1
mod,1999,9
of,1808,1
no,1831,2
o,1798,1
no,1829,1
of,1811,1
of,1856,1
max,1976,1
ml,1858,1
op,2002,41
no,1852,1
m,1993,15
o,1897,1
no,1839,1
o,1822,1
official,1798,1
mysql,1999,5
of,1862,1
one,2003,3
no,1808,2
one,1815,1
of,1855,1
m,1529,1
of,1860,1
mitkhal,1830,24
mysql,1999,1
of,1852,1
m,1799,1
no,1802,1
negl,1621,1
milepost,1832,6
no,1995,30
n,1838,1
n,1770,1
o,1806,1
of,1860,1
of,1766,1
op,1501,1
name,2004,3
name,1472,1
of,1719,1
of,1815,1
o,1808,1
mysql,1900,1
merhileh,1800,739
mysql,2000,9
opensourcc,2009,1697
name,1797,1
n,1833,1
market,1908,2
one,1803,1
n,1812,1
obama,2009,2
of,1904,1
of,1876,1
of,1772,1
one,1800,1
n,1820,1
of,1770,1
one,1851,1
n,1833,1
m,1817,1
one,1860,1
of,1873,1
of,1812,1
merhileh,1800,350
nemtsy,1895,1
o,1788,1
michigan,1500,1
max,1986,2
of,1851,1
name,1781,1
n,1832,1
no,1811,1
of,1906,1
o,1826,1
m,1783,1
name,1828,1
of,1730,1
of,1819,1
of,1506,1
of,1864,1
of,1812,2
of,1821,1
of,1855,1
one,1805,1
of,1849,1
of,1839,1
no,2004,17
o,1818,1
of,1830,1
m,1800,1
of,1867,1
n,1857,4
max,1983,1
no,1999,2
op,1533,1
name,1836,1
mod,1998,2
of,1785,1
of,1654,1
mod,1997,19
m,1793,1
of,1839,1
one,1807,1
of,1847,1
mysql,2002,3
m,1793,1
of,1814,1
of,1815,1
n,1799,1
o,1820,1
o,1771,1
mysql,2004,16
mysql,2000,4
michigan,1500,1
n,1957,1
op,1806,1
op,1520,1
of,1783,1
of,1834,1
of,1849,1
mod,1881,1
of,1829,1
n,1782,1
market,1749,1
n,1846,1
of,1472,1
o,1823,1
max,1992,2
of,1824,1
of,1847,1
max,1746,1
o,1697,1
of,1830,1
nangasa,1889,3
n,1858,2
o,1801,1
of,1784,1
of,1809,1
m,1986,3
op,1872,2
of,1846,1
o,1869,1
o,1825,1
m,1811,1
n,1790,1
namenda,1874,1
m,1971,1
mod,1999,15
of,1851,1
of,1846,1
of,1836,1
of,1750,1
mysql,2000,13
n,1688,1
o,1815,1
of,1661,1
o,1807,1
one,1849,1
of,1922,1
of,1843,1
ml,1906,1
of,1901,1
m,1829,1
max,1994,1
o,1831,1
of,1813,1
of,1818,1
mopac,1788,1
of,1827,1
negl,1621,1
o,1831,1
of,1867,1
of,1812,1
one,1470,1
obama,2009,2
of,1835,1
n,1793,1
obama,1971,1
no,1736,1
of,1639,1
no,1832,1
one,1845,1
mod,1997,5
of,1803,1
of,1805,1
mysql,1999,4
mixture,1883,1
n,1851,1
of,1809,1
of,1708,1
of,1846,1
n,1813,1
nemtsy,1911,1
of,1806,1
of,1842,1
makhulu,1930,45
m,1831,1
n,1812,1
of,1821,1
one,1838,1
of,1796,1
of,1875,1
of,1834,1
of,1806,1
market,1846,1
m,1814,1
o,1849,2
n,1932,1
mod,1997,1
o,1800,1
n,1828,1
official,1798,1
n,1834,1
no,1811,1
of,1715,1
o,1853,1
m,1878,1
of,1801,1
market,1908,2
of,1827,1
m,1832,2
o,1793,1
of,1820,1
mysql,1999,8
of,1842,2
of,1878,1
n,1812,1
mysql,1999,17
of,1689,1
mod,1997,4
m,1810,1
of,1811,1
market,1967,1
of,1853,1
n,1816,1
n,1853,1
of,1803,1
o,1884,2
m,1991,5
of,1853,1
of,1792,1
n,1818,2
one,1985,1
makhulu,1930,699
of,1860,1
of,1809,1
one,1802,1
m,1850,1
luteocobalt,1857,452
of,1809,1
m,1992,2
mysql,2000,5
mysql,2001,6
m,1832,1
of,1823,1
mod,1998,1
of,1880,1
o,1879,1
n,1813,1
mysql,1809,1
o,1845,1
nylic,1856,1
o,1771,1
m,1783,1
one,1834,1
nutrilite,1832,1
of,1816,1
o,1838,1
of,1772,1
market,1941,1
m,1991,5
n,1918,1
no,1836,1
n,1817,1
of,1832,1
o,1841,1
of,1820,1
one,1802,1
o,1987,1
of,1794,1
of,1691,1
mod,1997,5
of,1811,1
m,1745,1
of,1855,1
name,1826,1
of,1861,1
n,1851,1
of,1785,1
m,1814,1
max,1978,47
ocean,1797,1
of,1822,2
of,1660,1
nangadto,2017,833
of,1816,1
of,1808,1
llacl,1836,2
no,1995,6
of,1823,1
of,1856,1
official,1866,1
mikulski,1919,2
n,1993,3
opeku,1854,1
of,1849,1
of,1614,1
of,1854,1
of,1868,1
o,1814,1
of,1669,1
op,1845,1
no,1805,1
mod,1996,3
o,1824,1
of,1859,1
of,1877,2
of,1638,1
misbrandin,1889,2
n,1998,9
of,1834,1
of,1876,1
o,1831,1
no,1803,1
mod,1987,1
no,1908,1
o,1858,1
openmi,1884,1
n,1809,1
of,1854,1
one,1843,1
no,1900,1
of,1841,1
of,1865,1
name,1826,1
m,1826,2
mod,1998,1
of,1868,1
nonoperatives,1832,11
m,1993,5
of,1865,1
of,1823,1
n,1812,1
mysql,1999,7
one,1871,2
of,1872,1
official,1952,1
one,1725,2
of,1843,1
mysql,1900,2
m,1882,1
n,1803,1
max,1979,2
ocean,1797,1
m,1863,1
max,1994,1
of,1812,1
mod,2006,3
nonoperatives,1832,11
n,1997,1
mysql,2000,4
m,1808,1
of,1796,1
m,1824,1
of,1752,1
of,1810,1
mod,1999,15
mod,2002,3
no,1904,1
n,1832,1
of,1854,1
of,1878,1
of,1845,1
of,1852,1
o,1656,1
market,1833,2
no,1900,1
n,1946,1
magaingon,2017,629
of,1809,1
of,1801,1
m,1500,2
one,1800,1
mysql,1900,34
m,1820,1
of,1809,1
m,1807,1
of,1836,1
o,1874,1
of,1865,1
o,1809,1
michigan,1782,1
of,1809,1
of,1810,1
of,1501,1
of,1806,1
max,1999,5
name,1609,1
of,1868,2
m,1995,15
no,1831,1
o,1819,1
of,1834,1
of,1838,1
no,1808,2
o,1816,1
o,1860,1
of,1834,1
of,1805,1
m,1991,5
m,1810,1
of,1815,1
n,1803,1
omedcent,2013,759
of,1847,1
max,1989,3
one,1833,1
of,1807,1
name,1986,23
n,1860,1
of,1814,1
op,1856,1
of,1854,1
of,1809,1
of,1759,1
of,1823,1
mod,2003,3
o,1810,1
of,1847,1
of,1834,1
mysql,1999,14
of,1824,1
m,1472,1
m,1859,1
of,1831,1
of,1813,1
of,1812,1
m,1811,1
of,1835,1
of,1810,1
no,1793,1
mod,1900,2
makhulu,1930,627
no,1811,1
of,1752,1
o,1816,2
m,1811,1
o,1701,1
max,1972,1
of,1829,1
o,1816,1
o,1895,1
o,1816,1
of,1750,1
n,1948,1
max,1988,3
of,1803,1
max,1985,4
market,1850,1
of,1795,1
mph,1476,8
m,1804,1
n,1962,2
o,1785,1
one,1725,2
of,1864,2
of,1829,1
o,1812,1
of,1841,1
of,1785,1
of,1835,1
op,1842,1
m,1832,1
of,1840,1
n,1832,1
o,1668,1
of,1852,1
multiball,1879,497
m,1793,2
of,1884,2
of,1863,1
of,1841,1
max,1972,2
max,1972,5
of,1801,1
m,1986,2
of,1816,2
no,1820,1
noctidiurnal,1852,948
of,1736,1
mysql,1999,5
n,1801,1
name,1861,1
o,1886,1
of,1811,1
of,1508,1
mod,1997,1
no,1832,1
manor,1485,476
m,1802,1
max,1983,1
no,1813,1
n,1815,1
of,1874,1
one,1697,1
lisim,1742,1
no,1843,1
mod,2001,13
n,1828,1
of,1854,1
of,1884,1
op,1738,1
one,1840,1
o,1818,1
of,1857,1
of,1806,1
of,1904,1
of,1813,1
m,1881,1
m,1990,1
of,1807,1
m,1987,13
m,1816,1
m,1811,1
of,1850,1
metirosine,1978,805
of,1812,1
mod,1987,4
one,1470,1
o,1697,2
of,1714,1
of,1846,1
one,1809,1
of,1808,1
name,1480,3
o,1844,1
m,1856,1
one,1665,1
o,1853,1
o,1830,1
of,1909,1
m,1901,1
o,1817,1
mod,1998,3
one,1760,1
o,1998,6
of,1819,1
no,2005,2
of,1854,1
of,1836,1
of,1917,1
m,1967,1
of,1702,1
of,1830,1
of,1896,1
mysql,2000,7
of,1847,1
mambunong,1919,925
of,1660,1
n,1838,1
name,1965,4
mod,1996,2
o,1818,1
o,1774,1
of,1836,1
n,1849,1
m,1966,1
of,1771,2
n,1802,1
of,1868,1
m,1853,1
ml,1675,1
n,2014,54
of,1761,1
m,1852,1
o,1563,1
m,1820,1
of,1499,2
of,1838,1
n,1802,1
n,1782,1
of,1884,1
max,1979,2
ml,1867,1
maine,1893,1
of,1800,2
o,1852,1
m,1966,1
mixture,1892,2
of,1830,1
of,1820,1
mod,1999,4
mpsc,1840,1
m,1986,12
n,1832,1
markey,1822,1
of,1869,1
obama,2009,7
market,1893,1
maine,1501,1
o,1834,1
o,1809,1
max,1954,1
m,1836,1
market,1876,1
of,1832,1
n,1824,1
one,1826,1
of,1858,1
no,1824,1
o,1812,1
of,1856,1
nangadto,2017,756
of,1808,1
m,1811,1
of,1795,1
m,1995,2
m,1818,1
of,1849,1
n,1829,1
one,1804,1
of,1827,1
of,1821,1
n,1781,1
m,1826,1
mpsc,1985,1
one,1806,1
of,1809,1
maine,1841,1
of,1799,1
of,1926,1
max,1997,3
o,1832,1
one,1832,1
o,1881,1
m,1837,1
name,1982,2
one,1832,1
nagahangyo,2017,562
of,1730,1
of,1805,1
o,1668,1
one,1820,2
of,1811,1
m,1809,1
one,1818,1
one,1854,1
m,1810,1
of,1818,1
mysql,2000,1
n,1812,1
o,1743,1
of,1880,1
m,1991,7
nagsisigawa,2017,95
o,1837,2
o,1863,1
of,1852,1
n,1851,2
n,1881,1
n,1820,1
ocean,1472,6
mod,1997,1
of,1851,1
o,1821,1
no,1803,1
of,1858,1
mysql,1999,11
of,1800,1
name,1910,1
max,1985,1
m,1991,3
mod,1977,2
o,1855,2
m,1792,1
of,1819,1
name,1781,1
no,1813,1
of,1849,1
mysql,1999,1
of,1660,1
m,1837,1
name,1983,4
max,1977,1
no,1819,1
o,1804,1
of,1847,1
n,1803,1
mod,1999,5
of,1826,1
max,1972,4
of,1812,1
of,1817,1
n,1849,1
newshawks,1923,568
of,1879,1
official,1791,1
no,1803,1
no,1859,1
m,1986,1
one,1652,1
o,1849,1
m,1845,1
m,1986,1
one,1838,1
mysql,1999,4
mccain,1884,1
no,1863,1
one,1810,1
of,1772,1
one,1814,1
of,1836,1
m,1896,1
of,1815,1
one,1871,3
name,1826,1
mod,2000,1
one,1855,1
m,1818,1
of,1783,1
n,1902,1
official,1879,1
n,1727,1
one,2004,6
n,1806,1
o,1570,1
o,1869,1
of,1702,1
of,1791,1
n,1827,1
one,1823,1
m,1809,1
o,1772,1
of,1854,1
of,1799,1
o,1752,1
m,1832,1
of,1815,1
mixture,1475,626
mod,2002,30
nangadto,2017,14
market,1965,1
of,1871,1
mysql,2000,14
mysql,1999,1
of,1820,1
one,1833,1
no,1845,1
max,1976,5
n,1833,1
of,1817,1
of,1812,1
mysql,2000,3
of,1793,1
ohmed,1851,1
obama,1969,1
name,1991,6
max,1992,4
m,1816,1
of,1792,1
of,1753,1
mysql,1998,2
mysql,1999,2
name,1817,1
of,1828,1
of,1803,1
name,1797,1
m,1994,2
m,1839,1
mod,1999,3
of,1849,1
max,1976,1
of,1851,1
of,1829,1
one,1853,1
n,1819,1
of,1689,1
ml,1841,1
of,1808,1
m,1832,1
m,1810,1
name,1859,2
max,1997,3
m,1837,2
m,1855,1
n,1828,1
name,1844,1
max,1991,1
market,1854,1
mysql,2000,9
of,1717,1
no,1843,1
m,1860,1
name,1900,2
of,1866,1
of,1837,1
n,1815,1
o,1811,1
one,1775,1
of,1831,1
max,1987,2
one,1860,1
mixture,1475,626
of,1861,1
of,1864,1
of,1849,1
of,1808,1
of,1828,1
of,1806,1
market,1903,1
m,1813,1
official,1857,1
n,1816,1
of,1831,1
n,1828,1
of,1856,1
of,1806,1
n,1860,1
o,1837,1
of,1822,1
o,1711,1
mightineffes,1742,1019
of,1823,1
of,1806,1
n,1857,1
of,1832,1
of,1803,1
mysql,1999,11
of,1879,1
no,1803,1
mod,2000,1
m,1817,1
moynihan,1908,1
of,1832,1
n,1732,1
mod,2000,2
o,1847,1
of,1819,1
o,1843,1
nectophore,1905,1
of,1833,1
of,1822,1
m,1873,1
of,1501,1
m,1751,1
of,1851,1
n,1808,1
one,1839,1
o,1841,1
of,1840,1
of,1912,1
o,1640,1
nutrilite,1869,1
of,1807,1
no,1995,38
m,1816,1
max,1990,1
o,1816,1
max,1983,14
op,2001,5
of,1846,1
of,1826,2
n,1856,2
o,1823,1
of,1803,1
n,1734,1
of,1808,1
of,1808,1
one,1758,1
of,1851,1
one,1789,1
op,1764,1
m,1886,1
of,1773,1
o,1813,1
name,1874,1
ml,1850,1
no,1773,1
m,1916,1
m,1993,5
of,1834,1
m,1857,1
n,1831,1
m,1867,1
m,1861,1
no,1600,1
of,1697,1
n,1812,1
m,1877,1
of,1689,1
o,1686,1
n,1899,1
n,1815,1
of,1734,1
noerr,1985,630
m,1834,1
o,1869,1
obama,1960,1
of,1762,1
of,1832,1
o,1834,1
n,1806,1
max,1987,4
of,1809,1
m,1991,9
op,1681,1
of,1828,1
of,1829,1
no,1793,1
op,1930,2
m,1834,1
of,1902,1
m,1829,5
of,1868,1
mod,1999,1
oculopression,1966,457
of,1813,1
op,2001,3
o,1825,1
o,1697,1
no,1840,1
of,1810,1
mysql,2006,33
mysql,1999,1
no,1825,1
name,1987,3
of,1832,1
m,1894,1
max,2004,1
of,1821,1
max,1982,15
ordeanned,1843,1154
nylic,1856,1
of,1911,1
mysql,1999,2
of,1820,1
no,1703,1
of,1807,1
nascot,1862,1
of,1828,1
m,1995,2
ml,1844,1
of,1808,1
of,1798,1
of,1802,1
malgamite,1898,408
one,1801,1
o,1857,1
o,1834,1
no,1812,1
of,1793,1
n,1806,1
n,1829,1
mod,1997,1
no,1808,1
ml,1760,1
max,1982,1
of,1814,1
one,1716,1
name,1817,1
m,1993,1
no,1900,1
of,1805,1
of,1841,1
o,1831,1
n,1851,1
n,1980,4
of,1734,1
of,1817,1
of,1812,1
m,1808,1
n,1815,1
mod,1732,1
max,1992,1
o,1812,1
max,1980,1
m,1846,1
of,1851,1
of,1823,1
of,1808,1
of,1811,1
of,1827,1
of,1862,1
mod,1900,1
of,1845,1
of,1831,1
of,1820,1
moleskine,1856,6
of,1811,1
n,1762,1
of,1829,1
mysql,1999,1
of,1814,1
m,1991,8
max,1988,1
of,1841,1
n,1811,1
m,1852,2
of,1812,1
mysql,2005,1
m,1822,1
n,1827,2
of,1812,1
of,1884,3
of,1851,1
o,1808,1
of,1845,1
of,1865,2
m,1763,1
one,1823,1
one,1807,1
of,1706,1
of,1819,1
milepost,1910,6
of,1852,1
n,1817,1
of,1811,1
m,1843,1
max,1991,1
max,1997,1
metirosine,1978,805
max,1976,1
max,1982,5
no,1832,1
of,1856,1
of,1733,1
no,1813,1
max,1980,1
o,1802,1
n,1852,1
m,1706,1
no,1765,1
one,1809,1
of,1854,1
of,1800,1
one,1871,1
merhileh,1800,384
mccain,1934,1
m,1869,1
of,1812,1
n,1814,1
market,1893,1
of,1851,1
of,1811,1
mysql,1986,1
max,1999,1
n,1851,1
mysql,1999,7
n,2000,6
no,1489,1
of,1823,1
m,1836,1
of,1883,1
mod,1974,1
mod,1998,5
of,1867,1
mysql,2000,6
n,1849,1
n,1750,1
o,1852,1
one,1816,1
of,1855,1
of,1831,1
mysql,1999,6
no,1992,15
m,1529,6
of,1861,1
m,1862,1
official,1873,1
of,1805,1
max,2001,1
mod,1899,1
mysql,2000,3
of,1816,1
o,1787,1
n,1808,1
of,1839,1
o,1797,1
one,1830,1
n,1874,1
no,1820,1
no,1813,1
o,1817,1
m,1972,1
n,1750,1
n,1810,1
mod,1997,12
nahasulat,2017,50
max,1986,2
one,1683,1
of,1880,1
o,1829,1
of,1867,1
one,1590,1
of,1856,1
membrane,1475,1
of,1851,1
of,1780,1
of,1841,1
of,1825,1
m,1827,1
m,1811,1
of,1851,2
manor,1584,1
ocean,1778,1
m,1797,1
m,1834,2
of,1809,1
no,1709,1
m,1986,4
of,1853,1
of,1800,1
n,1814,1
market,1890,1
of,1732,1
of,1735,1
of,1808,1
m,1844,1
n,1797,1
max,2001,1
of,1867,1
max,1986,11
o,1832,2
no,1795,1
of,1654,1
o,1770,1
one,1916,1
n,1817,1
m,1816,1
of,1811,2
mixture,1726,1
m,1832,1
ocean,1472,6
ocean,1835,1
of,1814,1
of,1819,1
n,1853,1
of,1651,1
of,1810,1
mod,2007,2
of,1819,2
no,1828,1
of,1688,1
m,1836,1
of,1852,1
of,1854,1
of,1845,1
obama,1717,1
n,1870,1
mod,1900,2
n,2014,54
n,1791,1
o,1808,1
max,1994,1
of,1809,2
of,1734,1
markey,1753,1
o,1813,1
o,1816,1
of,1911,1
n,1842,1
official,1477,8
m,1826,1
one,1866,1
o,1874,1
one,1846,1
mod,1999,5
n,1851,1
of,1813,1
m,1791,1
of,1822,1
of,1896,1
of,1813,1
mod,1997,1
lmfbr,1942,2
mysql,2000,3
o,1804,1
max,1988,1
of,1905,1
nuunamiut,1959,1396
n,1987,2
no,1816,1
o,1814,1
of,1662,1
of,1728,1
of,1850,1
n,1830,1
of,1853,1
n,1818,1
mccaskill,1919,1
mod,1997,1
no,1868,1
of,1833,1
of,1664,1
max,1976,1
n,1866,1
nahasulat,2017,85
n,1899,1
o,1636,1
of,1868,1
m,1998,8
of,1824,1
m,1804,1
of,1826,1
of,1802,1
n,1956,1
of,1834,1
no,1788,1
of,1911,1
m,1806,1
mod,2002,2
nabokov,1968,1
o,1660,1
one,1830,1
m,1817,1
mod,1900,2
o,1799,1
nagsilabas,2017,226
market,1972,1
op,1861,1
m,1807,1
m,1853,1
mod,1999,1
o,1998,8
of,1480,6
of,1638,1
name,1921,1
market,1996,1
name,1900,2
o,1822,1
n,1716,1
m,1812,1
o,1801,1
of,1812,1
ml,1865,1
of,1819,2
of,1897,1
one,1700,1
of,1815,1
of,1903,3
n,1847,1
name,1821,1
o,1798,1
m,1802,1
of,1900,1
of,1828,1
o,1807,1
o,1819,1
o,1910,1
o,1843,1
one,1817,1
milepost,1789,1
mod,1998,4
of,1827,1
mod,1999,82
mysql,2006,56
of,1810,1
o,1832,1
m,1995,5
mod,1996,1
of,1838,1
of,1854,1
max,1994,5
mod,1998,5
n,1825,1
of,1772,1
no,1847,1
of,1803,1
n,1733,1
mod,1997,1
n,1822,2
m,1685,1
no,1832,1
max,1988,7
no,1919,1
of,1811,1
m,1815,1
of,1813,1
m,1796,1
of,1846,1
max,1992,1
no,1805,1
of,1852,1
of,1893,1
n,1799,1
mod,2002,13
of,1866,1
of,1895,1
mod,1911,1
o,1829,1
no,1470,1
market,1477,6
mod,1997,3
of,1862,1
n,1808,1
of,1845,1
o,1832,1
of,1669,1
m,1984,24
n,1816,1
m,1588,1
m,1810,1
name,1939,1
mod,2000,1
of,1775,1
ml,1853,1
mod,1997,1
n,1849,1
of,1808,1
of,1911,1
max,1972,1
of,1812,1
m,1809,1
o,1846,1
o,1770,1
of,1827,1
mod,1998,11
manor,1683,1
of,1805,1
no,1838,1
official,1885,2
m,1855,1
mysql,1999,3
of,1851,1
n,1828,1
of,1834,1
no,2000,1
of,1862,1
of,1822,1
membrane,1728,1
of,1846,1
name,1761,1
ml,1740,1
of,1833,1
n,1793,1
of,1817,1
of,1826,2
of,1879,1
m,1810,1
n,1815,1
m,1892,1
mysql,2000,2
o,1812,1
m,1909,1
n,1899,1
name,1990,1
op,1819,1
o,1752,1
of,1832,1
m,1811,1
o,1563,1
of,1869,1
max,1644,1
max,1982,3
of,1773,1
of,1805,1
of,1638,1
o,1739,1
of,1844,1
of,1850,1
mysql,2000,6
of,1828,1
of,1863,1
n,1812,1
n,1857,1
o,1885,1
mod,2000,5
max,1999,2
mod,2003,3
of,1834,1
of,1850,1
of,1800,1
name,1702,1
op,2001,5
one,1866,1
of,1790,1
of,1796,1
no,1865,1
m,1990,5
of,1649,1
nonfatally,1935,1
mysql,1999,3
mod,1997,1
name,1804,1
op,2001,2
m,1834,1
m,1816,1
o,1816,1
o,1839,1
n,1475,104
of,1862,1
ml,1499,1
of,1808,1
of,1604,2
of,1853,1
negl,1657,1
one,1871,1
m,1819,1
of,1809,1
m,1823,1
ocean,1829,1
m,1991,3
m,1790,2
of,1865,1
o,1828,1
mod,1489,1
op,1698,1
max,1988,2
o,1874,1
op,1931,1
max,1992,12
m,1851,1
n,1816,1
of,1917,1
official,1817,1
ocean,1829,1
mod,1997,1
of,1808,1
no,1813,1
of,1850,1
of,1868,1
o,1826,1
n,1846,1
o,1829,1
one,1838,1
m,1793,1
one,1949,1
mysql,2000,4
nagsisigawa,2017,74
n,1945,1
mph,1708,1
name,1848,1
mod,1997,1
official,1472,1
mod,1999,8
one,1871,1
of,1785,1
no,1855,1
of,1809,1
n,1873,1
max,1990,1
op,1824,1
of,1735,1
m,1723,1
of,1845,1
of,1815,2
localtelephone,1899,1
of,1832,1
m,1813,1
of,1481,1
m,1995,14
one,1838,1
op,1806,1
of,1865,1
max,1990,3
one,1856,1
of,1853,1
of,1822,1
of,1896,1
of,1852,1
of,1508,1
n,1843,1
o,1745,1
of,1714,1
o,1841,1
ml,1759,1
n,1813,1
max,2005,5
n,1824,1
lugar,1808,1
of,1809,1
of,1838,2
n,1830,1
op,1819,1
of,1738,1
n,1986,4
of,1815,1
n,1986,2
max,1978,3
m,1860,1
of,1810,1
ml,1867,1
of,1792,1
op,1809,1
of,1873,1
m,1854,1
mysql,1900,1
m,1816,1
of,1886,1
magaingon,2017,535
o,1861,1
one,1796,1
mod,1998,1
m,1832,1
m,1812,1
m,1823,1
of,1695,1
of,1815,2
one,1858,1
max,1992,12
m,1986,2
m,1819,1
of,1860,1
m,1857,1
no,1840,1
of,1802,1
mod,1999,3
mod,1996,1
no,1815,1
max,1978,4
n,1843,1
n,1808,1
n,1956,1
of,1854,1
of,1810,1
of,1814,1
of,1500,2
of,1837,1
no,1781,1
of,1826,1
of,1803,1
of,1708,1
one,1838,1
of,1856,1
o,1872,2
m,1984,9
ml,1994,2
n,2013,3
m,1993,5
of,1875,1
o,1804,1
of,1817,1
m,1834,1
llacl,1806,1
m,1832,1
mod,2001,11
o,1754,1
of,1531,1
of,1916,1
one,1829,1
n,1809,1
o,1812,1
m,1775,1
of,1808,1
m,1836,1
no,1857,1
o,1812,1
mysql,1999,10
n,1853,1
no,2005,2
of,1771,2
o,1820,1
of,1825,2
of,1849,1
mitkhal,1830,24
no,1803,1
of,1806,1
mysql,1999,1
of,1883,1
of,1849,1
mod,1848,1
of,1844,1
o,1826,1
market,1857,1
one,1818,1
n,2012,1
m,1774,1
o,1841,1
mysql,1999,2
of,1480,6
o,1808,1
one,1821,1
of,1832,1
of,1849,1
name,1983,2
op,1810,1
one,1807,1
of,1847,1
m,1978,3
of,1834,1
m,1994,2
mod,1997,4
of,1804,1
o,1764,1
m,1992,2
one,1805,1
of,1822,1
one,1901,1
n,1801,1
market,1856,1
of,1800,1
of,1818,1
n,1809,1
m,1860,1
o,1815,2
no,1470,1
o,1708,1
op,1763,1
o,1804,1
of,1874,2
one,1824,1
m,1994,1
m,1793,1
m,1984,24
o,1804,1
of,1828,1
o,1812,1
max,1999,1
manor,1792,1
o,1811,1
one,1827,1
manor,1548,1
of,1862,1
m,1800,1
o,1805,1
max,1984,3
of,1859,1
of,1812,1
mod,1804,1
markey,1753,1
no,1812,1
of,1837,1
no,1871,1
ml,1475,5
name,1909,1
o,1806,1
of,1838,1
of,1820,1
of,1822,1
of,1830,1
of,1864,1
of,1837,1
of,1863,1
of,1836,1
no,1805,1
of,1752,1
obama,2008,3
noctidiurnal,1852,917
m,1837,1
of,1880,1
of,1854,1
of,1803,1
m,1818,1
mysql,2000,1
of,1794,1
of,1825,1
op,1809,1
of,1855,1
m,1855,1
n,1809,1
market,1980,1
n,1800,1
of,1809,3
of,1771,1
of,1811,1
max,1999,1
ohmed,1823,1
name,1983,3
mod,1997,3
m,1814,1
of,1604,1
o,1869,1
m,1813,1
o,1781,1
n,1820,1
moynihan,1950,1
ntsomi,1969,26
one,1481,1
of,1833,1
m,1804,1
mudgee,1863,1
of,1835,1
of,1900,1
n,1845,1
m,1844,1
of,1805,1
market,1909,1
m,1909,1
n,1809,1
one,1807,1
of,1810,1
official,2009,2
of,1849,1
lugar,1605,2
n,2012,1
of,1860,1
of,1849,1
mod,1997,2
of,1738,1
one,1840,1
of,1841,1
n,1794,1
m,1828,1
of,1822,1
max,1996,1
o,1832,1
max,1972,2
of,1819,1
n,1754,1
of,1851,1
n,1803,1
of,1856,1
mod,1986,1
o,1816,1
mysql,2002,18
m,1989,1
no,1841,1
m,1808,1
o,1802,1
op,1814,1
noerr,1839,1
of,1807,1
n,1827,1
m,1860,1
no,1808,1
m,1993,5
mysql,1900,1
o,1816,1
n,1816,1
n,1890,1
m,1601,1
m,1834,1
o,1849,1
o,1814,1
of,1760,1
mysql,2000,1
one,1792,1
n,1793,1
lugar,1598,1
of,1915,1
mod,2002,25
max,1990,2
o,1808,1
max,2003,5
ocean,1500,29
of,1893,1
market,1850,1
mysql,1999,37
n,1830,1
of,1812,1
of,1894,1
n,1793,1
market,1833,1
of,1853,1
of,1820,1
of,1833,1
o,1825,1
of,1817,1
max,1860,1
official,1810,1
of,1914,1
m,1793,1
o,1816,1
m,1821,1
o,1834,1
of,1829,1
one,1816,1
n,1800,1
m,1995,5
max,1746,1
of,1812,1
of,1472,1
mod,2001,21
opendistributedaccess,2012,871
one,1794,1
no,1865,1
of,1878,1
m,1804,1
of,1844,1
of,1857,1
of,1832,1
m,1816,1
of,1854,1
of,1814,1
of,1821,1
n,1813,1
one,1949,1
one,1826,1
o,1866,1
nagsilabas,2017,616
of,1837,1
n,1727,1
max,2002,11
max,1993,1
of,1812,1
o,1838,1
of,1835,1
of,1854,1
of,1884,1
of,1753,1
of,1808,1
m,1812,1
lmfbr,1946,1
mysql,1999,2
mod,2002,14
of,1854,1
mod,2006,17
of,1837,1
mod,2002,12
of,1638,1
n,1968,1
of,1892,1
o,1832,1
of,1889,1
of,1812,1
n,1824,1
mph,1825,1
of,1771,1
no,1816,1
of,1795,1
of,1910,1
m,1820,1
n,1836,1
m,1995,3
one,1835,1
o,1861,1
no,1810,1
of,1812,1
of,1708,1
max,1980,1
of,1837,2
ntsomi,1969,13
max,1987,3
o,1829,1
of,1826,1
n,1813,1
m,1833,1
market,1825,1
of,1852,1
n,1852,1
of,1829,1
of,1746,1
ml,1475,659
n,1816,1
no,2002,3
of,1851,1
m,1700,1
m,1988,21
mysql,1999,4
one,1817,1
of,1798,1
of,1737,1
n,1932,1
of,1851,1
mixture,1883,1
market,1749,1
of,1815,1
nemtsy,1911,2
nabokov,1906,1
mysql,1986,1
m,1858,1
mod,2006,3
mixture,1790,1
max,1985,1
m,1994,4
one,1851,1
of,1660,1
mysql,1999,8
n,1500,1
of,1809,1
m,1834,1
one,1832,1
of,1628,1
o,1827,1
name,1900,2
of,1862,1
of,1834,1
n,1818,1
of,1914,1
m,1789,1
n,1786,1
mod,1823,1
name,1812,1
n,1851,1
n,1813,1
of,1889,1
of,1791,2
mod,2002,1
m,1826,1
name,1997,4
no,1834,1
of,1832,1
of,1817,1
one,1837,1
mod,1998,2
market,1944,1
of,1832,1
n,1813,1
m,1991,2
mod,1997,1
m,1828,1
o,1807,1
o,1798,1
m,1802,1
of,1714,1
o,1853,1
of,1807,1
occludent,1902,10
llacl,1941,824
of,1903,1
o,1862,1
m,1810,1
manor,1777,1
of,1784,1
n,1832,1
o,1853,1
n,1980,4
of,1841,1
of,1820,1
of,1805,1
of,1751,1
one,1839,1
o,1782,1
max,1759,1
o,1875,1
m,1832,1
of,1880,1
n,1884,2
market,1860,1
of,1831,1
o,1861,1
of,1789,1
of,1880,1
of,1820,1
n,1851,1
mysql,2001,1
of,1809,1
of,1818,1
of,1814,1
n,1810,1
n,1739,1
n,1851,1
m,1817,1
of,1817,1
m,1993,1
of,1689,1
m,1987,5
of,1863,2
of,1894,1
o,1825,1
of,1812,1
one,1807,1
mod,1997,1
of,1872,1
m,1994,19
no,1813,1
o,1801,1
o,1816,1
of,1869,1
of,1889,1
noerr,1985,175
m,1811,1
o,1868,1
o,1832,2
max,1977,4
of,1849,1
of,1793,1
o,1811,1
of,1857,1
of,1750,1
of,1822,1
no,2001,2
mod,1852,1
mikulski,1919,2
o,1798,1
o,1811,1
n,2013,2
o,1812,1
mopac,1788,1
obama,2005,2
o,1739,1
of,1877,2
of,1911,1
n,1800,1
ocean,1784,1
nonfatally,1883,1
max,1900,1
no,1586,1
of,1801,1
of,1819,1
one,1839,1
merkley,1925,5
o,1796,1
o,1829,1
of,1768,1
mysql,1999,3
of,1722,1
o,1837,1
mod,1996,1
mod,1998,2
m,1855,1
of,1818,1
n,1810,1
of,1881,1
mod,1501,1
o,1899,1
one,1792,1
m,1807,1
n,1970,1
of,1800,1
of,1802,1
one,1849,1
of,1777,1
of,1841,1
of,1890,1
official,1870,1
o,1873,1
of,1844,1
of,1855,1
of,1885,2
max,1972,9
max,1986,2
m,1828,1
max,1997,3
of,1795,1
of,1865,1
of,1808,1
mod,2001,3
n,1807,1
no,1826,1
mysql,2001,6
of,1822,1
of,1802,1
n,1825,1
o,1800,1
of,1819,1
name,1730,1
nahasulat,2017,5
no,1854,1
mccain,1988,1
max,1644,1
of,1817,1
no,1817,1
of,1852,1
m,1827,1
of,1846,1
of,1807,2
of,1792,1
official,1895,2
o,1808,1
of,1896,1
of,1806,1
locait,1820,3
op,1797,1
one,1821,1
n,1734,1
m,1834,1
of,1810,1
m,1847,1
llacl,1824,1
o,1812,1
of,1708,1
ntsomi,1969,600
of,1826,1
of,1796,1
o,1807,1
of,1807,1
of,1789,1
one,1704,1
mpsc,1985,1
n,1821,1
o,1703,1
of,1852,1
m,1830,1
m,1832,1
membrane,1888,3
max,2002,9
llacl,1806,1
of,1854,1
max,1986,12
n,1837,1
mysql,1999,3
of,1822,1
of,1825,1
mysql,2001,4
m,1897,1
n,1831,1
membrane,1475,1
ml,1883,1
ml,1906,1
of,1845,1
m,1823,1
o,1819,1
of,1808,2
market,1944,1
o,1837,1
m,1808,1
mod,2007,10
of,1880,1
m,1793,1
of,1794,1
m,1805,1
m,1857,1
n,1852,1
n,1993,1
one,1855,1
of,1868,2
max,1995,3
no,1838,1
max,1987,2
m,1878,1
of,1774,1
mod,1999,1
of,1865,2
no,1814,1
of,1826,1
mysql,1900,2
of,1881,1
of,1844,1
of,1851,1
mod,1998,1
of,1865,1
of,1807,1
no,2000,1
m,1793,1
no,1781,1
op,1478,1
manor,1548,1
of,1847,1
no,1997,12
of,1771,1
name,1826,1
of,1868,1
n,1815,1
of,1813,1
o,1832,1
m,1820,1
of,1890,1
n,1860,1
n,1988,3
o,1864,1
one,1818,2
of,2002,1
of,1814,1
no,1804,1
marchbanks,1898,797
one,1793,1
mod,2000,2
m,1816,1
of,1857,1
op,2001,1
of,1853,1
of,1822,1
o,1570,1
of,1853,1
o,1815,1
n,1962,2
of,1865,1
of,1803,1
ml,1702,1
of,1836,1
manor,1586,1
official,1832,2
o,1828,2
o,1850,1
negl,1742,1
mod,1999,3
of,1821,1
of,1840,1
of,1855,2
no,1803,1
n,1845,1
mod,2008,11
of,1851,1
one,1806,1
mccain,1983,2
of,1832,1
market,1967,1
max,2001,1
of,1820,1
o,1832,1
one,1699,1
mod,1900,2
max,1999,7
one,1807,1
m,1816,1
m,1529,6
of,1803,1
no,1999,1
of,1711,1
mysql,2000,3
market,1833,2
one,1868,1
of,1790,1
o,1871,1
mysql,1996,2
max,1977,2
n,1811,1
max,1978,1
mod,2004,6
n,1812,1
one,1800,1
ntsomi,1969,959
m,1841,1
of,1855,1
m,1855,1
o,1841,1
mixture,1849,1
mph,1476,8
m,1704,1
n,1475,90
one,1851,1
o,1807,1
op,1801,1
o,1861,1
n,1844,1
n,1856,2
n,1956,1
of,1867,1
of,1822,1
of,1733,1
o,1814,1
name,1821,1
o,1719,1
one,1824,1
of,1800,1
o,1827,1
m,1837,1
mod,1703,1
mpsc,1850,1
o,1883,1
of,1847,1
of,1842,1
of,1906,1
n,1815,1
o,1664,1
o,1815,1
mccain,1902,1
of,1793,1
n,1814,1
of,1804,1
of,1812,1
of,1816,1
n,1858,1
of,1813,1
of,1832,1
m,1809,1
n,1852,1
of,1697,1
no,1586,1
of,1845,1
o,1801,1
of,1819,1
m,1796,1
of,1882,1
one,1822,1
n,1771,1
m,1822,1
of,1807,1
mysql,2000,1
obama,1984,1
n,1872,1
mod,2000,2
of,1812,1
of,1873,1
of,1736,1
of,1506,1
mysql,2002,60
mod,1998,1
n,1796,1
m,1802,1
o,1788,1
m,1475,3
of,1854,1
of,1814,1
one,1789,1
m,1812,1
meromic,1958,1
n,1830,1
no,1999,2
n,1805,1
of,1808,1
m,1815,5
of,1772,1
of,1812,1
of,1811,1
no,2003,2
m,1937,1
o,1850,2
of,1815,1
of,1814,1
of,1821,1
of,1804,1
no,1813,1
m,1801,1
of,1834,1
o,1806,1
of,1809,1
of,1549,1
newshawks,1923,57
of,1814,1
mod,1998,5
maine,1841,1
of,1845,1
o,1807,1
of,1853,1
of,1903,3
mod,1997,2
mod,1900,2
of,1853,1
m,1995,18
name,1579,1
m,1886,2
m,1869,1
of,1857,2
one,1850,1
of,1725,1
mitzvos,1900,722
one,1821,1
of,1731,1
no,1767,1
of,1912,1
one,1834,2
of,1810,1
o,1803,1
mysql,1999,1
mysql,1999,14
obama,1984,1
of,1831,1
of,1898,1
of,1836,1
of,1854,1
of,1806,1
of,1792,1
m,1869,1
of,1811,1
of,1824,1
o,1813,1
of,1833,1
of,1804,1
max,1989,1
n,1970,1
o,1808,1
of,1854,2
mod,2008,27
of,1877,1
m,1986,3
of,1820,1
o,1839,1
michigan,1852,1
o,1854,1
one,1805,1
mod,2001,41
n,1859,1
o,1832,1
mod,1999,5
of,1734,1
name,1965,2
one,1805,1
nemtsy,1895,1
m,1825,1
no,1730,2
michigan,1852,1
mysql,2005,1
of,1817,1
name,1814,1
of,1842,1
m,1805,1
n,1843,1
of,1811,1
of,1831,1
max,1900,1
o,1831,1
n,1813,1
michigan,1500,1
mysql,1998,2
mysql,1999,1
of,1792,1
m,1993,21
of,1811,1
of,1840,1
m,1996,17
of,1881,1
mixture,1815,1
of,1834,2
mitzvos,1900,722
of,1818,1
of,1838,1
name,1871,1
of,1814,1
max,1984,1
of,1867,1
of,1649,2
mysql,2002,8
mod,1798,1
locait,1841,1
of,1865,1
n,1764,1
m,1994,10
m,1872,1
mod,1998,3
m,1879,1
o,1842,1
of,1851,1
m,1822,2
of,1873,1
mod,1998,2
no,1813,1
of,1875,1
n,1816,1
o,1852,1
mccain,1968,1
o,1789,2
of,1976,1
of,1852,1
n,1813,1
of,1884,2
name,1845,1
o,1818,1
mysql,2001,2
one,1829,1
n,1824,1
market,1850,1
o,1807,1
m,1825,1
m,1993,1
o,1808,1
no,1982,1
max,1985,7
n,1878,1
m,1586,1
name,1821,1
no,1900,1
of,1844,1
of,1808,1
n,1808,1
mikulski,1984,1
m,1901,1
one,1811,1
of,1854,1
of,1857,1
m,1500,1
of,1854,1
no,1822,1
of,1807,1
of,1873,1
o,1810,1
one,1846,1
no,1855,1
n,1831,1
max,1971,2
o,1804,1
mod,1997,2
of,1878,2
official,1813,1
mudgee,1863,1
mccaskill,1919,1
of,1884,1
of,1828,1
no,1928,1
lugar,1598,1
of,1911,5
of,1816,1
n,1808,1
o,1822,1
of,1866,1
m,1832,4
m,1987,2
of,1848,2
mysql,2000,7
of,1828,1
of,1882,1
m,1874,1
of,1823,1
mod,2001,1
no,1701,1
mysql,1998,2
m,1529,1
max,1978,4
of,1810,1
of,1870,1
of,1866,1
ml,1841,1
of,1829,1
m,1993,2
one,1832,1
m,1986,1
one,1849,1
one,1763,1
of,1816,1
membrane,1748,1
official,1875,1
of,1812,1
m,1997,1
one,1823,1
of,1821,1
m,1995,4
no,1826,1
of,1808,1
one,1801,1
of,1789,1
noerr,1839,1
of,1827,1
mccain,1884,1
openmi,1819,1
no,1812,1
of,1839,1
mysql,2002,2
of,1857,1
m,1826,1
of,1854,1
of,1860,1
n,1818,1
of,1800,1
of,1846,1
m,1878,1
of,1814,1
of,1844,1
of,1915,6
m,1850,1
of,1787,1
market,1563,1
of,1751,1
m,1834,1
op,1807,1
o,1987,1
of,1824,1
o,1821,1
m,1781,1
of,1836,1
m,1888,1
of,1859,1
no,2004,2
m,1809,1
of,1708,1
of,1891,1
m,1820,1
n,1817,1
misbrandin,1889,2
m,1993,8
m,1711,1
o,1798,1
of,1830,1
n,1797,1
n,1951,2
of,1787,1
of,1795,1
m,1995,6
m,1851,1
n,1808,1
mod,2008,6
ordeanned,1843,1154
of,1834,1
one,1856,1
m,1572,1
of,1831,1
of,1872,1
o,1812,1
of,1893,1
of,1851,1
n,1781,1
mysql,1999,1
of,1800,1
market,1849,1
n,1821,1
o,1804,1
of,1907,1
m,1824,1
m,1813,1
of,1875,1
n,1853,1
of,1700,1
mod,1990,1
n,1885,1
of,1711,2
o,1830,1
n,1811,1
no,1814,1
of,1662,1
of,1834,1
m,1817,1
nangasa,2017,1709
of,1798,1
m,1809,1
m,1765,13
n,1817,1
op,2002,44
multiball,1879,47
m,1711,1
of,1858,1
o,1806,1
m,1851,1
o,1811,1
of,1905,1
n,1817,1
o,1822,1
of,1840,1
of,1825,1
m,1811,1
m,1832,1
of,1820,1
of,1800,1
of,1851,1
m,1851,1
moynihan,1942,1
o,1832,1
of,1804,1
o,1828,1
m,1793,2
marchbanks,1898,794
m,1945,1
mod,1998,3
max,1987,2
n,1816,1
of,1750,1
m,1844,1
of,1819,1
of,1845,1
mod,1997,5
name,1472,6
m,1996,1
m,1991,3
ncsw,1764,1
of,1812,1
of,1856,1
manor,1754,1
name,1990,1
op,1981,1
mysql,1999,2
of,1849,1
of,1828,1
m,1995,2
o,1706,1
of,1867,1
of,1811,1
max,1983,3
of,1705,1
of,1819,1
max,2013,3
of,1830,1
of,1834,1
n,1832,1
no,1843,1
m,1839,1
mod,2004,184
of,1863,1
of,1849,1
ocean,1803,1
o,1835,1
mysql,2002,2
n,1809,1
m,1811,1
max,1990,1
of,1833,1
n,1837,2
nagsisigawa,2017,337
o,1827,1
of,1844,1
mod,2002,12
of,1735,1
of,1867,1
market,1920,1
n,1817,1
name,1472,7
m,1851,1
market,1851,1
of,1838,1
of,1883,1
official,1843,1
of,1472,8
mysql,1999,3
n,1956,1
of,1846,1
o,1880,1
n,1817,1
of,1816,1
of,1856,1
name,1836,1
mysql,2000,1
of,1816,1
nabokov,1959,1
mod,2000,1
m,1817,1
of,1852,1
m,1813,1
of,1801,1
of,1794,1
of,1856,1
one,1793,1
one,1810,1
mod,1996,2
of,1897,2
maine,1882,2
mod,1999,1
of,1865,1
of,1714,1
of,1796,1
mainstram,1874,1
mysql,1999,4
n,1811,1
m,1857,1
no,1822,1
of,1872,1
of,1875,1
of,1803,1
o,1477,1
m,1993,15
m,1994,8
mixture,1821,1
o,1820,1
of,1824,1
m,1835,1
of,1821,1
of,1796,1
of,1824,1
one,1830,1
of,1860,1
one,1652,1
max,1989,4
no,1999,3
mod,1999,5
o,1836,3
of,1810,1
of,1787,1
m,1807,1
of,1824,1
of,1784,1
r,1804,1
p,1828,1
r,1905,1
p,1899,1
reaction,1775,1
r,1838,1
r,1808,1
p,2009,6
r,1809,1
paralegal,1804,4
p,1870,1
resources,1894,1
p,1839,1
p,1808,1
p,2000,2
r,1861,1
p,1938,1
p,1828,1
page,1890,1
pryche,1848,1091
reaction,1880,1
preregulatory,1963,1
pentetrazole,1947,148
preregulatory,1919,10
perseopods,1877,2
page,1987,6
plutonium,1535,7
p,1856,1
p,1870,1
pryche,1848,203
p,1834,1
page,1998,1
reasono,1751,1
p,1836,1
r,1875,1
p,1809,1
receptual,1888,61
r,1820,1
p,1891,1
r,1892,1
p,1964,1
p,1983,5
p,1812,2
p,1787,1
r,1856,1
r,1813,1
p,1836,1
p,1851,1
p,1976,1
p,1746,1
p,1816,1
p,1866,2
p,1859,1
r,1793,1
p,2003,1
p,1816,1
reargument,1832,1
p,1982,4
r,1802,1
page,1809,1
p,2001,1
p,1891,1
r,1844,1
redoximorphic,1923,441
r,1757,1
p,1900,2
r,1846,1
p,1816,1
r,1984,1
page,2004,1
polling,1553,1
patrolmen,1501,362
p,1987,1
p,1807,1
r,1859,1
r,1802,1
r,1699,1
p,1796,1
p,1852,1
recommissioned,1731,1
r,1854,1
project,1905,16
page,1811,1
paralegal,1978,1
p,1803,1
perithecium,1783,3
page,1797,1
r,1704,1
p,1802,1
r,1749,1
p,1824,1
residue,1806,1
r,1866,2
r,1857,1
permit,1506,1
page,1823,1
r,1653,1
permit,1472,586
plasterboard,1919,2
permit,1829,1
p,1815,1
p,1851,1
r,1811,1
p,1949,1
page,1858,1
r,1849,1
p,1816,1
page,1874,1
reaction,1967,2
p,1825,1
p,1771,1
p,1817,1
p,1472,11
r,1846,1
r,1867,1
p,1841,3
reasono,1588,2
permit,1902,1
project,1857,1
p,1834,2
p,1965,2
r,1835,1
p,2001,1
reaction,1822,1
palvelijani,2017,470
p,1842,1
p,1827,1
p,1932,1
r,1831,1
project,1856,1
p,1814,1
p,1860,1
resources,2006,10
r,1845,1
p,1867,1
r,1859,1
p,1998,1
p,1809,1
r,1843,1
p,1807,1
r,1837,1
p,1981,1
page,1985,1
p,1830,1
page,1854,1
r,1832,1
r,1717,1
p,1872,1
resources,1894,1
p,1809,1
project,1476,2
r,1787,1
p,1824,2
r,1771,1
project,1907,19
page,1797,1
p,1999,5
p,1827,1
r,1823,1
p,1958,1
r,1818,1
p,2002,20
p,1867,1
r,1571,1
p,1809,1
r,1825,1
project,1815,1
p,1942,1
r,1806,1
r,1781,1
p,1833,1
p,1989,1
p,1836,1
p,1808,1
p,1838,1
p,1864,1
p,1843,1
plutonium,1946,2
r,1916,1
p,1885,1
plasterboard,1832,4
r,1795,1
p,1833,1
p,1833,1
p,1825,1
p,1812,1
p,1829,1
resources,1837,1
r,1629,1
reauthorize,1789,894
p,1853,2
r,1859,1
p,1841,1
palvelijani,2017,662
p,1802,1
r,1833,1
p,1992,24
p,1815,1
p,1759,1
p,1844,1
p,1836,1
p,1968,8
project,1924,1
p,1773,1
p,1803,1
p,1768,1
p,1852,1
p,1988,2
p,1874,1
p,1988,3
p,2009,2
resources,1800,1
propodeum,1884,1
p,1837,1
polling,1478,383
page,1685,1
r,1874,1
pancaharian,1979,809
p,1794,1
p,1848,1
r,1858,1
r,1867,1
p,1817,1
p,1777,1
p,1815,1
p,1825,1
reaction,1880,1
permit,1914,1
p,1840,1
p,1836,1
p,1809,1
r,1864,1
preplant,1865,2
p,2004,2
p,1985,5
p,1851,1
p,1857,1
page,1751,2
p,1818,1
page,1988,1
p,1856,1
perithecium,1821,9
r,1809,1
p,1876,1
p,1739,1
p,1733,1
p,1765,1
p,1859,1
r,1827,1
p,1765,3
p,2000,17
project,1810,1
p,1979,2
r,1860,1
pentetrazole,1947,42
r,1834,2
permit,1902,1
r,1855,1
r,1825,1
p,1858,1
r,1806,1
reaction,1851,1
r,1822,1
r,1812,1
permit,1810,1
otbp,1658,1
redevelopment,1904,1
p,1822,1
r,1808,1
r,1500,1
project,1914,1
p,1829,1
permit,1829,1
p,1826,1
r,1862,1
page,2000,56
reaction,2005,1
r,1841,1
r,1768,1
r,1854,1
p,1840,1
plutonium,1535,21
passand,1537,1
p,1995,1
p,1771,1
p,1883,1
p,1839,1
p,1850,1
p,1746,1
r,1718,1
p,1811,1
project,1683,1
r,1858,1
politikus,1967,1
page,1472,6
r,1846,1
p,1784,1
r,1760,1
patingi,1846,2
r,1820,1
p,1878,2
r,1834,1
p,1872,1
p,1779,1
p,1844,1
paralegal,1754,1
quickwin,1966,1
p,1984,1
p,1803,1
r,1859,1
p,1850,1
p,1771,1
p,1804,1
project,1766,1
p,1822,1
recovered,1475,8
project,1809,1
p,2005,3
r,1667,1
r,1800,1
resources,1899,1
p,2009,4
p,1815,1
project,1863,1
resources,1999,1
p,1753,1
r,1827,1
p,1992,18
remarketing,1882,1
pianoforte,1700,6
r,1827,1
p,1813,1
project,1740,1
p,1968,1
p,2003,2
p,1825,1
p,1826,1
project,1832,1
p,1840,1
r,1888,1
p,1737,1
r,1714,1
p,1827,1
p,1848,1
patrolmen,1501,337
p,1853,1
p,1874,1
r,1772,1
r,1790,1
r,1827,2
p,1802,1
r,1799,1
p,1958,1
p,1828,1
p,1851,1
preemergence,1684,5
resources,1837,1
r,1764,1
permit,1472,4
p,1983,2
purescale,2010,601
page,1900,1
plebiscite,1478,435
p,1832,1
politikus,1918,1
p,1746,1
patrolmen,1889,1
redevelopment,1832,2
p,1778,1
reaction,1871,1
p,1809,1
r,1804,1
p,1865,1
p,1831,1
r,1795,1
project,1476,2
resources,1800,1
p,1822,1
patrolmen,1876,3
quinquegrade,1873,576
p,1836,1
p,1818,1
p,1925,1
p,1995,7
r,1844,1
p,1817,1
plasterboard,1923,2
porgh,1725,102
p,1811,1
r,1862,1
r,1838,1
r,1851,1
p,1796,1
pstv,1827,499
p,1821,1
r,1975,1
reaction,1823,1
p,1832,1
r,1975,1
p,1810,1
reaction,2005,1
p,1870,1
pianoforte,1700,702
page,2001,12
r,1851,1
p,1807,1
p,1985,3
p,1778,1
p,1828,1
p,1711,1
p,1862,1
p,1823,1
redevelopment,1868,1
p,1988,5
p,1878,2
p,1840,1
p,1850,1
permit,1904,1
p,1990,12
plasterboard,1832,180
renter,1783,1
project,1500,3
page,1983,6
plutonium,1958,1
p,1839,1
prussion,1820,1
p,1794,1
resources,1806,1
progrannes,1900,1
r,1839,1
r,1892,1
p,1759,1
p,1833,1
p,1806,1
oxfendazole,1950,38
p,1833,1
polling,1822,1
r,1841,1
plebiscite,1478,405
r,1816,1
reasonfor,1677,1
p,2003,1
purequery,2008,673
page,1798,1
p,1938,1
r,1818,1
p,1776,1
p,1846,1
r,1900,1
p,1805,1
resources,1899,1
p,1810,1
p,1806,1
p,1836,1
r,1856,1
rmsa,1956,2
p,1840,1
project,1944,2
r,1819,1
project,1472,207
p,1807,1
p,1855,1
p,1989,1
p,1982,4
p,1899,1
p,1993,1
r,1834,1
project,1905,9
reaction,1475,1286
r,1808,1
p,1832,1
p,1853,1
r,1843,1
p,1873,1
p,1996,2
p,1979,1
p,1845,1
p,1858,1
r,1834,1
page,1870,1
p,1883,1
p,1829,1
page,1985,3
resources,1900,1
p,1828,1
p,1810,1
r,1848,1
r,1812,1
pentetrazole,1947,3044
r,1940,1
r,1839,1
p,1811,1
p,1850,1
r,1645,1
plutonium,1959,3
r,1828,1
p,1815,1
page,2015,9
p,1908,1
rmsa,1956,2
p,1779,1
r,1798,1
p,2002,20
presulcate,1949,607
p,1776,1
project,1990,1
p,1810,1
r,1820,1
p,1815,1
resources,1837,1
preplant,1946,1
redevelopment,1501,648
p,1890,1
residue,1806,1
p,1882,3
page,2001,4
p,1857,1
r,1819,1
p,1819,1
poray,1801,1
r,1841,1
r,1858,1
r,1704,1
p,1875,1
permit,2001,1
orgonotic,1942,586
p,1845,1
page,1793,3
resources,1922,1
r,1806,1
p,2001,1
p,1814,1
p,1811,1
p,1988,4
p,2009,3
p,1810,1
p,1975,2
reaction,1887,2
p,1721,1
page,1751,2
p,1848,1
pmha,1817,1
r,1827,1
page,1472,6
oxfendazole,1976,1
p,1899,1
p,1821,1
p,1988,2
p,1860,1
project,1910,1
p,1777,1
resources,1501,3
p,2001,1
p,1818,1
p,1985,1
r,1824,1
p,1860,1
resources,1837,1
p,1816,1
p,2013,1
passand,1818,2
p,1831,1
plutonium,1535,420
p,1857,1
p,1852,1
r,1859,1
resources,1972,1
reasono,1811,1
p,1840,1
r,1826,1
recovered,1669,1
p,1847,1
page,1983,6
r,1900,1
p,1823,1
page,1858,1
r,1827,1
r,1822,1
r,1832,1
page,1807,1
r,1868,1
p,1831,1
popsci,1968,2
r,1859,1
p,1811,1
p,2003,2
p,1885,1
page,1926,3
redoximorphic,1979,10
reaction,1627,1
propodeum,1910,1
p,1808,1
reaction,1937,1
r,1871,1
p,1852,1
p,1811,1
p,2003,2
recovered,1485,1
r,1831,1
p,1982,1
p,1847,1
p,1508,1
p,1796,1
p,1809,1
p,1855,1
p,1807,1
r,1808,1
p,1839,1
pianoforte,1852,1
p,1873,1
p,1832,1
redevelopment,1904,1
p,1846,1
page,1813,1
residue,1852,1
r,1897,1
recovered,1837,1
p,1827,1
r,1816,1
p,1812,1
p,2001,1
p,1845,1
p,1812,1
p,1804,1
p,1823,1
p,1831,1
r,1818,1
r,1735,1
purescale,2010,602
r,1681,1
p,1887,1
r,1832,2
p,1836,1
r,1841,1
p,1760,1
p,1886,1
p,1814,1
page,1987,12
preemergence,1684,323
page,1926,3
r,1825,1
redevelopment,1941,2
recovered,1614,1
p,1818,1
p,1861,1
p,1925,1
recovered,1669,1
preplant,1823,1
p,1873,1
r,1820,1
r,1695,1
p,1990,12
r,1480,1
r,1811,1
p,1852,1
r,1700,1
p,1849,1
r,1841,1
p,1832,1
reauthorize,1789,131
r,1819,1
r,1704,1
p,1993,1
page,2014,1
r,1760,1
project,1905,54
reauthorize,1675,1
recovered,1809,1
page,1991,1
project,1905,2
r,1796,1
p,1806,1
r,1919,1
r,1828,1
reaction,1901,1
pagkaagi,2017,628
redevelopment,1501,698
r,1837,1
r,1828,1
r,1760,1
r,1667,1
p,1636,1
palvelijani,2017,101
reasonfor,1765,1
p,1882,3
p,1853,1
r,1849,1
p,1687,1
project,1906,1
p,2009,2
p,1990,2
r,1854,1
p,1891,1
p,2000,2
r,1830,1
p,1760,1
r,1737,1
passand,1725,8
project,1907,1
project,1856,1
project,1972,1
p,1831,1
p,1852,1
progranne,1900,1
p,1849,1
p,1814,2
p,1898,1
purpureocobalt,1857,4
p,1869,1
r,1826,1
r,1809,1
p,1849,1
p,1852,1
pmha,1817,1
p,1773,1
p,1911,1
p,1843,1
p,1812,2
p,1920,1
p,1822,1
p,1825,1
p,1988,5
r,1834,1
passand,1566,1892
pianoforte,1843,8
preemergence,1684,13
resources,1823,1
p,1994,1
p,1903,1
p,2000,17
p,1992,24
r,1480,6
pryche,1848,244
r,1781,1
redevelopment,1957,2
page,1914,1
p,1833,1
p,1882,1
p,1985,2
p,1808,1
p,1806,1
p,1816,1
passand,1566,11
p,1985,5
purpureocobalt,1857,635
r,1837,1
r,1908,2
p,1819,2
p,1995,1
p,1985,1
p,1816,1
presulcate,1949,909
p,1832,1
r,1806,1
p,1846,1
r,1830,1
photoplays,1832,29
p,1861,1
r,1808,1
p,1830,1
preemergence,1684,13
reasonfor,1785,1
reauthorize,1675,1
panghooloo,1832,673
r,1808,1
r,1809,1
project,1973,4
p,1986,2
p,1832,1
p,1815,1
page,1842,1
r,1867,1
p,1805,1
p,1811,1
r,1823,1
r,1987,1
oxfendazole,1950,11
p,1932,1
resources,1973,1
orgonotic,1942,596
p,1832,1
receptual,1888,3
qualexint,2001,10
patrolmen,1910,2
porrata,1813,2
plasterboard,1832,1
p,1870,1
reasonfor,1717,1
r,1825,1
r,1831,2
r,1704,1
r,1854,1
p,1795,1
r,1481,1
reaction,1846,1
r,1865,1
plasterboard,1832,14
p,1817,1
p,1885,3
p,1811,1
r,1599,1
passand,1568,1
plasterboard,1700,1
p,1810,1
p,1485,1
p,1820,1
r,1834,1
p,1843,1
r,1813,1
r,1787,1
r,1804,1
p,2004,2
p,1803,1
p,1986,3
p,1884,1
p,1836,1
project,1961,1
p,1803,1
project,1898,1
p,1898,1
pancaharian,1979,636
p,1817,1
r,1818,1
p,1842,1
p,2003,3
r,1745,1
page,2015,44
r,1831,1
porgh,1725,309
p,1876,1
project,1832,1
p,1859,1
r,1805,1
r,1811,1
p,1975,2
p,1992,2
r,1796,1
page,2010,1
page,1793,3
project,1878,1
p,1893,2
p,1990,3
page,2015,3
p,1807,1
p,1851,1
p,1968,1
p,1998,1
p,1824,1
p,1705,1
propodeum,1865,6
r,1819,1
p,1813,1
reasono,1751,1
redevelopment,1501,49
plotke,1910,3
p,1836,1
project,1832,1
r,1813,1
p,1802,1
p,1832,1
reaction,1851,1
r,1875,1
r,1475,25
plebiscite,1478,26
r,1845,1
p,1859,1
r,1794,1
p,1865,1
r,1832,1
r,1781,1
p,1850,1
reargument,1832,1
p,1879,1
p,1827,1
resources,1800,1
p,1784,1
project,1909,1
preplant,1898,1
project,1992,1
p,1833,1
receptual,1888,588
ramicauls,1973,132
orgonotic,1942,10
r,1835,1
p,1824,1
poray,1838,1
p,1811,1
r,1820,1
r,1717,1
p,1832,1
porrata,1813,2
p,1823,2
r,1849,1
permit,1862,1
r,1781,1
p,1855,1
p,1828,1
r,1826,1
r,1850,1
p,1820,1
project,1992,2
perithecium,1783,910
passand,1537,1
p,1897,1
reaction,1874,1
p,2008,1
p,1857,1
r,1499,1
p,1984,1
p,1802,1
r,1888,1
page,1991,1
r,1806,1
p,1485,1
plasterboard,1700,1
p,1845,1
paralegal,1754,1
r,1803,1
p,1812,1
page,1992,1
passand,1857,1
p,1796,1
r,1784,1
project,1818,1
platonov,1930,2302
p,1968,10
recommissioned,1731,1
p,1881,1
r,1769,1
r,1843,1
page,1828,1
r,1737,1
page,1726,1
p,1793,1
r,1842,1
p,1802,1
r,1804,1
r,1845,1
page,1874,1
r,1824,1
p,1837,1
p,1711,1
p,1901,1
resources,1900,1
p,1857,1
p,2000,1
p,1819,2
porgh,1725,548
r,1824,1
p,1806,1
p,2009,2
p,1823,2
r,1719,1
p,1889,1
project,1900,1
p,1880,1
p,1850,1
permit,2001,6
plutonium,1535,448
page,1825,1
r,1812,1
page,1816,1
p,1852,1
r,1836,1
polling,1478,332
p,1688,1
page,2003,1
p,1802,1
p,1809,1
p,1809,2
r,1709,1
plebiscite,1478,4
p,2006,6
p,1814,1
p,1817,1
page,1988,1
page,2010,1
p,1687,1
p,1852,1
resources,1501,3
r,1803,1
platytroctids,1927,553
p,2004,6
p,1808,1
reaction,1907,1
politikus,1918,1
r,1826,1
p,2009,8
r,1849,1
project,1843,1
r,1861,1
r,1808,1
reaction,1475,1286
resources,2006,10
p,1818,1
p,2009,3
p,1882,1
p,1820,1
p,1829,1
project,1914,1
r,1862,1
p,1888,1
r,1808,1
p,1816,1
r,1844,1
p,1826,1
page,1751,1
p,1841,1
recovered,1810,1
r,1815,1
p,1475,1
r,1811,1
r,1792,1
reargument,1818,1
p,1814,1
p,1759,1
project,1944,1
page,1726,1
reaction,1874,1
r,1742,2
page,1870,1
p,1859,1
permit,1813,1
p,1852,1
residue,1852,1
r,1701,1
r,1827,1
p,1648,1
page,2015,3
p,1820,1
r,1845,1
p,1942,2
p,1984,1
recommissioned,1867,1
page,1853,1
p,2004,2
r,1828,1
r,1834,1
p,1968,10
panghooloo,1832,679
p,1820,1
permit,1472,590
p,1887,1
perseopods,1884,1
r,1808,1
p,1831,1
r,1812,1
p,1811,1
r,1823,1
r,1854,1
page,2004,1
propodeum,1865,409
r,1856,2
r,1895,1
permit,1847,1
r,1475,25
reargument,1821,1
p,1783,1
p,1980,1
p,1814,1
p,1850,1
p,1814,1
r,1841,1
p,1811,1
r,1819,1
p,1811,1
r,1803,1
redevelopment,1832,2
p,1832,1
page,1985,4
p,1907,1
r,1848,1
r,1852,1
p,1951,1
r,1828,1
p,1759,1
p,2004,2
p,1777,1
r,1599,1
purequery,2008,666
p,1867,1
r,1826,1
project,1477,1
p,1737,1
r,1893,1
reasono,1581,1
r,1704,2
r,1872,1
resources,2007,5
p,1847,1
p,1816,2
r,1827,1
r,1500,2
p,1812,1
p,1760,1
r,1861,1
p,1812,1
project,1832,1
p,1795,1
plasterboard,1917,1
p,1783,1
r,1888,1
plutonium,1838,3
page,1543,1
p,1986,1
page,1816,1
patrolmen,1501,2
r,1806,1
r,1811,1
r,1757,1
r,1806,1
p,1990,21
p,1995,7
p,1868,1
r,1848,1
page,1987,6
p,1801,1
r,1816,1
r,1861,1
r,1827,1
p,1826,1
permit,1695,1
redevelopment,1936,1
r,1681,1
p,1979,1
r,1745,1
r,1811,1
r,1849,1
page,1997,1
r,1742,2
p,2005,3
p,1995,1
r,1822,1
p,1976,1
preazygos,1911,800
resources,1823,1
r,1831,1
r,1793,1
r,1833,1
permit,2002,2
p,2000,5
r,1793,1
p,2009,1
p,1876,1
p,1896,1
p,1809,1
p,1636,1
r,1874,1
r,1796,1
politikus,1918,2
r,1830,1
r,1827,1
page,1890,1
p,2003,1
project,1812,1
project,1900,1
p,1856,1
p,1848,1
reaction,1822,1
r,1481,1
r,1741,1
r,1725,1
p,1813,1
r,1895,1
p,2004,2
r,1781,1
p,1804,1
p,1911,1
r,1840,1
p,1866,1
r,1907,1
p,1823,1
platonov,1930,2302
r,1848,1
p,1737,1
p,1832,1
p,1883,1
r,1805,1
p,1806,1
pianoforte,1700,529
p,1809,1
page,2000,56
r,1854,1
p,1815,1
receptual,1888,669
r,1816,1
r,1743,1
recommissioned,1803,3
p,1845,1
permit,1815,1
p,1818,1
r,1841,1
p,1824,1
prussion,1820,1
r,1832,2
p,1824,1
page,1940,1
r,1717,1
p,1921,2
reasonfor,1637,1
p,1817,1
r,1725,1
r,1808,1
r,1803,1
project,1472,207
r,1823,1
permit,1759,1
r,1823,1
r,1823,1
p,1891,1
r,1911,1
prisahal,2017,464
p,1979,9
permit,1824,1
r,1749,1
p,1878,1
plebiscite,1899,3
r,1851,1
p,1813,1
p,1990,24
p,1723,1
r,1834,1
p,1878,2
project,1818,1
page,1685,1
otbp,1962,2
page,2006,1
r,1829,1
resources,1980,1
p,1879,1
project,1979,1
p,1811,1
page,1952,1
prisahal,2017,86
p,1812,1
paranepionic,1838,105
p,1857,1
page,1900,4
oxfendazole,1950,230
r,1806,2
r,1776,1
r,1760,1
page,1751,1
p,1858,2
p,1851,1
r,1809,1
p,1824,1
p,1818,1
project,1894,1
r,1919,1
page,1878,1
oxfendazole,1975,1
p,1898,1
p,1854,1
r,1798,1
otbp,1968,13
p,1875,1
p,1850,1
p,1988,6
p,1826,1
p,1911,1
r,1860,1
p,1825,1
p,1864,1
p,1845,1
p,1811,1
p,1827,1
reasonfor,1822,1
p,1898,1
p,1817,1
project,1900,1
p,1813,1
preplant,1684,292
p,1878,2
p,1806,1
project,1910,1
r,1896,1
p,1875,1
quadrifids,1875,508
permit,1894,1
p,1818,1
r,1811,1
p,1723,1
r,1845,1
r,1813,1
p,1823,1
p,1996,2
project,1900,1
p,1850,1
p,2011,6
p,1938,3
r,1822,1
p,1983,5
p,1839,1
project,1972,1
page,1793,102
p,1816,1
p,1988,4
p,2003,57
r,1795,1
p,1809,1
r,1799,1
p,1837,1
resources,2007,5
resources,1800,1
p,1858,1
recovered,1745,1
page,2015,5
otbp,1975,1516
p,1911,1
p,1871,1
p,1872,1
p,1855,1
r,1816,1
project,1905,2
plutonium,1959,1
plebiscite,1797,1
r,1857,1
r,1825,1
r,1800,1
p,1827,2
r,1813,1
r,1840,1
p,1788,1
p,1864,1
redevelopment,1936,1
paralegal,1899,3
r,1809,2
p,1817,1
r,1826,1
p,1925,1
r,1805,1
r,1855,1
preregulatory,1919,10
r,1858,1
p,1793,1
r,1806,2
r,1850,3
p,1800,1
r,1846,1
r,1795,1
p,2001,1
poray,1807,23
p,1818,1
p,1896,1
permit,2001,1
r,1827,1
p,1812,1
r,1831,1
page,1793,1
p,1940,1
p,1849,3
preplant,1916,1
p,1788,1
r,1832,1
pianoforte,1901,3
p,1991,1
r,1781,1
r,1808,1
p,1871,1
recovered,1800,1
p,1832,1
patrolmen,1501,23
p,1847,1
reaction,1854,1
r,1803,1
p,1991,25
p,1831,1
r,1781,1
p,1956,1
p,1898,1
p,1852,1
p,1871,1
p,1710,1
p,1884,1
r,1804,1
p,1819,1
p,1812,1
p,1881,1
p,1868,1
p,1865,1
r,1806,1
p,1847,1
r,1859,1
p,1852,1
r,1760,1
r,1810,1
p,1803,1
r,1857,1
project,1820,1
p,1898,1
r,1834,1
r,1831,1
r,1824,1
r,1751,1
pryche,1789,1
redevelopment,1501,1
progrannes,1900,1
r,1816,1
qualexint,2001,696
p,1921,2
p,1873,1
p,1814,1
recommissioned,1867,1
page,1832,1
p,1850,1
r,1800,1
p,1812,1
p,1983,1
p,1820,1
p,1986,1
r,1846,1
p,2010,5
r,1849,1
progranne,1900,1
quadrifids,1875,509
p,1815,1
p,1814,1
reaction,1887,2
r,1796,1
page,1997,1
resources,1823,1
p,1911,1
redoximorphic,1923,446
p,1809,1
r,1751,1
r,1824,1
p,1891,1
r,1812,1
p,1802,1
project,1766,1
page,1858,1
r,1715,1
r,1830,1
page,2015,53
p,2009,2
reasonfor,1637,1
r,1676,1
r,1709,1
r,1834,1
plebiscite,1899,3
r,1822,1
p,2009,6
reargument,1636,1
p,1898,1
page,2015,2
r,1769,1
p,1979,9
resources,1999,1
project,1914,1
p,1792,1
resources,1922,1
p,1863,1
r,1750,1
r,1832,1
r,1823,1
resources,1972,1
r,1861,1
p,1859,1
p,1874,1
prisahal,2017,601
r,1848,1
p,1987,1
popsci,1900,1
r,1837,1
r,1841,1
r,1822,1
project,1965,1
r,1888,1
r,1500,2
page,2001,2
r,1867,1
pebblegonext,2016,504
p,1803,1
r,1820,1
p,1988,2
r,1830,1
p,1733,1
r,1828,1
resources,1823,1
p,1831,1
p,1849,1
p,1809,1
p,1976,18
p,1874,1
p,1472,11
pianoforte,1700,166
r,1499,1
p,1832,2
p,1857,1
r,1834,1
r,1800,1
p,1872,1
p,1811,1
r,1876,1
p,1687,1
p,1814,1
reaction,1765,1
page,1860,1
r,1805,1
project,1876,1
renter,1783,1
r,1765,1
p,1992,18
resources,1887,1
p,1831,1
p,1848,1
propodeum,1865,424
p,1900,1
p,1824,1
r,1704,1
page,2012,7
p,2012,1
propodeum,1865,9
perithecium,1783,905
r,1802,1
p,1831,1
p,1904,1
rdoquery,1997,679
recovered,1614,1
p,1919,1
p,1779,1
r,1855,1
resources,1973,1
r,1829,1
r,1781,1
p,1805,1
project,1965,1
r,1781,1
p,1850,1
polling,1803,1
p,1853,1
r,1769,1
p,1803,1
p,1818,1
p,1805,1
photoplays,1832,632
polling,1478,51
pebblegonext,2016,504
p,1836,1
project,1912,1
page,2012,1
p,1809,1
p,1854,1
r,1694,1
p,1826,1
r,1805,1
r,1825,3
p,1853,1
r,1818,1
r,1804,1
p,1961,1
r,1850,1
resources,1884,1
project,1994,4
p,1848,1
r,1841,1
page,2001,2
p,1900,1
r,1855,1
project,1909,1
purpureocobalt,1857,643
passand,1831,1
r,1714,1
p,1848,1
r,1742,1
p,1832,1
r,1813,1
r,1830,1
permit,2001,6
p,1806,1
r,1818,1
reargument,1636,1
p,1938,3
r,1765,1
p,1965,1
r,1806,1
resources,1806,1
p,1721,1
p,1853,1
p,1827,1
r,1826,1
p,1779,1
r,1823,1
p,1949,1
recovered,1837,1
p,1811,1
r,1811,1
page,2015,3
p,1818,1
p,2009,16
r,1715,1
p,1818,1
perseopods,1877,2
p,1821,1
p,1839,1
page,1952,1
r,1820,1
p,1996,4
r,1824,1
r,1827,2
p,1865,1
p,1832,1
p,2001,1
r,1823,1
recovered,1800,1
resources,1999,1
r,1704,2
r,1876,1
pianoforte,1700,1
p,1761,1
recovered,1485,1
r,1904,1
p,2001,1
resources,1818,1
palvelijani,2017,21
permit,1759,1
p,1798,1
p,1816,1
r,1963,1
r,1808,1
polling,1822,1
p,1805,1
p,1737,1
porgh,1725,76
p,1827,1
redevelopment,1789,1
resources,1999,1
recovered,1745,1
project,1683,1
r,1547,2
r,1687,1
page,2012,7
p,1845,1
p,1818,1
p,1961,1
redevelopment,1948,1
p,1872,1
p,1964,1
plebiscite,1872,1
p,1765,1
ramicauls,1973,141
r,1776,1
p,1994,1
r,1809,2
page,1793,103
r,1806,1
r,1809,1
page,1914,1
r,1828,1
pryche,1789,1
project,1806,1
r,1819,1
p,1856,1
r,1848,1
p,1816,1
page,1996,2
paralegal,1973,1
pennsalt,1930,1
r,1846,1
p,1805,1
r,1859,1
p,1823,1
p,1985,4
r,1775,1
p,1893,1
page,1858,1
r,1837,1
p,1872,1
r,1907,1
r,1803,1
p,1999,3
p,2004,6
r,1818,1
page,1939,2
p,1991,1
r,1803,1
p,1832,1
recovered,1663,1
project,1906,1
r,1850,1
r,1872,1
r,1804,1
p,1826,1
p,1872,1
p,1831,1
r,1812,1
project,1905,235
project,1894,1
p,1811,1
project,1900,1
r,1845,1
p,1856,1
p,1687,1
p,1839,1
r,1701,1
r,1846,1
r,1704,1
receptual,1888,15
p,1929,1
p,1861,2
page,1992,1
p,1863,1
p,1985,4
recovered,1809,1
p,1705,1
r,1816,1
p,1825,1
p,1987,2
p,1832,1
reaction,1775,1
paranepionic,1838,531
r,1862,1
resources,1818,1
project,1900,1
r,1629,1
qualexint,2002,18
page,1485,1
r,1765,1
r,1500,1
p,1616,1
r,1760,1
r,1817,1
pagkaagi,2017,23
reaction,1871,1
r,1699,1
p,1796,1
p,1832,1
r,1862,2
project,1979,1
r,1804,1
preazygos,1911,800
r,1764,1
oxfendazole,1950,20
page,1825,1
p,1800,1
page,1940,1
r,1803,1
p,2010,5
p,1985,3
permit,1824,1
preplant,1684,70
p,1879,1
r,1877,1
r,1808,1
r,1845,1
popsci,1900,1
p,1988,3
r,1861,1
p,1899,1
p,1986,6
p,1829,1
p,1814,2
p,1987,2
p,1859,1
p,1821,1
p,1808,1
p,1860,1
reaction,1823,1
r,1831,1
r,1819,1
r,1803,1
r,1852,1
r,1854,1
redevelopment,1898,1
p,1809,1
p,1827,1
p,1806,1
r,1830,1
r,1828,1
r,1808,1
r,1819,1
reaction,1937,1
resources,1980,1
p,1802,1
r,1808,1
platytroctids,1927,553
p,1853,1
p,1834,2
recovered,1778,1
p,1992,1
reaction,1765,1
page,1998,1
p,1798,1
r,1904,1
p,1893,2
porgh,1725,44
p,1959,1
p,1809,1
p,1836,1
p,1813,1
r,1817,1
p,1992,3
page,1992,1
p,1761,1
p,1968,11
r,1816,2
p,1779,1
p,1875,1
r,1867,1
p,1997,5
r,1832,1
p,1898,1
p,1865,1
r,1793,1
p,1970,1
p,1815,1
p,1854,1
r,1846,1
resources,1884,1
r,1734,1
redevelopment,1948,1
p,2003,3
p,1828,1
r,1767,1
page,1809,1
r,1851,1
paranepionic,1838,426
r,1834,1
project,1910,1
p,2009,1
quinquegrade,1873,603
preemergence,1888,1
r,1835,2
p,1882,1
p,1900,1
r,1845,1
quadroped,1844,1
p,1820,1
r,1836,1
project,1905,4
p,1970,7
redevelopment,1868,1
page,1850,1
pagkaagi,2017,598
r,1845,1
p,1861,1
r,1834,2
p,1765,3
page,1996,1
p,1790,1
r,1793,1
r,1858,1
r,1861,1
reaction,1967,2
page,1984,1
r,1813,1
p,1790,1
permit,2002,3
r,1721,1
r,1855,1
project,1990,1
project,1914,1
overshute,1740,1
p,1866,1
redoximorphic,1923,5
page,2002,1
r,1793,1
oxfendazole,1950,728
p,1771,1
rdoquery,1997,679
preplant,1684,362
p,1744,1
p,1810,1
r,1866,1
plutonium,1959,2
p,1880,1
popsci,1968,2
p,2008,1
p,1844,1
p,2009,2
page,2001,12
r,1704,1
plutonium,1959,1
resources,1887,1
r,1831,1
r,1854,1
r,1799,1
project,1905,25
r,1810,1
pstv,1827,497
p,1854,1
p,1808,1
patingi,1846,2
page,1900,3
photoplays,1832,601
page,2001,6
r,1838,1
p,1859,1
p,1869,1
permit,1834,1
page,1984,1
p,1985,1
p,2003,1
p,1859,1
oxfendazole,1950,429
page,1954,1
p,1839,1
r,1787,1
p,1851,1
p,1818,1
page,1863,1
p,1802,1
p,1814,1
recovered,1475,8
p,1816,1
p,1878,1
pentetrazole,1947,3246
p,1508,1
redevelopment,1789,1
p,1983,1
p,1820,1
r,1799,1
r,1816,1
p,1908,1
p,1879,1
p,1852,1
poray,1801,1
p,1817,1
p,1814,1
r,1809,1
p,1798,1
qualexint,2001,686
preemergence,1684,354
p,2006,6
reaction,1901,1
r,1822,2
project,1806,1
pennsalt,1930,1
page,2015,2
r,1816,1
r,1806,1
r,1775,1
p,1810,1
perithecium,1783,1
p,1873,1
p,1810,1
s,1811,1
s,1825,1
t,1811,1
s,1529,11
section,1871,1
t,1815,1
tablespns,1911,1597
s,1858,1
s,1831,1
t,1949,1
sp,1999,15
t,1847,1
section,1908,1
t,1827,1
shall,1841,2
start,1884,1
s,1818,1
s,1672,3
sarbanes,1949,1
taboos,1930,1
s,1704,2
set,2004,2
t,1799,1
t,1848,2
sp,1994,1
resources,1968,1
sp,1999,27
t,1807,1
t,1807,1
sp,1475,1
t,1796,1
t,1833,1
t,1601,1
second,1881,1
t,1831,1
t,1848,1
s,1844,1
solution,1807,1
t,1858,1
solution,1809,1
t,1802,1
table,1877,2
sample,1933,1
t,1857,1
s,1776,1
spie,1545,1
sp,1990,3
t,1859,1
set,2002,2
s,1797,1
sp,2000,1
s,1818,1
resources,1872,1
second,1478,1
set,1996,2
show,2003,1
stibaethyle,1850,668
t,1781,1
section,1970,1
sp,1999,41
s,1803,1
t,1819,1
t,1836,1
s,1860,1
see,1709,1
renter,1875,1
set,1991,1
section,1878,1
s,2012,2
s,1834,1
s,1704,1
t,1986,1
t,1834,1
snowe,1782,1
t,1814,1
t,1811,1
s,1808,1
table,1791,1
s,1930,1
start,1958,1
t,1810,1
sp,1789,1
t,1499,1
state,1903,1
s,1699,1
t,1624,1
sample,1885,1
s,1704,1
s,1985,1
set,1999,14
s,1858,1
t,1866,1
subprogramme,1947,873
sql,1829,1
sizes,1853,2
sp,1999,2
s,1834,1
resources,1810,1
sp,1990,7
sphygmoscope,1856,494
start,1943,2
sp,1803,1
s,1916,1
t,1829,1
tackne,1841,1669
s,1902,1
t,1819,2
s,1871,1
table,1902,1
s,2002,2
s,1816,3
section,1834,1
t,1950,1
specification,1500,1
set,1975,2
rzekli,1972,1
show,1995,2
rostov,1804,1
t,1776,1
s,1810,1
subgrantee,1892,2
section,1850,5
s,1808,3
s,1853,1
set,1616,1
t,1829,1
t,1865,1
set,1827,1
table,1472,6
start,1985,1
second,1904,1
s,1714,1
sp,1990,4
t,1986,2
set,2001,4
state,1842,1
t,1986,2
t,1868,1
t,1830,1
s,1997,1
section,1832,1
s,1900,1
show,1830,1
second,1798,2
sp,1990,5
t,1840,1
show,1969,1
s,1851,1
sql,2003,5
t,1887,1
t,1893,1
t,1812,1
t,1475,1
sp,1995,1
set,1999,2
t,1806,1
rzekli,1972,1
t,1848,1
s,1824,1
s,1850,1
t,1986,3
start,1971,1
sp,1999,15
t,1815,1
section,1866,1
state,1805,1
see,1882,1
t,1818,1
state,1960,1
sp,1994,3
s,1843,1
t,1728,1
s,1814,1
t,1814,1
sp,1996,2
show,1987,4
that,1712,1
s,1672,2
t,1842,1
s,1959,1
sizes,1736,1
t,1839,1
t,1715,1
t,1909,1
riekla,2017,538
start,1840,1
t,1508,1
sumbat,1845,8
santorum,1809,3
sp,1889,1
s,1657,1
second,1603,1
table,1975,1
t,1855,1
resources,1825,1
state,1831,1
set,1987,1
s,1843,1
show,1814,1
s,1858,1
set,1472,36
t,1802,1
s,1834,1
tel,1681,1
specification,1701,1
set,1988,2
start,1919,1
state,1995,1
start,1723,1
s,1675,1
sampled,1499,1
s,1803,1
sp,2000,4
s,1855,1
sarbanes,1955,1
s,1955,1
shall,1822,1
table,1884,1
sp,1999,4
sp,1829,1
s,1854,1
table,1994,5
t,1796,1
section,1826,1
s,1809,1
sp,2000,1
shall,1818,1
t,1781,1
see,1764,1
s,1849,1
second,1774,3
spie,1840,1
set,1902,1
section,1915,2
s,1682,1
t,1732,1
table,1788,1
section,1912,1
sizes,1879,1
s,1805,1
sql,1697,1
shall,1815,1
solution,1830,2
set,1992,1
set,1986,1
start,1989,2
set,2001,8
set,1764,1
set,2011,2
s,1809,1
subrequirement,1896,1
sp,1999,19
t,1809,1
shall,1781,1
s,1711,1
t,1862,1
sizes,1475,3
t,1624,1
test,1805,1
set,1989,1
table,1829,1
second,1686,1
start,1900,31
s,1842,1
s,1821,1
table,1999,5
s,1793,1
s,1851,1
t,1832,1
state,1890,1
s,1817,1
s,1853,1
state,1909,1
table,2002,13
t,1801,1
t,1826,1
t,1856,1
ringhurst,1832,1
second,1866,1
start,1985,1
set,1996,1
sp,1999,25
t,1804,1
s,1827,1
s,1812,1
t,1831,1
show,1854,1
start,1981,1
s,1792,1
set,1986,2
t,1794,1
see,1809,1
sp,1998,1
set,1770,1
table,1839,1
sp,1998,2
tel,1845,2
s,1847,1
s,1814,1
see,1819,1
s,1695,1
solution,1875,1
see,1864,1
sp,1999,5
start,1986,3
sinalita,2017,1170
set,1999,3
show,1859,2
s,1822,1
t,1986,1
table,1994,1
section,1809,1
set,1986,3
shall,1709,1
s,1831,1
t,1811,1
s,1856,1
sp,1990,4
s,1725,1
t,1810,1
set,1764,1
t,1812,1
show,2019,125
sample,1971,2
state,1981,1
start,1975,1
rmsa,1804,1
solution,1905,2
s,2012,3
t,1819,1
state,1779,1
section,1848,1
t,1647,1
t,1863,1
s,1955,2
sample,2002,1
s,1851,1
t,1776,1
specification,1778,1
sp,1998,1
t,1838,2
set,1986,2
sp,1980,2
t,1848,2
second,1842,1
s,1851,1
section,1867,1
s,1815,1
restelli,1859,1
t,1815,1
tariff,1500,30
table,1787,1
riekla,2017,163
start,1990,1
section,1916,1
t,1780,1
sssr,1843,1
subface,1832,4
second,1760,1
sampled,1480,2
sample,1472,1
taboos,1896,1
resources,1802,1
s,1852,1
state,1999,11
schumer,1991,1
s,1672,1
start,1862,2
table,1995,2
s,1809,1
s,1828,1
section,1858,1
t,1849,1
t,1815,1
sp,1990,4
sp,1990,1
table,1990,5
set,1986,2
s,1832,1
t,1847,1
s,1781,1
section,2012,139
section,1841,1
solution,1805,2
solution,1914,1
shall,1661,1
section,1852,1
table,1938,3
t,1804,1
show,1817,1
s,1889,1
sp,1999,27
table,2001,1
resources,1823,1
t,1883,1
table,1814,1
t,1854,1
s,1842,1
s,1813,1
state,2005,1
sp,1999,13
sssr,1876,1
sample,1876,1
show,1738,1
table,1994,9
sql,2000,179
see,1737,1
s,1874,1
shall,1828,1
set,1917,1
s,1802,1
shall,1841,1
t,1834,1
sp,1990,4
start,1993,7
start,2001,1
sample,1984,3
s,1812,1
section,1822,1
s,1695,1
test,1489,1
s,1858,1
section,1769,1
resources,1790,4
s,1825,1
sp,1999,12
t,1796,1
s,1799,1
see,1816,1
t,1809,1
show,1992,2
table,1791,1
sample,2008,5
sql,1995,15
sp,1990,4
sp,1994,2
t,1820,2
t,1812,1
section,1802,2
s,1704,1
start,1886,1
t,1807,1
s,1790,1
t,1893,1
t,1795,1
shall,1832,1
sp,1990,2
second,1794,1
t,1808,1
s,1810,1
t,1810,1
s,1845,1
set,1968,1
section,1788,1
t,1818,1
t,1966,1
s,1816,1
second,1472,61
t,1776,1
specification,1812,1
sp,2005,13
sp,1994,4
t,1815,1
section,1976,1
sp,1999,1
solution,1857,2
t,1885,1
s,1745,1
set,1991,1
s,1806,1
set,1962,1
see,1907,59
solution,1496,1
shall,1715,1
second,1804,1
t,1904,1
s,1900,3
table,1978,6
s,1822,1
s,1812,2
spie,1707,1
table,1918,1
t,1835,1
t,1804,1
shall,1832,2
state,1884,1
t,1987,9
second,1845,1
subgrantee,1831,2
s,1508,1
s,1837,1
state,1639,1
s,1682,1
show,1833,1
t,1806,1
start,1986,6
second,1851,1
s,1864,1
sizes,1701,1
t,1666,1
start,1990,3
show,1999,2
shall,1823,2
taboos,1632,1
t,1667,1
sp,1999,1
s,1810,1
start,1797,1
state,1988,5
t,1841,1
t,1822,1
s,1869,1
show,1841,1
t,1841,1
set,1988,1
sp,1648,1
to,1621,1
sssr,1612,1
t,1830,1
sp,1850,1
s,1848,1
t,1845,1
s,1659,1
state,1754,1
t,1823,1
t,1805,1
s,1996,2
s,1979,1
t,1832,1
start,1797,1
s,1718,1
section,1904,1
sizes,1853,1
t,1819,1
section,1898,1
sp,2000,6
show,2002,3
table,1829,1
sp,1999,32
t,1820,1
t,1811,1
sp,1999,40
t,1817,1
s,1685,1
t,1798,1
section,1900,1
set,1990,9
s,1804,1
shall,1812,1
solution,1885,1
t,1987,4
table,1918,1
section,1841,1
set,1976,1
set,1811,1
table,1918,1
section,1830,1
shall,1472,545
subdepartment,1883,3
s,1875,1
s,1968,1
s,1799,1
sangbahayan,1995,1
section,1867,1
s,1853,1
start,1841,1
shaheen,1843,4
table,2013,2
table,1823,1
second,1762,1
s,1987,1
state,1777,1
sp,1999,2
start,1986,1
sp,1990,8
t,1805,1
t,1832,1
second,1472,116
show,1822,1
t,1901,1
sample,1955,1
sp,1990,1
start,1851,1
t,1831,1
second,1659,1
start,1475,3
t,1837,1
section,1849,1
sample,1855,1
t,1859,1
strandflat,1903,1
sp,1999,12
section,1827,1
resources,1807,1
t,1721,1
sp,1990,10
table,1987,6
table,1987,6
set,1989,1
sp,1994,4
sp,1993,1
s,1823,1
s,1837,1
shall,1542,1
shall,1623,1
section,1822,1
s,1699,1
t,1820,1
sp,1999,15
start,1941,1
renter,1962,4
t,1832,1
sssr,1815,1
see,1709,1
t,1675,1
s,1871,1
second,1684,1
s,1857,2
s,1809,1
t,1960,2
renter,1501,1
s,1841,1
sp,1993,1
start,1988,4
t,1846,1
s,2000,1
t,1859,1
sp,1996,6
set,1986,3
t,1837,1
start,1840,1
t,1808,1
start,1934,2
sangbahayan,1925,2
t,1832,1
s,1857,1
t,1860,1
second,1799,1
t,1808,1
set,1846,1
second,1805,1
sizes,1874,1
s,1672,1
rzekli,2017,1991
s,1672,1
shaheen,1800,3
see,1817,1
solution,1797,1
show,1976,2
s,1850,1
sssr,1815,1
show,1581,1
sample,1855,1
s,1711,1
s,1687,1
t,1824,1
shaheen,1877,1
t,1860,1
solution,1815,1
t,1861,1
t,1839,1
s,1808,1
section,1751,4
set,1616,1
section,1882,1
table,1732,1
s,1832,2
t,1781,1
t,1782,1
second,1997,1
set,1985,2
sumonded,1843,538
show,1999,3
t,1837,1
section,1837,1
sql,1810,1
t,1903,1
section,1812,1
s,1814,1
shaheen,1800,3
s,1836,1
shall,1823,1
renter,1653,1
s,1810,1
state,1979,5
t,1824,1
s,1798,1
sp,1995,1
tclass,1787,1
that,1801,1
sp,1999,5
t,1819,1
s,1911,1
sampled,1880,4
s,1848,1
s,1812,2
start,1988,4
s,1844,1
table,1949,2
show,1804,1
table,1996,23
set,1989,1
sp,1998,2
s,1832,1
s,1819,1
sp,1999,4
second,1501,4
strandflat,1903,1
t,1805,1
t,1776,1
s,1849,1
show,1860,1
solution,1844,1
sizes,1701,1
sp,1929,1
t,1821,1
sp,1996,2
s,1857,1
sp,1999,5
t,1810,1
sp,1998,1
s,1815,1
t,1866,1
section,1915,1
shall,1847,1
s,1810,1
show,1472,5
start,1956,1
set,1990,3
section,1651,1
sp,1990,3
see,1679,1
santorum,1809,2
t,1848,1
t,1814,1
show,1840,1
second,1799,1
sp,2005,1
section,1970,1
t,1920,1
ringhurst,1811,1
sp,1993,3
s,1856,1
t,1839,1
t,1854,1
s,1816,1
s,1972,2
start,1900,6
see,1824,1
sp,1994,19
tariff,1825,1
state,2011,28
t,1777,1
sp,1996,4
s,1823,1
s,1827,1
t,1859,1
sp,2008,54
state,1988,5
table,1842,1
s,1831,1
sp,1998,3
sp,1990,2
state,1913,1
s,1817,1
t,1823,1
s,1775,1
s,1832,2
state,1806,1
t,1986,2
table,1732,1
table,1814,1
specification,1814,4
solution,1685,1
t,1802,1
table,1946,2
t,1853,1
set,1987,1
s,1814,1
tclass,2019,156
sp,2001,9
sample,1985,2
sample,1905,1
t,1971,1
sp,1994,3
set,1980,3
t,1472,2
s,1906,1
s,1852,1
section,1800,1
s,1892,1
t,1812,1
s,1778,1
t,1805,1
sssr,1885,1
specification,1809,1
start,1985,5
s,1824,1
sp,1998,1
s,1858,1
state,1884,1
start,1988,1
t,1796,1
resources,1472,12
shall,1833,1
s,1893,1
s,1834,1
sp,1994,4
sp,1996,5
set,1992,5
set,1819,1
state,1810,1
second,1790,2
s,1656,1
s,1879,1
s,1812,1
s,1710,1
schumer,1838,3
see,1830,1
shall,1665,1
t,1921,1
t,1813,1
taboos,1840,1
t,1776,1
t,1950,2
table,1662,1
second,1472,1
t,1707,1
sp,1993,2
set,1916,1
sp,1990,5
sp,2000,1
sp,1990,6
to,1478,1
s,1882,1
t,1841,1
s,1845,1
s,1856,1
t,1814,1
s,1820,1
state,1842,1
t,1805,1
s,1784,1
show,2002,2
sp,1500,4
section,1898,1
sp,1999,62
set,1981,1
state,1999,1
sp,1999,15
second,1732,1
section,1832,1
sp,1990,4
spdrs,1798,1
second,1986,6
state,1995,99
s,1813,1
start,1988,1
see,1750,2
sql,2003,5
show,1788,1
s,1837,1
s,1813,1
t,1813,1
s,1832,2
table,1788,1
s,1808,3
t,1808,1
sssr,1906,1
section,1878,1
section,1782,1
restelli,1859,1
sp,1990,5
s,1816,1
t,1793,1
t,1768,1
set,1985,1
s,1979,1
sp,1993,3
table,1983,2
sp,1999,2
set,1900,1
sp,1990,5
sp,2005,11
start,1967,2
sp,1999,5
s,1793,1
section,1792,1
t,1817,1
second,1822,1
t,1827,1
roseocobalt,1857,820
t,1987,4
s,1809,1
resources,1869,1
second,1846,1
sizes,1475,3
sample,1847,1
s,1821,1
s,1704,1
rtdm,1735,1
see,1853,1
set,1990,4
show,1989,1
state,1828,1
set,2006,6
sp,2004,6
shenzhen,1905,5
t,1817,1
sp,1999,31
start,1900,10
s,1853,1
table,1815,1
t,1701,1
sp,1993,9
t,1704,1
show,1832,1
s,1681,1
t,1780,1
s,1809,1
s,2000,1
start,1990,5
s,1601,1
show,1809,1
set,1916,1
shall,1651,1
set,1905,1
t,1763,1
rollcall,1670,3
second,1861,1
t,1871,1
show,1854,1
riekla,2017,740
sp,1998,4
s,1837,1
start,1985,2
s,1842,1
sp,1999,21
seysmologii,1949,52
s,1858,1
second,1884,1
sp,1998,1
start,1984,2
shall,1733,1
t,1678,1
sizes,1892,1
solution,1885,1
t,1832,1
state,1801,1
test,1735,1
see,1805,1
sp,1990,4
solution,1921,1
sp,1996,6
t,1819,1
s,1979,1
t,1824,2
renter,1962,1
s,1830,1
s,2009,2
seatransit,1868,2
s,1829,1
solution,1813,1
t,1986,1
t,1837,1
set,1811,1
t,1475,2
sheykh,1759,1
t,1841,1
t,1800,1
t,1987,9
state,1834,1
s,1811,1
s,1657,1
shall,1827,1
set,1853,1
s,1813,1
shall,1853,1
s,1840,1
sql,1945,1
t,1807,1
t,1824,1
s,1796,1
sp,2000,4
resources,1919,2
second,1997,1
sp,1999,10
sp,1992,1
set,2004,10
t,1831,1
t,1658,1
t,1812,1
shall,1754,1
set,1996,80
s,1995,76
t,1702,1
set,1990,4
shall,1804,1
sarbanes,1997,1
t,1812,1
show,1677,1
state,1815,1
sp,2000,1
t,1900,4
show,1832,1
t,1865,1
t,1850,1
s,1805,1
start,1890,1
solution,2008,1
sp,1999,13
second,1774,1
sp,1993,4
s,1900,2
t,1817,1
show,1709,1
residue,1821,1
shall,1761,1
s,1692,1
state,1815,1
shall,1815,1
section,1815,3
t,1887,1
sp,1992,1
sp,1999,11
s,1821,1
subwoofers,1954,647
section,1810,6
t,1852,1
specification,1813,1
t,1808,1
show,1991,4
t,1854,1
t,1718,1
t,1810,1
table,1900,3
resources,1904,1
start,1989,18
see,1909,2
subprogramme,1947,1212
subgrantee,1831,2
splodil,2017,6
sql,1850,1
state,1612,1
solution,1813,1
t,1806,1
sample,1878,1
show,2019,88
s,1806,1
sp,1999,5
schumer,1941,2
subface,1832,1
sample,1859,1
t,1828,1
state,1831,1
sp,1781,1
set,1985,1
s,1916,1
s,1863,1
t,1753,1
show,2019,47
section,1851,1
second,1832,1
t,1819,1
sizes,1874,1
set,1947,1
t,1986,1
start,1840,1
t,1819,1
set,1579,1
table,1912,2
s,1829,1
sp,1994,1
sp,1994,2
s,1812,1
set,1812,1
sp,2000,5
t,1793,1
second,1804,1
s,1869,1
table,1900,3
t,1808,1
s,1800,1
s,1657,1
t,1795,1
sp,2000,3
s,1880,1
s,1804,1
second,1472,54
sample,2008,5
see,1807,1
s,1805,1
t,1841,1
see,1830,1
sp,1999,7
t,1801,1
s,1825,1
set,1915,1
set,1996,8
t,1827,1
second,1794,1
shall,1736,1
sarmatov,1966,2
sp,1988,2
s,1962,1
t,1804,1
t,1885,1
s,1870,1
t,1678,1
s,1855,1
sp,1998,1
sample,1472,1
sp,1999,42
sp,1763,1
rosuvastatm,2004,469
t,1826,1
s,1714,1
show,1867,1
start,1875,1
t,1809,1
t,1809,1
set,1996,1
shall,1709,1
s,1854,1
t,1780,1
s,1813,1
t,1832,1
set,1778,2
state,1790,2
second,1682,2
rhabdosomes,1895,3
t,1809,1
set,2003,1
t,1813,1
t,1806,1
sp,1999,10
sql,1987,1
s,1832,1
set,1989,3
sizes,1856,1
t,1798,1
synapomorphy,1852,4
set,1972,2
s,1796,1
s,1825,1
sp,2005,2
table,1978,6
sizes,1889,1
second,1995,7
t,1835,1
s,1873,1
set,1916,1
t,1812,2
sizes,1832,1
s,1809,1
technoecosystem,1976,685
s,1868,1
see,1764,1
t,1765,2
sp,1993,1
s,1974,1
spuis,1760,1
sample,1984,7
t,1783,1
t,1862,1
s,1847,1
s,1850,1
sp,1999,28
state,1875,1
second,1850,1
t,1812,1
s,1868,1
s,1813,1
sp,1999,6
t,1986,3
section,1863,1
roadfill,1895,1
santorum,1997,2
sp,1999,16
s,1808,1
t,1630,1
t,1813,1
s,2006,1
s,1809,1
set,1990,3
subdepartment,1815,2
solution,1914,1
s,1826,1
solution,1869,1
state,1900,1
s,1672,2
s,1821,1
state,1831,1
see,1472,8
t,1804,1
sql,1992,1
t,1835,1
solution,1972,1
s,1638,1
s,1761,2
t,1840,1
state,1986,2
t,1803,1
s,1812,1
t,1809,1
sizes,1853,2
solution,1475,690
state,1815,1
sp,1993,1
subprogramme,1947,24
s,1834,1
rosuvastatm,2004,67
start,1900,32
t,1815,1
sp,1475,1
start,1971,1
state,1834,1
s,1835,1
section,1827,1
start,1472,1
start,1988,2
t,1781,1
section,1661,1
solution,1775,1
s,1704,3
sp,1999,7
test,1735,1
state,1823,1
s,1881,1
sp,1994,3
shall,1872,2
sp,1517,1
t,1803,1
see,1704,1
sizes,1499,1
t,1822,1
s,1808,1
set,1990,1
table,1885,1
t,1816,1
s,1814,1
sp,1998,1
sp,1999,1
sql,2000,7
see,1822,1
s,1888,1
t,1809,1
s,1974,2
s,1806,1
sql,1995,13
t,1814,1
t,1883,1
sql,1865,1
resources,1908,1
section,1996,1
specification,1480,67
table,1854,1
rzekli,1986,2
sp,1871,1
sp,1996,4
santorum,1809,1
s,1817,1
sp,1999,2
sp,1990,6
t,1796,1
t,1813,1
sizes,1843,1
t,1808,1
state,1825,1
show,1999,3
sample,1996,2
s,1856,1
sp,1996,5
sphygmoscope,1856,464
start,1988,4
t,1806,1
t,1987,9
t,1785,1
shenzhen,1905,8
t,1857,1
s,1839,1
s,1848,1
t,1812,1
s,1864,1
s,1823,1
s,1835,1
shall,1710,1
sp,1998,1
second,1727,1
show,1989,2
solution,1685,1
s,1679,1
set,1911,1
schumer,1946,1
table,2002,13
s,1809,1
t,1823,1
t,1812,1
s,1806,1
that,1757,1
rubiacin,1848,730
set,2012,2
s,1851,1
s,1709,1
shall,1777,1
s,1925,1
section,1858,1
s,1822,1
restud,1854,1
sp,1999,10
start,1834,1
set,1988,3
s,1810,2
s,1814,1
second,1501,2
s,1969,1
t,1707,1
scrappie,1827,1
s,1856,1
see,1835,1
s,1872,1
s,1812,1
second,1894,1
s,1835,1
table,1927,1
s,1800,1
t,1851,2
s,1822,1
s,1472,1
s,1850,1
t,1832,1
show,1677,1
sample,1834,1
section,1897,1
s,1900,3
state,1829,1
start,1997,5
rollcall,1789,2
show,2019,105
t,1837,1
t,1817,1
s,1812,1
set,2013,6
specification,1820,1
shall,1828,1
t,1825,1
s,1832,1
second,1773,1
sql,1999,10
sample,1993,1
state,1996,1
t,1841,1
s,1792,1
start,1885,1
table,1886,1
s,1833,1
s,1849,1
state,1909,1
sp,1990,9
state,1815,1
second,1798,2
set,1834,2
residue,1475,167
sp,1811,1
s,1695,1
s,1995,83
set,1803,1
s,1813,1
s,1843,1
table,1988,3
second,1804,1
set,1811,1
s,1777,1
to,1520,2
show,1971,6
start,1990,3
t,1855,1
s,1823,1
sql,1808,1
show,1475,8
t,1824,1
start,1840,1
shall,1727,1
t,1806,1
t,1986,3
start,1996,1
s,1809,1
sp,1996,4
roadfill,1923,3
start,1987,2
t,1832,1
set,1813,1
s,1880,1
t,1908,1
rostov,1836,1
t,1813,1
singlesitting,1880,2
t,1814,1
s,1812,1
set,1996,1
set,1987,1
sample,1906,1
s,1815,1
s,2002,2
scrappie,1827,1
shall,1827,1
section,1851,1
start,1995,2
t,1809,1
t,1812,1
sql,1992,1
s,1702,1
table,1996,2
resources,1848,1
t,1832,1
t,1716,1
t,1911,2
t,1814,1
sp,1999,8
s,1685,2
s,1835,1
show,1579,1
s,1808,1
second,1833,1
start,1984,1
s,1824,1
t,1790,1
t,1921,1
solution,1805,2
state,1828,1
s,1847,1
s,1819,1
sp,1990,4
s,1702,1
t,1834,1
t,1716,1
t,1812,1
sp,1994,1
t,1831,1
shall,1772,1
state,1846,1
second,1824,1
to,1478,1
state,1898,1
t,1793,2
s,1805,1
sampled,1500,6
second,1476,1
sp,2008,54
s,1834,1
section,1989,3
sinalita,1940,1
t,1499,1
see,1909,7
s,1794,1
start,1985,5
remarketing,1832,3
s,1773,1
s,1820,1
state,1798,1
s,2009,2
second,1831,2
s,1839,1
s,1858,1
t,1472,4
section,1851,1
sp,1501,4
specification,1859,1
t,1846,1
s,1828,1
set,1996,1
table,1979,7
s,1830,1
sp,1999,2
sp,1993,1
second,1478,1
t,1857,1
table,1829,1
section,1839,2
sp,1994,1
t,1727,1
t,1960,1
show,1999,2
state,1634,1
start,1985,3
t,1721,1
t,1508,1
start,1975,1
set,1856,1
sample,1990,4
show,1641,1
s,1548,1
sp,1993,5
sinalita,1923,1
sp,1996,2
t,1470,1
specification,1814,4
t,1820,1
s,1834,1
sp,1990,14
taboos,1632,1
section,1826,1
soery,1762,1
sampled,1880,3
s,1508,1
t,1840,1
see,1832,1
start,1996,1
t,1829,1
set,1982,1
s,1878,1
singlesitting,1972,552
t,1802,1
slochower,1945,1
t,1986,2
the,1549,2
t,1800,1
start,1840,1
s,1800,1
treaty,1811,2
sp,1999,2
set,1988,4
show,2003,5
s,1982,1
s,1829,1
sp,1999,3
talianska,1981,1
treaty,1811,2
s,1872,1
shall,1815,1
sampled,1888,2
second,1840,2
s,1896,1
s,1850,1
t,1803,2
t,1838,1
section,1788,1
test,1818,1
t,1783,2
t,1824,1
set,1985,5
tariff,1793,1
rosuvastabn,2004,332
s,1672,1
sp,1980,2
sp,1858,1
sp,1999,12
shall,1853,1
s,1704,1
show,1788,1
sp,1998,1
sp,1999,20
t,1801,1
sp,1994,1
set,1987,1
s,1856,1
s,1831,1
t,1636,2
t,1835,1
t,1781,1
section,1661,1
s,1839,1
sp,1996,7
tel,1721,1
s,1812,1
sp,1998,2
t,1803,1
s,1797,1
t,1864,1
t,1793,1
table,1942,2
section,1883,1
s,1548,1
s,1672,1
set,1787,1
s,1826,1
second,1684,1
s,1877,1
set,1529,2
section,1859,1
s,1720,1
t,1824,1
start,1748,1
sheykh,1759,27
t,1847,1
t,1801,1
sp,1990,3
solution,1814,1
s,1796,1
s,1825,1
tariff,1787,2
see,2010,4
state,1902,1
t,1960,2
singlesitting,1972,552
state,1926,1
sp,1999,20
sample,1809,1
t,1799,1
see,1819,1
t,1785,1
set,1996,85
sp,1994,3
t,1824,1
t,1820,1
table,1923,1
s,1808,1
t,1840,2
t,1812,1
section,1898,2
solness,1675,1
show,2004,1
section,1854,1
sample,1982,1
state,1978,1
s,1834,1
s,1802,1
second,1795,1
t,1809,1
set,1981,1
t,1986,1
section,1802,2
s,1842,1
state,1829,1
sp,1990,4
t,1812,1
t,1819,1
t,1808,1
sp,1990,6
t,1844,1
s,1703,1
solution,1868,1
t,1986,1
t,1563,2
s,1814,1
t,1818,1
state,1902,1
s,1849,1
sp,1993,7
s,1601,1
s,1900,2
t,1722,1
s,1809,1
sample,1987,1
table,1994,1
s,1825,1
state,1988,1
second,1659,1
sizes,1698,1
s,1810,1
sp,1998,1
s,1837,1
t,1817,1
s,1816,1
tariff,1793,1
s,1714,1
specification,1542,1
subgrantee,1892,14
sp,1998,3
t,1819,1
sp,1999,1
s,1846,2
sp,1996,3
table,1999,3
s,1825,1
t,1889,1
t,1867,1
t,1821,1
sp,1996,5
specification,1820,1
t,1986,2
sample,1993,1
state,1826,1
spie,1840,3
t,1818,1
t,1830,2
tackne,1841,223
table,1988,3
table,1866,2
t,1840,2
t,1776,1
sp,1998,1
t,1816,1
t,1833,1
t,1986,1
s,1822,1
sp,1999,50
t,1667,1
t,1814,2
solution,1786,1
state,1903,1
start,1900,10
s,1704,1
superforecasters,2015,499
taboos,1930,1
t,1812,1
t,1806,1
table,1823,1
shall,1652,1
sp,1990,4
sample,1895,1
state,1990,1
set,1991,1
rollcall,1884,2
s,1813,2
s,1805,1
t,1811,1
show,1900,2
s,1796,1
seysmologii,1949,59
sample,1868,1
t,1986,1
s,1699,2
set,1784,1
s,1853,1
sp,1992,1
t,1812,1
s,1811,1
shall,1804,1
t,1832,1
t,1729,1
sp,1759,1
t,1780,1
sample,1981,1
subwoofers,1954,646
shendy,1820,2
s,1835,2
set,1991,1
tariff,1861,1
t,1801,1
sp,1999,15
t,1850,1
t,1814,1
sp,1990,1
t,1811,1
sql,1908,1
state,1960,1
show,1702,1
set,1886,1
t,1878,1
set,2001,4
t,1886,1
state,1822,1
t,1943,1
s,1714,1
s,1889,1
shall,1581,1
territory,1824,1
t,1801,1
regentis,1566,2
section,1849,1
section,1811,2
section,1801,1
t,1834,2
solution,1814,1
t,1812,1
solution,1830,2
set,1900,2
sp,1999,6
specification,1859,1
t,1812,1
shall,1722,1
t,1950,2
table,1900,4
solution,2007,1
s,1824,1
that,1560,1
s,1820,1
s,1820,1
s,1861,1
t,1831,1
s,1845,1
shall,1824,1
t,1624,1
spie,1661,1
t,1666,1
specification,1812,1
section,1851,1
sp,1856,1
set,1995,2
t,1810,1
section,1817,1
set,1988,2
section,1841,1
t,1859,1
t,1835,1
second,1630,1
s,1824,1
state,1779,1
section,1901,1
schumer,1996,2
set,1475,14
state,1996,2
second,1719,1
show,1894,3
see,1847,1
s,1806,1
see,1909,5
t,1808,1
set,1985,1
t,1986,2
s,1875,1
the,1633,1
t,1713,1
s,1673,1
specification,1480,67
s,1710,1
solness,1675,1
section,1883,1
t,1707,1
s,1853,1
start,1895,2
set,2003,1
t,1838,1
set,1607,1
t,1811,1
set,1880,1
t,1630,1
sp,1999,29
residue,1499,3
s,1869,1
table,1785,1
that,1801,1
t,1812,1
second,1986,6
t,1748,1
see,1792,1
start,2009,2
rollcall,1888,2
s,1825,1
start,1878,1
t,1798,1
table,1900,1
section,1894,1
t,1699,1
t,1827,1
see,1833,1
t,1804,1
s,1849,1
table,1923,1
second,1837,1
s,1871,1
t,1823,1
subdepartment,1874,2
s,1811,1
shall,1767,1
section,1841,1
table,1984,3
s,1719,1
see,1911,1
t,1960,1
set,1972,2
state,2011,18
s,1648,1
t,1793,1
t,1802,1
t,1981,1
s,1656,1
show,1851,1
sql,2004,1
sp,1789,1
sp,1990,7
state,1926,1
sample,1892,1
savdue,1900,4273
section,1792,1
see,1824,1
sp,1995,5
t,1987,11
table,1472,6
sp,1994,3
salanda,1888,1
s,1819,1
t,1816,1
s,1860,1
sp,1990,4
t,1805,1
t,1809,1
s,1797,1
sp,2003,1
set,1900,3
state,1634,1
t,1861,1
state,1996,3
start,1988,7
see,1909,5
set,1988,1
subdepartment,1815,2
sssr,1817,1
sp,1999,2
show,2002,3
sp,1692,1
set,1853,1
t,1848,1
shall,1822,1
sp,1990,2
s,1790,1
set,1845,1
strandflat,1922,200
section,1656,1
t,1812,1
t,1986,4
resources,1909,1
sp,2000,8
sp,1998,2
s,1651,1
sssr,1876,1
sp,1990,3
sssr,1612,1
state,1833,1
s,1802,1
t,1987,1
section,1811,1
sinalita,1923,2
sql,1999,24
show,2010,41
s,1802,1
section,1792,1
t,1818,1
t,1831,1
set,1989,2
s,1660,1
sp,1996,4
state,1950,2
show,1852,1
sp,1999,23
s,1818,1
sql,2003,15
sizes,1845,1
t,1822,1
s,1850,1
s,1900,2
subface,1794,1
state,1855,1
set,1850,1
show,1836,1
set,1906,1
t,1712,1
t,1833,1
sangbahayan,1925,2
t,1817,1
t,1855,1
table,1844,1
sample,1964,1
s,1825,1
t,1860,1
sheykh,1863,1
sicts,1705,1
start,1985,5
t,1834,1
sp,1858,1
sp,1998,1
restud,1835,1
s,1862,1
sp,1990,2
show,1997,1
s,1852,1
table,1994,9
s,1839,1
t,1653,1
s,1829,1
sp,1990,12
t,1818,1
s,1831,1
resources,1858,1
t,1763,1
s,1840,1
t,1809,1
see,1909,1
start,1997,13
t,1808,1
s,1811,1
t,1818,1
sp,1998,1
table,1877,2
show,1837,1
sql,1994,1
show,1834,1
t,1772,1
s,1818,1
show,1832,1
s,1595,1
set,1790,1
sp,1998,1
t,1804,1
t,1811,1
s,1876,1
t,1959,2
resources,1802,1
section,1858,1
sp,1990,4
t,1759,1
s,1888,1
t,1829,1
table,1989,1
t,1831,1
s,1849,1
s,1810,1
s,1825,1
s,1910,1
table,1917,1
s,1807,1
show,1822,1
t,1801,1
s,1818,1
the,1656,1
sp,1999,3
s,1823,1
tel,1659,1
sheykh,1759,24
t,1911,1
sp,1999,7
s,1781,1
resources,1779,1
specification,1542,1
t,1741,1
t,1742,1
s,1853,2
show,2002,3
sp,2000,24
sp,2005,6
s,1710,1
s,1887,1
state,1815,1
teamstepps,2010,4
start,1934,2
t,1939,1
s,1803,1
state,1981,1
second,1789,1
sp,1883,1
resources,1472,12
t,1828,1
s,1673,1
sphygmoscope,1856,28
sample,2006,3
t,1824,1
tel,1721,1
start,1937,1
shall,1823,1
s,1995,5
s,1869,1
tclass,1782,1
t,1881,1
sp,2000,24
set,1991,22
state,1475,13
start,1986,2
set,2000,1
sp,1999,4
see,1830,1
sinsheimer,1897,1
state,1987,2
s,1999,4
sp,2001,6
t,1800,1
sp,1995,1
s,1811,1
sp,1993,2
t,1813,1
shall,1801,1
sql,2000,69
s,1672,1
s,1703,1
t,1763,1
sp,1990,4
set,2006,2
start,1996,3
s,1817,1
start,1997,4
snowe,1549,3
t,1842,1
s,1800,1
table,1902,1
t,1786,1
sql,1850,1
set,1990,1
t,1900,5
start,1829,1
see,1786,1
section,1988,1
s,1820,1
show,1976,2
schnoerr,1965,1
s,1765,1
set,1905,1
sp,1820,1
table,1979,7
set,1986,1
s,1832,1
the,1715,1
set,1976,1
t,1834,1
table,1989,1
sp,1999,12
s,1635,1
resources,1843,1
set,1811,1
sp,1999,11
t,1854,1
t,1753,1
t,1809,1
state,1987,2
s,1672,3
t,1782,1
t,1809,1
t,1753,1
table,1981,3
t,1840,1
s,1651,1
specification,1906,1
s,1912,1
start,1967,1
table,1984,3
state,1819,3
stabenow,1997,3
set,1815,1
t,1860,2
table,1980,1
sql,1772,1
t,1802,1
set,1814,2
t,1962,1
s,1796,1
table,1824,2
t,1711,1
t,1981,1
t,1816,1
t,1676,1
t,1800,1
tariff,1859,1
table,1851,9
sp,1849,1
show,1871,1
s,1807,1
resources,1797,2
s,1805,1
shall,1814,1
t,1847,2
t,1816,1
t,1858,1
s,1911,1
regentis,1566,1490
t,1827,1
sp,1848,1
s,1809,1
s,1807,1
second,1808,1
s,1826,1
s,1797,1
table,1996,23
sautapan,1846,556
t,1636,1
set,1837,1
t,1801,1
t,1811,1
see,1844,1
test,1489,1
see,1909,1
sp,1994,1
t,1817,1
s,1800,1
see,1656,1
t,1840,1
see,1909,1
s,1699,1
t,1800,1
sp,1999,4
seclab,1960,3
table,1981,5
sql,1995,1
shall,1721,6
t,1894,1
table,1990,3
t,1814,1
second,1998,1
set,2009,1
s,2007,1
sampled,1499,1
set,1880,1
start,1997,16
rollcall,1820,1
t,1805,1
sp,1996,14
solution,1475,690
t,1809,1
sizes,1845,1
sql,1989,1
s,1840,1
t,1818,3
table,1988,1
second,1891,1
table,1900,43
start,1917,1
s,1987,1
section,1627,1
start,1995,1
s,1682,1
sp,1998,1
s,2002,1
start,1993,7
synapomorphy,1852,4
set,1991,1
t,1804,1
start,1937,1
start,1987,1
start,1811,1
t,1823,1
t,1806,1
set,1988,1
start,1861,1
t,1812,1
sp,1999,11
residue,1475,4
s,1893,1
table,1884,1
t,1787,1
t,1889,1
second,1885,1
s,1704,1
t,1821,1
tclass,1913,1
s,1802,1
s,1805,1
s,1900,4
show,1871,1
start,1984,3
sp,1750,1
s,1722,1
t,1817,1
t,1815,1
s,1839,1
t,1818,1
t,1832,1
schumer,1946,1
s,1809,1
s,1824,1
that,1747,1
start,1988,7
s,1653,1
sp,1993,3
s,1853,2
s,1845,1
set,2002,2
t,1701,1
t,1838,1
the,1766,2
s,1791,1
state,1996,1
shenzhen,1905,1
t,1828,1
set,1988,1
t,1802,1
second,1995,7
solution,1775,1
rostov,1933,2
t,1636,1
t,1849,1
table,1854,1
sample,1851,1
sssr,1888,1
start,1989,14
s,1704,1
sp,1999,15
s,1852,1
s,1820,1
sp,1990,4
s,1796,1
t,1849,1
show,1825,1
set,1988,21
start,1976,1
s,1821,2
resources,1823,1
state,1914,1
sp,1996,17
s,1707,1
resources,1810,1
sample,1895,1
show,1853,1
sicts,1705,1
sp,1996,1
t,1987,5
t,1823,1
section,1785,1
t,1909,1
s,1830,1
s,1827,1
tclass,2019,214
sp,1999,25
state,1852,1
t,1826,1
table,2013,2
section,2012,139
s,1998,2
s,1813,3
start,1988,7
t,1821,1
section,1861,1
s,1675,1
s,2007,1
t,1765,2
see,1809,1
specification,1802,1
t,1811,1
s,1847,1
s,1863,1
t,1808,1
t,1893,1
s,1988,1
t,1889,2
show,1989,9
sp,1998,1
sp,1990,6
start,1981,1
s,1470,4
sizes,1865,1
t,1801,1
start,1987,7
spie,1576,4
s,1812,1
show,2019,64
start,1986,1
s,1842,1
s,1802,1
start,1907,1
table,1580,1
s,1780,1
s,1871,1
sample,2006,3
sql,1999,24
set,1770,1
set,1989,1
start,1829,1
snowe,1549,1
sp,1999,7
t,1813,1
t,1621,1
t,1870,1
solution,1786,1
t,1834,1
shall,1832,2
s,1802,1
spie,1840,1
set,1835,1
set,2011,2
s,1996,2
s,1764,1
t,1632,1
see,1679,1
table,1998,3
second,1998,1
renter,1501,1
s,1806,1
t,1987,11
t,1851,1
solution,1825,1
second,1817,1
second,1851,1
rollcall,1867,1
start,1987,1
s,1850,1
sp,1999,12
s,1844,1
sql,1996,12
sp,1990,9
table,2002,1
s,1814,1
set,1784,1
s,1860,2
the,1749,1
show,1856,1
s,1813,3
s,1675,1
t,1804,1
t,1811,1
sp,1998,2
t,1832,1
s,1805,2
sample,1895,1
t,1802,1
s,1837,1
synapomorphy,1969,6
tclass,1841,1
sql,1999,6
set,1986,1
section,1656,1
t,1816,1
table,1794,1
taboos,1813,2
sssr,1885,1
sp,1990,2
s,1809,1
s,1800,1
t,1818,1
t,1987,6
sp,1998,1
t,1797,1
s,1834,1
state,1796,1
s,1825,1
s,1858,1
sp,1999,6
t,1741,1
s,1885,1
see,1814,1
set,2009,1
t,1807,1
set,1980,2
see,1826,1
sp,1999,5
sheykh,1759,1
s,1719,1
table,1900,3
t,1817,1
sql,1846,1
sautapan,1846,558
see,1870,1
section,1656,1
sql,1990,1
sp,1998,1
sp,1999,45
show,1857,1
show,2019,67
t,1759,1
set,1980,1
set,1811,1
t,1800,1
sp,1998,2
syntopogenous,1963,683
t,1675,1
syntopogenous,1963,698
s,1910,1
s,1825,1
section,1789,1
t,1827,1
see,1645,1
s,1834,1
sp,1990,4
splodil,2017,1154
s,1765,1
sp,1996,2
set,1900,1
set,1991,1
sp,1999,4
s,1806,1
that,1712,1
s,1836,1
s,1998,2
see,1825,1
show,1835,1
start,1900,1
sp,1998,2
section,1883,1
sql,2000,98
sp,1993,3
set,1987,1
table,1978,1
t,1805,1
sample,1499,1
sp,1998,1
s,1816,2
sp,1998,2
table,1989,1
set,1985,2
set,1982,1
second,1834,1
sp,1990,4
t,1812,1
sql,1990,1
t,1669,1
second,1845,1
section,1902,1
t,1812,1
second,1822,1
t,1818,1
second,1811,1
s,1832,2
sarbanes,1949,1
section,1852,1
sp,1990,4
second,1844,1
s,1843,1
t,1849,1
s,1831,1
sp,1986,1
tel,1659,1
sp,1990,1
section,1890,1
regentis,1566,1486
s,1974,1
start,1892,1
t,1801,1
shenzhen,1905,13
s,1831,1
s,1960,3
t,1815,1
t,1825,1
s,1816,1
t,1704,1
t,1834,1
section,1914,1
t,1822,1
set,1803,1
section,1809,1
sample,1891,1
s,1853,1
s,1828,1
t,1962,1
s,1816,1
shall,1715,1
s,1818,1
s,1857,1
t,1822,1
t,1987,12
show,1989,14
rovsing,1844,1
shall,1805,1
s,1826,1
set,2004,10
set,1845,1
stabenow,1919,4
s,1809,1
t,1952,3
snowe,1577,1
s,1809,1
seatransit,1868,2
state,1978,1
t,1781,1
sql,1990,2
table,1998,3
sql,1848,1
set,1900,5
section,1470,6
sp,2000,1
t,1801,1
sp,1810,1
sp,2000,5
table,1785,1
set,2000,3
t,1809,1
t,1859,1
t,1827,1
tariff,1858,1
that,1836,1
tclass,1841,1
s,1835,1
s,1849,1
resources,1908,1
t,1817,1
show,1992,8
sql,2004,1
sp,1996,3
show,1986,2
s,1717,1
t,1834,1
sp,1999,4
shaheen,1872,1
s,1794,1
t,1793,1
t,1713,1
t,1833,1
s,1804,1
s,1804,1
t,1833,1
set,1702,1
s,1852,1
t,1772,1
sp,1994,3
s,1979,1
s,1798,1
t,1856,1
second,1904,1
set,1985,1
tariff,1825,1
sp,1655,1
s,1874,1
state,1855,1
section,1529,6
second,1732,1
set,1813,1
shall,1870,1
state,1816,1
residue,1832,1
s,1910,1
rtdm,1855,1
set,1900,2
state,1981,2
set,1996,8
tariff,1829,1
t,1908,1
set,1982,1
rubiacin,1848,815
t,1903,1
solution,1847,1
sp,1993,14
s,1889,1
rosuvastabn,2004,83
start,1851,1
shall,1823,1
section,1908,1
section,1898,2
to,1762,1
t,1827,1
s,1834,2
s,1809,1
show,1833,1
s,1703,1
second,1831,2
t,1841,1
state,1639,1
show,1855,1
t,1842,1
t,1621,1
table,2001,1
section,1751,4
t,1790,1
remarketing,1831,1
renter,1687,1
state,1472,19
state,1816,1
set,1992,16
shall,1832,1
tclass,1867,1
t,1818,1
state,1981,2
set,1853,1
show,1854,1
sp,1990,5
s,1861,1
s,1834,1
section,1812,1
sp,2000,1
t,1974,1
t,1763,1
sp,1990,10
section,1901,1
schumer,1838,3
s,1805,1
sp,1999,36
state,1988,2
sp,1998,1
t,1715,1
t,1834,1
start,1723,1
t,1791,1
test,1805,1
sample,1499,1
sp,1996,1
table,1824,2
section,1916,1
s,1855,1
s,1821,1
t,1839,1
s,1846,1
sp,1998,1
show,1989,1
set,1992,5
start,1987,1
s,1814,1
s,1684,1
t,1807,1
t,1624,1
t,1786,1
t,1790,1
shall,1822,1
start,1905,1
shall,1814,1
set,1985,6
set,1987,1
set,1999,14
t,1783,1
s,1857,1
rtdm,1735,1
sp,1999,14
s,1797,1
s,1832,1
shall,1667,1
resources,1989,2
table,1917,1
second,1809,2
rhabdosomes,1895,843
section,1832,2
t,1986,1
t,1817,1
shenzhen,1905,1
s,1808,1
second,1864,1
start,1996,1
s,1855,1
sp,1990,8
start,1997,5
sumonded,1843,539
sample,1891,1
s,1803,1
table,1844,1
sp,1850,1
s,1869,1
sampled,1480,1
t,1850,1
t,1877,1
start,1988,7
subprogramme,1861,2
sp,1990,2
second,1874,2
s,1784,1
see,1808,1
t,1986,2
rmsa,1844,1
t,1812,1
t,1931,1
s,1802,1
see,1860,1
sp,1499,1
t,1813,1
t,1817,1
s,1881,1
s,1852,1
t,1780,2
set,1975,3
to,1844,1
s,1704,2
roadfill,1923,1
snowe,1658,1
table,1900,1
rollcall,1867,1
rzekli,2017,74
t,1840,1
sizes,1823,1
t,1829,1
second,1834,1
resources,1989,2
t,1832,1
table,1851,9
t,1823,1
section,1882,1
table,2012,1
see,1784,1
t,1851,1
section,1837,1
set,1988,2
t,1858,1
t,1811,2
set,1792,1
t,1757,1
t,1806,1
section,1812,1
sp,1990,1
s,1862,1
s,1793,1
state,1810,1
second,1885,1
state,1911,1
section,1911,1
section,1470,6
second,1762,1
see,1909,2
sql,1989,1
splodil,2017,27
sp,1988,2
shall,1728,1
t,1812,1
table,1829,1
section,1841,1
s,1862,1
sangbahayan,2017,213
t,1892,1
t,1812,1
sp,1861,1
set,1988,1
sp,1826,1
rosuvastatm,2004,356
t,1809,1
t,1811,1
second,1841,1
tariff,1829,1
t,1813,1
that,1560,1
t,1818,1
state,1487,1
show,1709,1
t,1805,1
s,1656,1
tclass,1817,1
sizes,1843,1
roseocobalt,1857,20
sp,1990,4
solution,2007,1
t,1833,1
section,1886,1
subface,1832,4
s,1821,1
state,1839,1
set,1472,36
t,1805,1
set,1868,1
shall,1614,1
table,1996,2
t,1986,2
restud,1835,1
t,1742,1
set,1988,53
t,1868,1
t,1804,1
t,1800,1
second,1812,1
t,1699,1
sp,1820,1
set,1853,1
sp,1996,17
sp,1999,8
sql,2002,3
s,1808,1
s,1810,1
show,2019,64
set,1986,1
s,1858,1
t,1783,1
start,1970,1
sp,1999,43
semiarc,1794,510
state,1995,86
see,1475,4
skildpadde,1917,2
s,1847,1
sample,1847,1
t,1836,1
s,1685,1
state,1763,1
state,1900,1
t,1986,3
see,1472,8
section,1916,2
state,1876,1
s,1720,1
t,1986,1
t,1816,1
sp,1994,4
rosuvastabn,2004,448
sample,2013,1
t,1987,38
t,1814,1
t,1809,1
s,1793,1
section,1862,1
sssr,1906,1
show,1872,1
s,1849,1
s,1974,2
t,1835,2
s,1860,1
set,1811,1
s,1843,1
set,1995,1
section,1782,1
s,1851,1
sangbahayan,2017,3270
section,1863,1
set,1980,1
spie,1725,1
s,1834,1
t,1832,1
s,1838,1
s,1687,1
residue,1800,3
sizes,1889,1
state,1921,1
sp,1999,9
s,1850,1
s,1995,5
table,1989,1
s,1825,1
see,1867,1
set,1968,1
s,1873,1
sp,2000,4
set,1900,2
t,1810,1
table,1975,1
s,1831,1
t,1801,1
sql,1995,12
sp,1998,1
state,2000,2
seysmologii,1949,118
section,1815,3
t,1807,1
s,1470,3
t,1840,1
state,1829,1
second,1846,1
t,1821,1
sample,1876,1
section,1830,1
regentis,1566,2
t,1818,2
resources,1904,1
t,1859,1
s,1811,1
superforecasters,2015,489
s,1790,1
s,1704,1
sp,2000,1
shall,1805,1
sp,1999,31
show,1998,1
table,1900,1
see,1817,1
s,1831,1
s,1639,1
s,1915,1
rosuvastatm,2004,24
t,1470,1
sql,2000,5
start,1987,3
spanishtranslation,2018,303
see,1809,1
sp,1990,1
t,1791,1
t,1832,1
sp,1990,2
t,1812,1
sp,1830,1
s,1812,1
t,1636,1
s,1832,1
solution,1797,1
t,1772,1
set,1962,1
s,1857,1
solution,1811,1
sp,1822,1
sizes,1856,1
state,1805,1
set,1803,1
s,1816,1
s,1808,1
the,1633,1
sample,2015,4
t,1843,1
set,1819,1
second,1865,1
t,1849,1
spie,1579,1
s,1830,1
tackne,1841,538
shall,1801,1
sp,1710,1
t,1812,1
t,1810,1
t,1843,1
t,1820,1
sp,1990,1
t,1836,1
t,1849,1
shall,1472,545
remarketing,1831,1
table,1913,1
show,2001,1
t,1897,1
renter,1702,1
s,1809,1
residue,1768,1
state,1890,1
s,1969,1
t,1808,1
t,1803,1
t,1812,2
sql,1803,1
t,1803,1
sp,1990,1
second,1848,1
second,1835,1
sp,1998,1
state,1815,1
table,1854,1
start,1990,1
s,1853,1
show,1854,1
table,1848,1
roadfill,1895,1
s,1791,1
section,1792,1
solution,1863,1
t,1800,1
rollcall,1670,3
t,1826,1
s,1798,1
sp,1994,3
t,1885,1
start,1947,1
t,1803,1
s,1687,1
set,1981,2
sample,1885,1
s,1841,1
sumbat,1845,8
t,1807,1
sp,1990,12
start,1728,1
show,1817,1
state,1823,1
sample,1933,1
tclass,1782,1
territory,1824,1
state,1981,2
s,1813,1
section,1849,1
see,1907,58
s,1835,1
second,1805,1
table,1833,1
show,1817,1
sp,1999,5
sp,1990,1
table,1878,1
subface,1832,1
t,1836,1
t,1812,1
t,1816,1
roseocobalt,1857,800
start,1904,1
s,1470,13
solution,1854,1
state,1487,1
sampled,1969,1
see,1623,1
t,1801,1
shall,1632,1
s,1821,1
section,1807,1
table,1842,1
strandflat,1922,2966
t,1865,1
t,1804,1
shall,1810,1
t,1812,1
t,1864,1
t,1867,1
solution,1871,1
s,1847,1
sp,1994,1
s,1825,1
t,1800,1
s,1816,1
t,2011,2
t,1802,1
t,1816,1
shall,1829,1
sp,1999,27
start,1989,1
s,1840,1
section,1769,1
solution,1809,2
t,1800,1
see,1909,1
sinalita,1923,1
sp,1992,1
t,1819,1
sp,1990,3
s,1834,1
s,2006,5
sizes,1814,1
sizes,1879,1
s,1892,1
state,1984,3
t,1563,2
s,1839,1
test,1818,1
table,1988,1
shall,1614,1
t,1986,2
s,1868,1
tclass,1859,1
show,1859,2
t,1986,2
t,1811,2
shall,1747,1
t,1737,1
t,1834,1
set,1900,2
s,2004,1
t,1802,1
t,1658,1
s,1834,1
s,1764,1
t,1871,1
start,1838,1
sp,1990,4
set,1808,1
see,1806,1
t,1900,1
second,1773,1
set,1989,3
s,1798,1
s,1790,1
test,1864,1
s,1955,3
s,1695,1
set,1995,5
t,1986,5
s,1775,1
t,1802,1
table,1987,1
solution,1830,1
set,1675,1
solution,1905,2
tel,1867,1
set,1804,1
s,1833,1
s,1837,1
sp,1990,8
t,1621,1
t,1832,1
sp,1994,1
sp,1999,10
set,1847,1
set,1900,3
s,1893,1
table,1789,1
s,1857,2
t,1816,1
set,1987,2
sp,1993,1
show,1998,1
second,1981,1
s,1714,1
shall,1805,1
see,1685,1
tariff,1477,1
t,1834,1
t,1856,1
t,1860,1
state,1834,1
table,1815,1
sample,1972,1
sp,1993,7
s,1866,1
s,1881,1
t,1821,1
table,1992,7
sql,1829,1
s,1970,2
spie,1545,1
sp,1999,7
second,1861,1
shall,1754,1
t,1817,1
t,1798,1
t,1805,1
section,1886,1
shall,1733,1
specification,1927,1
sampled,1480,368
s,1820,1
s,1826,1
t,1830,1
tclass,2019,94
second,1816,1
t,1820,1
s,1817,1
t,1808,2
show,1865,1
t,1636,2
s,1860,1
t,1652,1
set,1985,1
s,1828,1
sp,1999,2
show,2019,108
section,1656,1
s,1761,1
rhabdosomes,1895,846
rosuvastabn,2004,14
sp,1999,7
show,1799,1
rmsa,1804,1
resources,1913,1
start,1472,1
tackne,1841,871
s,1897,1
section,1851,1
set,1817,1
start,1987,4
set,1988,23
sp,1808,1
resources,2008,1
s,1805,1
state,1825,1
s,1672,1
second,1806,1
s,1806,1
s,1987,1
sheykh,1780,6
s,1852,2
s,1788,1
t,1810,1
second,1981,1
t,1818,1
section,1855,1
s,1809,1
t,1822,1
t,1831,1
s,1815,1
sp,1990,8
t,1842,1
s,1834,1
second,1884,1
start,1882,1
table,1988,1
t,1868,1
sampled,1888,2
sp,1999,3
test,1660,1
sp,1990,1
start,1988,7
t,1872,1
t,1800,1
sizes,1856,1
sp,1994,3
t,1794,1
see,1737,1
s,1808,1
second,1862,1
s,1659,1
t,1854,1
section,1834,1
resources,1843,1
sp,1993,8
section,1789,1
s,1857,1
state,1988,2
teamstepps,2010,4
s,1804,1
sp,1993,5
s,1808,1
t,1803,2
t,1659,1
s,1804,1
s,1807,1
t,1792,1
section,1976,1
set,1989,1
t,1829,1
t,1986,1
t,1813,1
t,1822,1
s,1883,1
state,1754,1
set,1880,1
residue,1475,171
s,1860,1
t,1831,1
resources,2007,1
t,1866,1
tariff,1884,1
start,1989,14
t,1691,1
section,1850,5
sp,1999,14
subdepartment,1830,16
table,1975,3
solution,2008,1
t,1830,1
s,1900,1
s,1819,1
t,1839,1
start,1986,3
sp,1993,1
spdrs,1798,1
sp,1990,7
s,1805,1
s,1788,1
t,1813,1
renter,1962,2
see,1829,1
second,1824,1
test,1808,1
s,1710,1
solution,1815,1
t,1818,1
shall,1836,1
tariff,1851,1
s,1679,1
t,1952,3
s,1821,1
specification,1813,1
t,1816,1
sp,1994,3
s,1796,1
section,1838,1
tclass,2019,90
s,1829,1
s,1808,1
s,1472,8
t,1820,1
t,1824,1
show,1989,2
s,1651,1
sp,1999,6
t,1808,1
sp,1999,14
set,1991,2
s,1837,1
t,1805,1
table,1992,7
t,1807,1
t,1830,1
t,1828,1
see,1830,1
s,1989,3
state,1798,1
subrequirement,1915,1
section,1904,1
show,1812,1
sql,2003,19
t,1833,1
s,1788,1
shall,1812,1
t,1986,1
scavagers,1851,655
section,1862,1
s,1800,1
s,1874,1
state,1815,1
t,1832,2
sp,1999,19
s,1995,5
s,1802,1
tablespns,1911,1597
set,1985,6
show,2005,2
t,1601,1
solution,1854,1
t,1790,1
t,1841,1
show,2010,20
s,1970,2
state,1472,1
set,1850,1
s,1797,1
section,1986,1
show,1872,1
shall,1581,1
state,1986,1
sample,1955,1
second,1790,2
t,1986,4
s,1818,1
sample,1982,1
s,1834,1
rollcall,1820,1
see,2010,1
sp,1999,6
tel,1681,1
sp,1998,1
t,1820,1
s,1823,1
set,2009,1
s,1866,1
sp,1993,1
sp,2000,5
resources,1848,1
set,1900,2
s,1906,1
t,1659,1
s,1939,1
remarketing,1929,1
start,1988,2
shall,1827,1
s,1851,1
see,1809,1
sp,1999,12
s,1821,1
section,1796,1
s,1771,1
s,1821,1
t,1763,1
shall,1823,1
start,1930,1
t,1848,1
start,1989,2
t,1805,1
table,1989,3
resources,1797,2
t,1818,1
s,1793,1
s,1821,1
table,1968,1
t,1874,1
s,1853,2
soorocks,1830,2
semiarc,1794,515
section,1870,1
t,1882,1
s,1826,1
s,1811,1
t,1807,1
set,2002,2
t,1836,1
see,1853,1
savdue,1900,4271
table,1478,3
sp,2000,1
section,1862,1
s,1835,1
s,1529,11
start,1976,1
state,1811,1
t,1837,1
table,1787,1
s,1812,1
s,1988,1
s,1719,1
section,1814,1
sp,1990,7
t,1747,1
shall,1823,1
t,1817,1
sp,1990,1
s,1853,2
t,1901,1
state,1829,1
s,1916,1
s,1879,1
see,1784,1
show,2001,1
s,1837,1
sp,1999,34
sql,2002,37
sp,2000,3
show,1997,2
s,1771,1
sql,2002,1
sp,2000,11
second,1891,1
t,1986,3
t,1812,1
section,1843,1
section,1809,1
start,1989,1
s,1846,1
sql,1772,1
t,1816,1
s,1812,1
s,1834,2
sizes,1832,1
s,1843,1
s,1825,1
sp,1999,21
that,1715,1
t,1804,1
schnoerr,1965,1
set,1864,1
s,1845,1
s,1896,1
section,1855,2
sununu,1906,1
see,1752,1
see,1817,1
s,1651,1
see,1808,1
set,1992,1
s,1841,1
s,1776,1
t,1893,1
sp,1999,28
see,1805,1
see,1852,1
section,1868,1
s,1845,1
s,1825,1
t,1802,1
start,1475,1
set,1987,1
s,1835,1
t,1821,1
t,1839,1
sample,1809,1
second,1630,1
state,1900,2
s,1638,1
set,1989,6
specification,1803,1
sp,1998,1
t,1800,1
sp,1992,1
table,1900,1
section,1812,1
set,1986,1
s,1806,1
t,1811,1
s,1855,1
shenzhen,1905,28
t,1807,1
s,1829,1
syncall,1985,2
t,1849,1
t,1653,1
shall,1500,1
set,1962,1
sp,1990,3
see,1826,1
sp,1830,1
shall,1716,1
s,1720,1
t,1838,1
s,1832,1
sp,1999,12
t,1823,1
t,1834,1
s,1714,1
sizes,1843,1
t,1788,1
s,1858,1
t,1798,1
t,1955,1
s,1821,1
t,1825,1
spanishtranslation,2018,3925
to,1727,1
s,1816,1
s,1821,1
see,1875,1
s,1810,1
t,1812,1
second,1802,1
s,1693,2
shall,1797,1
sp,1990,8
slochower,1942,2
table,1900,1
resources,1869,1
start,1997,4
s,1809,1
table,1807,1
start,1989,1
s,1470,6
sp,1999,5
s,1856,1
t,1805,1
see,1909,5
spuis,1723,1
start,1900,5
t,1893,1
section,1811,1
s,1971,1
s,1854,1
t,1810,1
state,1999,11
set,1825,1
s,1648,1
resources,1850,1
show,1824,1
section,1838,1
start,1811,1
show,1908,1
set,1988,4
sp,1990,4
t,1810,1
s,1858,1
subface,1794,1
s,1856,1
set,1988,50
set,1900,5
s,1695,1
t,1866,1
t,1874,1
s,1982,1
show,1908,1
s,1704,1
show,1835,2
t,1832,1
s,1711,1
t,1776,1
sp,1999,16
s,1821,1
t,1810,1
s,1687,1
sp,1811,1
sp,2005,5
start,1989,14
sp,1993,1
t,1621,1
t,1675,1
s,1812,1
sp,1998,2
s,1876,1
set,1818,1
s,1815,1
sp,1999,17
resources,1807,1
set,1861,1
second,1760,1
set,1873,1
syncall,1985,2
show,1833,1
sarmatov,1969,2
second,1788,1
that,1624,1
s,1832,1
state,1990,1
table,1900,1
sp,1994,2
start,1865,1
sp,1999,10
s,1794,1
splodil,2017,679
set,1991,22
table,1866,2
t,1812,1
t,1814,1
s,1780,1
schumer,1941,2
solution,1875,1
subdepartment,1874,2
sssr,1832,1
s,1855,1
start,1975,1
table,1901,1
s,1861,1
see,1830,1
t,1860,2
snowe,1841,2
t,1763,1
section,1904,1
set,1987,1
t,1908,1
sp,2001,20
sizes,1853,1
the,1549,2
s,1798,1
s,1704,1
set,1987,1
shall,1661,1
set,2012,4
t,1798,1
specification,1499,4
s,1687,1
show,1825,1
see,1809,1
stibaethyle,1850,642
test,1762,1
schrimpf,1923,1
s,1860,1
sp,1998,1
set,1983,1
sumbat,1930,1
s,1820,1
state,1986,2
sp,1808,1
sp,1884,2
sinalita,2015,88
s,1861,1
s,1651,1
rmsa,1760,1
test,1762,1
shall,1733,1
t,1834,1
sp,1999,1
s,1707,1
sp,1996,13
set,1980,2
see,1909,4
sp,2000,6
s,1971,1
sp,1999,11
s,1823,1
s,1826,1
state,1935,1
t,1817,1
set,1991,1
t,1823,1
s,1818,1
set,1991,1
section,1810,6
start,1867,1
state,1969,1
t,1825,1
t,1815,1
t,1823,1
s,1819,1
t,1782,1
s,1796,1
sample,1701,1
subface,1832,2
section,1902,1
set,1823,1
t,1833,1
sample,1966,1
shall,1652,1
start,1990,5
scavagers,1851,665
s,1877,1
t,1833,1
residue,1937,1
t,1986,2
shall,1588,1
start,1985,4
sql,1990,2
shall,1828,1
show,1852,1
resources,1919,2
s,1661,1
set,2012,2
sql,1996,14
sp,1998,2
s,1853,1
spie,1725,1
second,1740,1
t,1815,1
second,1803,1
s,1804,1
section,1853,1
spuis,1723,1
technoecosystem,1976,739
solution,1809,2
s,1816,1
solution,1972,1
s,1811,1
second,1846,1
t,1894,1
t,1888,1
shall,1632,1
subprogramme,1861,2
s,1831,1
s,1881,1
state,1815,1
start,1985,5
s,1825,2
show,1581,1
shall,1799,1
t,1825,2
stiftulas,1810,179
t,1858,1
s,1672,1
t,1986,6
t,1632,1
set,1883,1
shall,1542,1
t,1810,1
t,1855,1
shall,1841,1
second,1884,1
s,1660,1
s,1835,1
set,2006,6
t,1676,1
t,1807,1
start,1995,2
state,2005,1
s,1960,3
start,1811,1
sp,1501,4
section,1807,1
sp,1915,1
state,1999,1
s,1816,1
t,1825,1
show,1997,1
sp,1999,3
s,1836,1
s,1806,1
s,1830,1
s,1881,1
test,1913,2
t,1835,1
t,1888,1
s,1805,1
s,1808,1
set,1999,3
subrequirement,1954,1387
t,1838,1
tclass,2019,517
t,1840,1
snowe,1549,2
specification,1840,1
t,1881,1
sp,1990,6
set,1991,1
s,1815,1
s,1714,1
s,1850,1
s,1788,1
sp,1995,1
s,1849,1
sample,1905,1
t,1986,1
set,1987,2
subrequirement,1896,1
t,1747,1
t,1809,1
sp,1999,24
t,1987,21
sp,1998,2
state,1803,1
set,1675,1
t,1869,2
s,1804,1
s,1805,1
set,1850,1
s,1827,1
splodil,2017,437
sampled,1480,365
s,1883,1
residue,1832,1
resources,1850,1
s,1773,1
s,1725,1
sp,1993,1
t,1802,1
show,1472,5
t,1718,1
set,1982,1
s,1996,20
state,1984,4
t,1836,1
residue,1499,9
sp,1993,5
strandflat,1922,38
summertrees,1842,1
t,1707,1
set,1834,1
s,1814,1
t,1791,1
renter,1963,1
sql,1697,1
s,1839,1
sssr,1853,1
set,1814,2
state,1822,1
set,1989,7
sql,1987,1
s,1809,1
shall,1801,1
t,1475,1
t,1804,1
t,1794,1
see,1909,4
sample,1895,1
s,1807,1
set,1893,1
s,1995,5
rostov,1821,1
s,1804,1
t,1763,1
t,1823,1
t,1477,1
s,1703,1
show,1824,1
t,1811,1
state,1876,1
show,1826,1
sp,1990,6
t,1852,1
s,1874,1
sp,1477,1
t,1816,1
see,1829,1
t,1822,1
t,1809,1
start,1885,1
second,1796,1
s,1676,1
s,1820,1
second,1686,1
tariff,1859,1
t,1812,1
stabenow,1919,4
s,1984,1
s,1817,1
sp,1861,1
s,1832,1
t,1986,1
second,1833,1
t,1949,1
t,1931,1
sample,1996,4
t,1813,1
solution,1871,1
state,1472,20
sp,1998,1
section,1900,1
state,1796,1
s,1675,1
rollcall,1789,55
t,1822,1
resources,1790,4
show,1809,1
rubiacin,1848,84
tel,1712,1
start,1985,3
t,1801,1
t,1870,1
t,1813,1
see,1685,1
t,1832,1
t,1783,1
sample,1987,1
set,1985,4
section,1809,1
t,1812,1
section,1809,1
tclass,1787,1
t,1825,1
sp,1990,1
resources,1908,1
specification,1840,1
s,1676,1
s,1645,1
second,1808,1
set,1916,1
t,1853,1
set,1834,1
solution,1921,1
table,1994,5
second,1808,1
s,1858,1
s,1854,1
sp,1990,2
specification,1809,1
t,1859,1
s,1836,1
spie,1963,1
set,1989,1
section,1801,1
t,1749,1
s,1900,1
s,1683,1
t,1816,3
state,2000,1
sql,2006,3
s,1855,2
sp,1999,26
t,1885,1
t,1821,1
t,1800,1
stiftulas,1810,179
t,1821,1
show,1988,4
t,1803,1
t,1699,1
table,2012,1
second,1816,1
t,1987,7
s,1601,3
second,1774,2
t,1803,1
s,1813,1
tariff,1477,1
second,1826,1
shall,1832,1
t,1815,1
soorocks,1830,2
start,1900,13
s,1635,1
s,1825,1
start,1986,6
t,1814,1
see,1852,1
section,1809,1
start,2000,1
sp,1996,6
t,1986,1
s,1809,1
t,1814,1
specification,1920,1
section,1811,2
s,1812,1
s,2006,1
t,1776,1
state,1819,2
sp,2000,4
s,1806,1
sample,1966,1
show,2005,6
t,1741,1
show,1995,2
sql,2002,37
state,1790,2
t,1986,1
t,1905,1
solution,1868,1
t,1856,1
s,1955,2
s,1880,1
t,1816,1
t,1857,1
t,1788,1
set,1989,1
t,1843,1
t,1816,1
table,1995,2
table,1886,1
sununu,1906,1
s,1962,1
see,1822,1
s,1812,1
start,1892,1
spanishtranslation,2018,4749
t,1809,1
t,1839,1
table,1960,1
s,1831,1
t,1820,1
start,1900,8
sp,1998,1
state,1829,1
sp,1810,1
s,1808,1
t,1716,1
t,1822,1
section,1904,1
s,1831,1
s,1803,1
s,1815,1
start,1797,2
t,1839,1
snowe,1774,1
s,1793,2
s,1798,1
set,1980,1
state,1990,2
sp,1990,9
resources,1913,1
t,1866,1
shall,1733,1
table,1908,1
s,1852,2
start,1987,4
start,1867,1
sp,2000,1
state,1981,2
table,1900,42
set,1980,1
t,1823,1
that,1747,1
set,1701,1
s,1851,1
sp,1990,1
show,2003,3
start,1984,2
sssr,1888,1
t,1856,1
s,1824,1
show,2003,2
s,1800,1
s,1835,1
section,1796,1
t,1863,1
s,1823,1
t,1805,1
shall,1651,1
t,1830,2
t,1805,1
s,1687,1
sp,1857,1
start,1985,5
set,1915,1
t,1808,1
second,1850,1
t,1818,1
sp,1999,33
to,1614,1
t,1647,1
s,1916,1
s,1850,1
t,1834,1
sql,1906,1
s,1675,1
specification,1927,1
table,1995,1
s,1704,1
sample,1971,2
sp,2000,2
sinsheimer,1897,2
s,1826,1
set,1853,1
sample,1906,1
rmsa,1760,1
s,1861,1
s,1781,1
sp,1993,1
s,1865,1
s,1866,1
t,1793,1
t,1880,1
sample,1859,1
t,1856,1
t,1866,1
s,1832,1
shall,1822,1
talianska,2018,4072
s,1860,1
set,1985,2
s,1868,1
s,1802,1
t,1986,5
start,2001,1
see,1822,1
s,1840,1
t,1848,1
t,1826,1
s,1854,1
sp,2001,6
second,1862,1
shall,1823,1
s,1882,1
section,1868,1
sql,1802,1
sp,2000,1
t,1835,1
set,1880,1
second,1801,1
t,1716,1
s,1695,1
shall,1721,6
s,1879,1
shall,1747,1
set,1911,1
t,1848,1
resources,1968,1
s,1855,1
s,1803,1
sp,1990,1
s,1818,1
start,1988,7
s,1912,1
t,1856,1
s,1807,1
section,1785,1
t,1702,1
s,1819,1
state,1837,1
s,1822,1
solution,1811,1
specification,1803,1
see,1809,1
show,2019,52
set,2013,6
sp,2000,5
to,1807,1
that,1702,1
wm,1750,1
the,1811,1
the,1830,1
the,1920,1
water,1632,2
the,1832,2
to,1705,1
the,1783,1
the,1814,1
to,1835,1
tournay,1807,1
the,1921,1
to,1827,1
the,1851,1
to,1812,1
the,1817,1
the,1829,1
the,2009,12
the,1882,1
the,1808,1
the,1831,1
yardmaster,1892,2
the,1824,1
the,1842,1
the,1811,1
to,1813,1
the,1840,1
the,1834,1
the,1793,1
to,1693,1
test,1984,1
the,1742,1
was,1800,1
the,1832,2
to,1799,1
the,1855,2
that,1789,1
water,1873,1
to,1833,1
the,1892,1
to,1832,1
to,1808,1
to,1862,1
the,1852,1
the,1808,1
to,1807,1
that,1696,1
the,1825,1
the,1779,1
the,1874,1
the,1809,1
the,1809,1
the,1803,2
the,1742,1
test,2002,4
was,1806,2
the,1820,1
the,1614,1
the,1858,1
the,1812,1
the,1822,1
to,1858,1
the,1850,1
the,1726,1
to,1725,1
to,1824,1
the,1826,2
the,1904,1
that,1857,1
the,1804,1
that,1853,1
the,1895,1
user,1981,2
the,1756,1
the,1807,1
to,1773,1
the,1855,2
was,1850,1
the,1839,1
user,1990,4
the,1787,1
the,1625,1
the,1844,1
the,1855,1
the,1771,1
to,1843,1
the,1829,1
the,1840,1
the,1838,1
the,1821,1
the,1838,1
the,1811,1
the,1748,1
was,1810,1
to,1791,1
the,1865,1
the,1826,1
the,1792,1
wstawszy,2017,777
the,1836,1
the,1764,1
the,1806,1
the,1807,1
the,1824,1
test,1993,8
to,1818,1
the,1809,1
to,1830,1
the,1812,1
that,1832,1
to,1805,1
year,1872,1
to,1860,1
was,1813,1
was,1824,1
the,1931,1
to,1832,1
test,1987,1
the,1845,1
the,1851,1
the,1841,1
to,1821,1
the,1829,1
that,1839,1
the,1895,1
the,1834,1
the,1816,1
the,1800,1
the,1688,1
to,1806,1
that,1769,1
the,1858,1
the,1851,1
to,1848,1
the,1836,1
the,1821,2
to,1853,1
was,1821,1
the,1755,1
was,1813,1
to,1832,1
to,1851,1
truvada,2005,2
that,1769,1
the,1832,1
the,1832,1
user,1766,1
wp,2006,1
the,1777,1
the,1833,2
the,1852,1
the,1852,2
the,1808,1
to,1814,1
year,1745,1
user,1999,2
to,1840,1
year,1884,2
to,1860,1
the,1826,1
to,2006,1
the,1816,1
the,1807,1
water,1908,2
the,1880,1
the,1820,1
the,1791,1
year,1880,1
that,1833,1
user,1983,8
the,1823,1
that,1805,1
the,1831,1
to,1794,1
the,1820,1
to,1801,1
to,1809,1
the,1811,1
user,1999,2
to,1840,1
territory,1791,1
to,1800,1
the,1808,1
that,1805,1
the,1826,1
the,1755,1
the,1807,1
was,1795,1
the,1716,1
the,1819,1
the,1808,1
the,1819,1
the,1809,1
the,1810,1
the,1838,1
the,1800,1
to,1826,1
the,1817,1
the,1868,1
the,1836,1
the,1809,1
the,1820,1
the,1819,1
the,1811,1
wp,2006,9
the,1815,1
the,1805,1
the,1826,4
the,1782,1
the,1860,1
the,1826,1
the,1799,1
test,1979,1
the,1847,1
the,1805,1
the,1949,1
that,1818,1
the,1808,2
to,1858,1
the,1837,1
the,1847,1
the,1817,1
the,1594,1
the,1823,1
tricare,1926,1
test,2006,7
the,1803,1
to,1829,1
the,1823,1
the,1830,1
the,1822,1
the,1835,1
test,1880,12
the,1860,1
the,1852,1
the,1817,1
to,1711,1
the,1822,1
the,1811,1
the,1793,1
the,1868,1
the,1821,1
to,1823,1
to,1999,4
to,1824,1
to,1852,1
the,1817,1
the,1803,1
the,1830,1
was,1847,1
the,1835,1
the,1834,1
to,1771,1
to,1855,1
the,1890,1
the,1850,1
the,1828,1
the,1775,1
the,1807,1
to,1845,1
the,1807,1
the,1827,1
the,1830,1
the,1742,1
that,1858,1
the,1812,1
the,1888,1
the,1849,1
the,1803,1
to,1805,1
the,1834,1
tel,1764,1
the,1838,1
the,1793,1
to,1802,1
the,1802,1
the,1866,2
yardmasters,1501,6
to,1822,1
to,1702,1
the,1834,1
themperours,1724,1
the,1809,1
the,1847,1
user,1985,1
the,1807,1
the,1819,1
the,1869,1
the,1720,1
to,2017,66
was,1832,1
the,1936,1
the,1819,1
to,1713,1
the,1828,1
to,1810,1
was,1869,2
user,2001,37
the,1813,1
the,1811,1
the,1850,1
the,1834,1
the,1803,1
the,1867,1
water,1850,2
tel,1527,2
udorthents,1960,1
the,1837,1
uscg,1854,1
the,1811,1
was,1827,1
the,1808,1
the,1836,1
was,1806,1
the,1812,1
was,1806,2
year,1890,1
that,1821,1
the,1812,1
the,1859,1
was,1831,1
the,1785,1
was,1816,1
to,1478,1
the,1812,1
the,1822,1
the,1801,1
the,1821,1
that,1781,1
was,1581,1
to,1843,1
the,1799,2
the,1854,1
to,2002,4
the,1820,1
the,1764,1
was,1851,1
was,1825,1
the,1867,1
the,1777,1
to,1795,1
weight,1830,2
the,1832,1
was,1832,1
to,1832,1
the,1802,1
tricare,1751,1
the,1809,1
the,1831,1
the,1840,1
the,1800,1
the,1811,1
that,1706,1
test,2006,6
the,1805,1
to,1842,1
that,1472,3
the,1882,1
unverbal,1854,39
the,1800,1
to,1805,1
that,1814,1
to,1763,1
the,1812,1
that,1823,1
the,1817,1
the,1811,1
the,1839,1
to,1850,1
the,1848,1
that,1710,1
the,1894,2
the,1832,1
the,1812,1
the,1839,1
the,1866,1
the,1914,1
tel,1505,1
that,1809,2
the,1825,1
that,1805,1
the,1845,1
the,1831,1
the,1855,1
to,1811,1
user,1986,2
the,1824,1
the,1899,1
the,1795,1
to,1837,1
the,1796,1
user,2005,3
the,1820,1
the,1838,1
the,1811,1
was,1817,1
the,1689,1
the,1854,1
the,1824,1
that,1811,1
the,1806,1
the,1803,1
wm,1500,1
tel,1645,1
to,1845,1
year,1878,1
the,1827,1
wyden,1789,4
the,1832,1
the,1824,1
was,1816,1
to,1816,1
to,1815,1
the,1821,1
the,1806,1
the,1818,1
the,2000,3
the,1843,1
the,1801,1
the,1796,1
the,1831,1
the,1801,1
the,1838,1
the,1711,1
year,1895,1
the,1810,1
to,1793,1
the,1810,1
the,1846,2
the,1805,1
the,1851,1
the,1878,1
the,1791,1
the,1813,1
to,1801,1
to,1804,1
the,1810,1
the,1823,1
the,1816,1
wm,1501,1
the,1808,1
the,1852,2
to,1877,1
the,1852,2
the,1734,1
was,1827,1
the,1832,1
thune,1763,1
the,1821,1
that,1733,1
to,1776,1
the,1832,1
the,1841,1
to,1845,1
the,1832,1
to,1726,1
the,1819,1
the,1864,1
to,1824,1
the,1841,2
the,1735,1
to,1807,1
the,1813,1
user,1995,2
the,1814,1
the,1865,1
the,1847,1
the,1781,1
to,1861,1
the,1835,1
was,1853,1
the,1838,1
that,1830,1
the,2010,8
user,1991,1
the,1807,2
to,1835,1
the,1812,1
territory,1832,1
territory,1833,1
was,1837,1
the,1818,1
the,1824,1
the,1793,1
the,1758,1
to,1803,1
to,1814,1
tetrachloroeosin,1914,799
to,1892,1
to,1822,1
to,1807,1
the,1834,2
the,1881,1
the,1815,1
the,1822,1
the,1853,1
the,1846,1
the,2005,10
the,1812,1
the,1742,1
that,1820,1
the,1834,1
the,1755,1
the,1827,1
the,1854,1
to,1802,1
to,1815,1
the,1783,1
the,1803,1
the,1652,1
varayoq,1961,612
the,1807,1
that,1812,1
the,1818,1
the,1470,46
the,1827,1
the,1811,1
the,1814,1
test,2008,16
wp,2007,10
themperours,1830,1309
to,1833,1
the,1799,1
water,1876,1
the,1799,1
the,1834,2
the,1867,1
test,1977,1
to,1801,1
to,1850,1
to,1843,1
to,1820,1
the,1832,1
the,1828,1
the,1845,1
the,1810,1
to,1840,1
to,1832,1
the,1793,1
was,1781,1
the,1876,1
the,1820,1
the,1781,1
to,1811,1
to,1827,1
to,1810,1
the,1829,1
that,1843,1
the,1827,1
water,1858,1
the,1833,1
wp,1481,1
to,1809,1
to,1909,3
the,1834,1
the,1805,1
the,1835,1
the,1858,1
that,1800,1
the,1813,1
to,1834,1
the,1800,1
the,1841,1
the,1844,1
was,1804,1
the,1812,1
the,1811,1
territory,1892,1
to,1803,1
the,1848,1
the,1762,1
the,1837,1
the,1795,1
to,1880,1
the,1726,1
the,1827,1
the,1832,1
to,1814,1
to,1832,1
the,1817,1
zayran,1989,677
that,1814,1
the,1814,1
that,1839,1
the,1806,1
the,1849,1
to,1824,1
to,1803,1
to,1807,1
the,1809,1
that,1765,1
to,1771,1
the,1816,1
the,1861,1
the,1825,1
the,1863,1
the,1852,2
the,1825,1
to,1791,1
the,1762,1
the,1850,1
to,1800,1
to,1855,1
to,1812,1
the,1841,1
the,1853,1
that,1835,1
the,1825,1
was,1827,1
that,1827,1
the,1821,1
to,1830,1
wm,1654,2
in,1632,1
the,1802,1
the,1832,2
the,1833,1
the,1775,2
was,1832,1
the,1831,1
to,1811,1
was,1850,1
the,2009,9
the,1798,1
to,1995,3
the,1855,1
the,1808,1
test,1992,2
the,1850,1
the,1843,1
the,1812,1
the,1825,1
the,1799,1
to,1813,1
the,1801,1
to,1810,1
wp,2009,49
test,1985,1
to,1906,1
the,1867,1
the,1826,1
the,1857,2
to,1784,1
the,1688,1
the,1821,1
the,1852,1
uranic,1773,602
to,1804,1
the,1782,1
in,1632,1
the,1808,1
the,1812,1
water,1795,1
the,1823,1
i,1608,1
the,1812,1
the,1851,1
the,1853,1
the,1847,1
the,1838,1
the,1811,1
was,1829,1
that,1710,1
was,1817,1
the,1835,1
the,1818,1
to,1801,2
the,1828,1
the,1833,1
to,1826,1
was,1810,1
test,1982,1
the,1807,1
the,1850,1
the,1708,1
the,1812,1
that,1874,1
was,1818,1
the,1831,2
the,1808,1
the,1804,1
vyvolil,2017,87
to,1817,1
the,1825,1
user,1921,1
to,1797,1
the,1828,1
the,1824,1
the,1844,1
the,1803,1
that,1822,1
the,1854,1
the,1831,1
to,1726,1
the,1764,1
the,1678,1
the,1815,1
the,1801,1
was,1805,1
the,1894,1
the,1848,1
the,1725,1
the,1808,1
the,1735,1
the,1867,1
the,1815,1
the,1834,1
to,1770,1
the,1750,1
the,1811,1
uscg,1851,1
to,1803,1
the,1806,1
to,1823,1
to,1814,1
the,1772,1
is,1632,1
the,1858,1
to,1815,1
water,1818,1
the,1828,1
was,1829,1
the,1807,1
that,1818,1
the,1809,1
the,1718,1
to,1814,1
the,1810,1
the,1808,1
the,1819,2
the,1809,1
the,1808,1
the,1823,1
wm,1805,1
the,1816,1
the,1822,1
tel,1651,1
to,1797,1
the,1853,1
to,1880,1
the,1819,1
to,1890,1
the,1884,1
the,1827,1
the,1857,1
to,1846,1
the,1821,1
to,1882,1
the,1812,1
the,1868,1
the,1851,1
the,1863,1
the,1822,1
tydenis,1858,328
the,1780,1
the,1771,1
that,1803,1
the,1813,1
to,1824,1
the,1812,1
the,1851,1
the,1822,1
to,1834,1
the,1706,1
the,1786,1
to,1839,1
the,1846,1
to,1807,1
to,1817,1
the,1818,1
to,1825,1
the,1856,1
the,1841,1
was,1823,1
to,1849,1
the,1822,1
the,1820,1
to,1700,1
the,1866,1
the,1805,1
the,1812,1
the,1840,1
that,1667,1
the,1854,1
the,1801,1
test,1843,1
to,1806,1
the,1832,2
year,1907,1
the,1812,1
that,1766,1
the,1810,1
was,1831,1
to,1846,1
the,1816,1
the,1834,1
was,1820,1
the,1806,1
to,1831,1
was,1836,1
to,1767,1
to,1800,1
the,1821,1
the,1805,1
the,1816,1
the,1788,1
the,1819,1
was,1827,1
the,1812,1
to,1811,1
the,1823,1
the,1791,1
that,1984,4
to,1813,1
the,1820,1
the,1748,1
water,1665,1
the,1804,1
the,1793,1
the,1829,1
year,1857,1
the,1804,1
the,1821,1
the,1844,1
the,1824,1
the,1818,1
to,1819,1
to,1825,1
the,1856,1
the,1735,1
to,1824,1
the,1821,1
that,1672,1
the,1708,1
the,1816,1
the,1858,1
the,1756,1
to,1798,1
the,1812,1
the,1810,1
to,1835,1
the,1836,1
the,2009,23
was,1826,1
the,1823,1
the,1850,1
the,1806,1
the,1806,1
was,1762,1
test,1907,1
the,1832,1
to,1824,1
user,1995,4
the,1812,1
to,1815,2
the,1815,1
that,1806,1
the,1804,1
to,1834,1
to,1860,1
to,1832,1
the,1832,1
the,1831,1
was,1832,1
the,1835,1
to,1803,1
to,1813,1
the,1808,1
to,1782,1
the,1850,2
the,1876,1
the,1811,1
the,1832,1
the,1829,1
the,1601,1
the,1781,1
unitemized,1884,6
to,1809,1
the,1742,1
the,1743,1
the,1880,2
to,1705,1
that,1747,1
to,1810,1
the,1802,1
the,1870,2
the,1809,1
territory,1472,1
to,1816,1
the,1777,1
to,1819,1
to,1765,1
the,1813,2
the,1812,1
was,1814,1
was,1811,1
the,1856,1
the,1813,1
the,1851,1
the,1804,1
the,1863,1
the,1800,1
the,1812,1
the,1807,1
that,1804,1
user,1736,1
the,1802,1
underreamers,1832,680
the,1850,1
was,1793,1
the,1832,1
the,1831,1
the,1880,1
was,1854,2
the,1803,1
to,1832,1
the,1856,1
the,1823,1
the,1831,1
year,1817,1
the,1812,1
to,1808,1
was,1780,1
the,1690,1
the,1840,2
the,1676,1
the,1820,1
the,1813,1
the,1720,1
the,1834,1
the,1834,1
to,1847,1
the,1824,1
that,1809,1
the,1840,1
the,1815,1
water,2005,1
to,1825,1
the,1813,1
the,1842,1
teungku,1906,1391
the,1870,1
was,1596,1
the,1814,1
to,1834,1
to,1808,1
the,1829,1
the,1816,1
wellstone,1789,1
the,1817,1
to,1839,1
the,1825,1
that,1817,1
to,1801,1
weight,1472,1
the,1869,1
the,1832,1
the,1800,1
the,1807,1
the,1818,1
was,1820,1
the,1808,1
was,1801,1
the,1803,1
the,1880,1
to,1846,2
that,1805,1
the,1841,1
to,1797,1
the,1800,1
to,1802,1
the,1826,1
user,2005,3
that,1832,1
to,1844,1
the,1862,1
the,1816,1
to,1810,1
the,1747,1
to,1810,1
to,1870,1
the,1697,1
was,1829,1
to,1817,1
the,1801,1
to,1815,1
the,1846,1
the,1854,1
user,1994,1
that,1834,1
the,1775,1
the,1874,1
the,1870,1
was,1793,1
the,1807,1
to,1800,1
the,1816,1
to,1843,1
the,1809,1
to,1824,1
to,1835,1
to,1807,1
to,1822,1
the,1889,1
the,1871,1
to,1858,1
the,1823,1
the,1813,1
the,1848,1
the,1874,1
was,1827,1
the,1871,1
the,1835,1
the,1803,1
the,1805,1
the,1716,1
the,1824,1
to,1814,1
the,1830,1
water,1897,2
that,1851,1
the,1876,1
the,1843,1
the,1804,1
the,1830,1
was,1710,1
the,1816,1
to,1803,2
tympan,1771,4
the,1807,1
to,1863,1
was,1836,2
was,1820,1
to,1803,1
the,1803,1
the,1847,1
year,1884,2
to,1897,1
was,1816,1
the,1818,1
the,1804,1
was,1824,1
that,1821,1
the,1841,1
the,1816,1
to,1701,1
to,1803,1
the,1819,1
yardmaster,1601,3
to,1817,1
the,1876,1
the,1830,1
that,1841,1
was,1858,2
tel,1814,1
the,1832,4
that,1820,1
user,1995,2
the,1879,1
the,1862,1
wm,1585,1
the,1807,1
was,1817,1
to,1817,1
the,1815,1
the,1825,1
to,1853,1
to,1873,1
the,1817,1
the,1800,1
the,1816,1
utterword,1919,455
weight,1858,1
the,1786,1
was,1823,1
the,1801,1
was,1829,1
wp,1812,1
year,1884,1
the,1769,1
tel,1816,1
to,1823,1
the,1799,1
the,1823,2
to,1811,1
the,1816,1
that,1812,1
was,1819,1
to,1845,1
the,1809,1
the,1824,1
the,1838,1
the,1841,1
to,1809,1
the,1734,1
the,1829,1
user,1987,2
the,1815,1
to,1832,1
wp,2010,31
wp,2008,1
that,1771,1
the,1807,1
the,1834,1
to,1692,1
was,1812,1
the,1701,1
wm,1714,1
the,1809,1
the,1831,1
the,1717,1
to,1825,1
the,1839,1
that,1789,1
was,1688,1
to,1809,1
the,1783,1
the,1834,2
weight,1832,1
the,1853,1
year,1885,1
the,1836,1
was,1854,2
the,1818,1
the,1875,1
the,1828,1
the,1866,1
the,1816,1
that,1832,1
that,1797,1
to,1803,1
was,1823,1
the,1814,1
to,1731,1
the,1867,1
was,1581,1
year,1874,1
the,1854,1
the,1829,1
the,1899,1
the,1808,1
that,1860,1
the,1812,1
the,1815,1
to,1907,1
was,1816,1
the,1848,1
was,1816,1
year,1902,1
the,1810,1
the,1827,1
to,1865,1
to,1829,1
the,1810,1
to,1808,1
to,1771,1
to,1831,1
to,1861,1
the,1826,1
the,1846,1
the,1826,1
uleebalang,1906,91
was,1787,1
the,1844,1
that,1803,1
the,1809,1
wp,2007,10
year,1879,1
the,1820,1
the,1832,2
to,1812,1
the,1716,1
the,1834,1
the,1799,1
to,1741,1
the,1808,1
the,1796,1
the,1815,1
to,1806,1
the,1817,1
to,1747,1
to,1811,1
the,1803,1
the,1741,1
to,1825,1
that,1807,1
the,1822,1
the,1890,1
to,1794,1
the,1781,1
to,1831,1
to,1816,1
to,1803,1
test,1972,1
the,1811,1
that,1824,1
to,1805,1
the,1832,1
that,1795,1
the,1868,1
to,1808,1
that,1803,1
the,1812,1
the,1807,1
the,1796,1
the,1801,1
the,1827,1
to,1852,1
to,1827,1
to,1813,1
the,1832,3
the,1812,1
the,1816,1
to,1796,1
the,1812,1
the,1828,2
to,1877,1
water,2006,1
the,1818,1
to,1809,1
the,1812,1
was,1812,1
the,1802,1
the,1817,2
the,1851,1
to,1797,1
the,1816,1
the,1816,1
the,1850,1
vwip,1822,1
the,1818,1
to,1804,1
was,1839,1
the,1864,1
the,1815,1
to,1833,1
the,1708,1
to,1804,1
to,1803,1
the,1848,1
the,1848,1
the,1793,1
the,1793,1
the,1743,1
wongai,1896,1
to,1817,1
the,1828,1
to,1831,1
the,1814,1
wxur,1920,1
to,1866,1
the,1830,1
the,1768,1
wp,2006,1
water,1804,1
the,1791,1
to,1858,1
the,1821,1
the,1850,1
the,1813,1
was,1807,1
the,1884,1
the,1867,1
the,1807,1
to,1832,1
the,1818,1
that,1842,1
the,1820,1
the,1855,1
tel,1675,1
xinhua,1979,6
the,1865,1
the,1801,1
the,1832,1
the,1812,1
the,1812,1
the,1808,1
the,1838,1
the,1800,2
the,1882,1
the,1815,1
the,1803,1
test,1989,9
the,1812,1
the,1850,1
to,1771,1
that,1839,1
test,1995,12
to,1813,1
the,1807,1
was,1609,1
to,1828,1
to,1793,1
the,1800,1
the,1804,1
the,1854,1
thingus,1801,82
the,1823,1
wxur,1849,1
ugruk,1902,1
the,1820,1
to,1800,1
the,1807,1
to,1879,1
the,1828,1
was,1818,1
the,1824,1
was,1781,1
the,1803,1
the,1787,1
the,1835,1
to,1854,1
the,1836,1
the,1831,1
to,1825,1
the,1803,1
to,1873,1
the,1848,1
that,1795,1
to,1854,1
to,1813,1
weol,1844,1
urfc,1725,1
that,1920,1
wp,1690,1
user,1995,13
the,1832,1
the,1817,1
the,1818,1
to,1830,1
the,1847,1
the,1808,1
the,1824,2
year,1859,1
that,1809,1
the,1813,1
that,1801,1
the,1823,1
the,1816,1
the,1812,1
was,1699,1
the,1850,1
the,1851,1
that,1811,1
the,1803,1
the,1719,1
the,1829,1
the,1817,1
the,1861,1
to,1798,1
the,1852,1
the,1867,1
the,1907,1
that,1856,1
the,1869,2
the,1834,1
year,1907,1
the,1831,1
the,1795,1
to,1883,1
the,1859,1
the,1858,1
the,1836,2
to,1808,1
the,1834,1
the,1829,1
was,1826,1
the,1837,1
the,1806,1
to,1767,1
that,1862,1
territory,1837,1
to,1831,1
the,1865,1
to,1727,1
the,1853,1
the,1832,2
the,1856,1
the,1860,1
the,1816,1
the,1851,1
the,1812,1
to,1810,1
to,1722,1
that,1843,1
the,1865,1
to,1800,1
the,1832,2
the,1821,1
the,1820,1
voinovich,1919,2
the,1836,1
was,1717,1
the,1807,1
the,1821,1
the,1889,1
to,1807,1
the,1797,1
test,1992,4
the,1824,1
user,2003,2
uscg,1872,1
the,1836,1
the,1765,1
the,1815,1
test,1701,1
was,1844,1
the,1762,1
to,1816,1
the,1836,1
the,1814,1
to,1808,1
the,1836,1
the,1838,1
the,1820,1
the,1837,1
the,1810,1
to,1805,1
user,1990,1
the,1812,2
the,1713,1
that,1747,1
to,1807,1
tyope,1705,1
the,1847,2
the,1824,1
user,1766,1
the,1815,1
the,1810,1
to,1854,1
the,1865,2
the,1850,2
was,1819,1
the,1764,1
the,1818,1
was,1838,1
to,1805,1
the,1852,1
the,1796,1
the,1805,1
the,1742,1
the,1817,1
to,1736,1
to,1854,1
to,1860,1
the,1818,1
to,1837,1
to,1845,1
the,1804,1
the,1743,1
to,1713,1
to,1832,2
to,1834,2
the,1811,1
the,1882,1
the,1877,1
the,1836,1
the,1700,1
user,1989,1
to,1835,1
the,1705,1
the,1822,1
year,1818,1
the,1780,1
the,1808,1
the,1814,1
the,1688,1
the,1823,1
wjgnet,2013,720
the,1830,1
that,1806,1
the,1822,1
was,1792,1
the,1830,2
the,1834,1
the,1814,1
uleebalang,1906,1188
the,1808,1
the,1974,1
year,1847,1
the,1792,1
to,1984,3
water,1823,1
the,1859,1
the,1776,1
to,1826,1
year,1794,1
the,1806,1
the,1800,1
was,1812,1
the,1822,1
the,1882,1
was,1793,1
test,1979,1
that,1795,1
to,1814,1
water,1905,1
the,1813,1
the,1810,2
the,1761,1
the,1776,1
to,1832,1
to,1810,1
the,1832,2
to,1859,1
was,1833,1
the,1852,1
the,1854,1
test,2003,5
the,1835,1
the,1829,1
to,1820,1
that,1832,1
the,1811,1
test,1801,1
was,1850,1
the,1832,2
the,1825,1
the,1885,1
the,1802,1
the,1814,1
wp,2010,27
test,1993,1
the,1859,1
the,1813,1
was,1876,1
the,1811,1
the,1819,2
year,1848,1
to,1858,1
was,1829,1
the,1807,1
the,1821,2
the,1956,1
was,1848,1
the,1755,1
the,1832,2
the,1708,1
the,1743,1
the,1827,1
that,1714,1
wp,1786,3
that,1814,1
territory,1791,1
the,1802,1
the,1826,1
territory,1836,1
the,1832,1
to,1839,1
the,1811,1
wp,2010,32
the,1823,1
the,1802,1
the,1806,1
the,1824,1
the,1770,1
weight,1792,1
the,1829,1
the,1796,1
the,1817,1
the,1815,1
to,1805,1
the,1816,1
the,1791,1
yardmaster,1501,102
the,1829,1
the,1810,1
the,1811,1
that,1831,1
the,1800,1
the,1736,1
the,1794,1
was,1809,1
to,1833,1
the,1813,1
the,1856,1
the,1816,1
was,1818,1
user,1989,8
the,1831,1
the,1808,1
the,1808,1
the,1764,1
the,1840,1
to,1818,1
the,1852,1
to,1883,1
was,1812,1
the,1863,1
the,1856,1
the,1816,1
was,1847,1
the,1851,1
the,1803,1
to,1801,1
the,1838,1
year,1848,1
the,1817,1
the,1814,1
to,1807,1
the,1857,1
the,1812,1
wp,1902,1
the,1810,1
was,1813,1
to,1832,1
the,1799,1
that,1807,1
to,1830,1
was,1847,1
the,1812,1
the,1834,2
was,1807,1
was,1796,1
the,1886,1
the,1860,1
tournay,1813,1
user,1994,1
the,1814,1
the,1805,1
the,1841,1
the,1819,1
the,1808,2
the,1774,1
the,1869,1
water,1858,1
wm,1776,1
the,1869,1
was,1688,1
the,1832,1
urfc,1725,1
the,1697,1
the,1770,1
to,1830,1
to,1831,1
the,1787,1
the,1839,1
the,1852,1
year,1893,1
was,1820,1
that,1819,1
utterword,1919,346
to,1705,1
the,1757,1
the,1743,1
the,1854,1
the,1852,1
the,1698,1
to,1853,1
to,1718,1
the,1867,2
the,1812,1
the,1861,1
to,1818,1
the,1856,1
the,1813,1
the,1817,1
to,1832,1
to,1765,1
wp,1500,1
user,1900,8
that,1805,1
the,1793,1
transco,1703,1
the,1841,1
the,1801,1
was,1834,2
the,1825,1
to,1834,1
the,1838,1
the,1867,1
the,1811,1
to,1853,1
the,1862,1
the,1799,1
uscg,1821,1
to,1797,1
test,1661,1
the,1799,1
the,1825,1
to,1826,1
the,1834,1
test,1989,1
the,1708,1
was,1816,1
to,1854,1
the,1826,1
to,1823,1
the,1832,1
to,1809,1
the,1813,1
to,1808,1
the,1836,1
the,1852,1
to,1801,1
the,1697,1
year,1894,1
the,1816,1
the,1837,1
user,2003,4
the,1824,1
that,1817,1
tryckt,1728,1
the,1850,3
the,1814,2
that,1828,1
the,1840,1
to,1878,1
the,1734,1
the,1793,1
to,1797,1
the,1824,1
the,1851,1
the,1798,1
the,1875,2
the,1803,1
the,1806,1
user,1996,2
the,1800,1
was,1829,1
the,1818,1
the,1693,1
the,1725,1
the,1817,1
to,1823,1
the,1797,1
was,1804,1
the,1810,1
the,1819,1
the,1836,1
the,1838,1
the,1848,1
the,1832,2
to,1816,1
to,1846,1
the,1803,1
the,1809,1
the,1828,1
was,1812,1
the,1856,1
to,1829,1
the,1839,1
weight,1472,1
the,1747,1
year,1749,1
the,1794,1
year,1847,1
to,1810,1
was,1817,1
the,1854,2
year,1860,1
that,1837,1
weight,1832,1
wongai,1900,3
that,1851,1
the,1820,1
user,1997,1
year,1696,1
year,1712,1
the,1838,2
year,1884,1
year,1888,1
the,1827,1
the,1877,1
that,1838,1
the,1834,1
the,1814,1
water,1810,1
the,1805,1
to,1799,1
the,1859,1
the,1826,1
was,1816,2
the,1854,1
the,1815,1
to,1831,1
to,1836,1
was,1949,1
the,1829,1
the,1821,1
the,1833,1
the,1793,1
the,1816,1
the,1812,1
the,1878,2
to,1804,1
the,1876,1
the,1819,1
user,1900,1
the,1737,1
the,1803,1
the,1773,1
was,1839,1
the,1819,1
the,1856,1
the,1472,1
year,1819,1
the,1860,1
the,1809,1
the,1812,1
the,1765,1
the,1818,1
the,1719,1
the,1819,1
in,1738,1
to,1831,1
the,1783,1
waswaswaswaswas,2002,440
the,1848,1
was,1808,1
wstawszy,2017,226
the,1812,1
the,1814,1
treaty,1757,1
the,1845,1
to,1812,2
the,1873,1
the,1858,1
the,1820,1
the,1873,1
to,1891,1
the,1811,1
was,1863,1
the,1815,1
the,1774,1
the,1818,1
whichpermitsunrestricteduse,2012,1165
the,1800,1
the,1903,1
to,1803,1
tel,1986,1
the,1826,1
the,1795,1
the,1831,1
the,1808,1
the,1847,1
the,1825,1
user,1989,3
the,1832,1
the,1867,1
the,1818,2
the,1805,1
the,1834,1
the,1830,1
the,1886,1
the,1828,1
the,1815,1
the,1832,1
to,1754,1
to,1793,1
was,1527,1
the,1807,1
to,1817,1
the,1802,1
the,1746,1
the,1814,1
the,1793,1
the,1810,1
the,1854,2
was,1827,1
to,1786,1
the,1812,2
the,1815,1
the,1701,1
the,1900,1
the,1852,1
the,1820,1
the,1887,1
that,1750,1
the,1801,1
the,2005,6
the,1832,1
the,1601,1
the,1806,1
to,1809,1
the,1817,1
the,1820,1
was,1812,4
user,1472,18
to,1919,2
user,2003,1
was,1859,1
the,1802,1
that,1749,1
user,1997,2
user,1991,5
wellstone,1991,9
that,1825,1
the,1857,1
to,1823,1
the,1842,1
the,1820,1
to,1825,1
tympan,1809,1
the,1844,1
the,1828,1
to,1874,1
the,1800,1
the,1800,1
the,1807,1
the,1876,1
to,1806,1
the,1761,1
the,1857,1
user,1996,2
to,1771,1
that,1725,1
the,1790,1
to,1879,1
the,1806,1
the,1815,1
to,1818,1
the,1753,1
the,1813,1
the,1813,1
the,1810,1
the,1818,1
the,1806,1
to,1820,1
the,1801,1
the,1816,1
the,1811,1
the,1812,1
was,1806,1
udorthents,1960,1
the,1884,1
to,1729,1
wp,2010,116
was,1816,1
the,1869,1
that,1833,1
to,1816,1
the,1850,1
to,2002,10
to,1728,1
the,1676,1
to,1796,1
the,1826,2
the,1821,1
the,1814,1
the,1854,1
the,1852,1
that,1797,1
the,1851,1
the,1865,1
the,1793,1
to,1802,1
that,1854,1
the,1815,1
the,1822,1
the,1837,1
the,1851,1
the,1831,1
the,1801,1
to,1989,1
to,1807,1
the,1861,1
to,1854,1
the,1807,1
the,1859,1
the,1805,1
was,1841,1
the,1818,1
the,1856,1
to,1814,1
the,1832,2
that,1840,1
the,1766,1
the,1777,1
the,1814,1
that,1851,1
to,1861,1
to,1825,1
the,1808,1
the,1867,1
the,1820,1
varayoq,1961,36
the,1811,1
the,1810,1
was,1812,3
the,1832,1
the,1750,1
to,1806,1
to,1810,1
to,1833,1
the,1857,1
user,1979,1
that,1765,1
water,1665,1
to,1857,1
to,1814,1
the,1771,1
the,1809,1
user,1783,1
the,1814,1
to,1845,1
the,1808,1
the,1804,1
the,1811,1
to,1826,1
the,1807,1
the,1802,1
the,1866,4
the,1826,1
to,1832,1
water,1843,2
the,1849,1
was,1829,1
the,1803,1
the,1808,1
the,1777,1
the,1877,1
was,1808,1
the,1847,1
the,1812,1
user,2000,12
the,1799,1
the,1813,1
the,1818,1
water,1797,1
the,1870,1
yakus,1861,1
the,1825,1
that,1808,1
was,1807,1
underreamers,1832,101
the,1848,1
the,1732,1
the,1831,1
to,1826,1
to,1846,1
water,1805,3
the,1816,1
the,1817,1
transco,1717,1
the,1804,1
that,1803,1
the,1809,2
year,1780,2
the,1805,1
to,1834,1
the,1811,2
was,1822,1
that,1837,1
usamhi,1981,504
the,1756,1
the,1810,1
the,1832,1
the,1831,1
the,1820,1
wp,1908,1
was,1830,1
to,1834,1
the,1806,1
was,1820,1
to,1869,1
the,1804,1
user,2002,1
was,1834,1
the,1771,1
tetrachloroeosin,1914,860
water,1889,1
the,1819,1
the,1768,1
the,1707,1
the,1810,1
the,1814,1
xinhua,1905,3
the,1809,1
year,1472,318
that,1812,1
the,1792,1
the,1801,1
that,1826,1
to,1705,1
to,1774,1
i,1547,1
the,1808,1
the,1835,1
test,1903,1
the,1812,1
the,1807,1
to,1636,1
to,1867,1
to,1807,1
the,1872,1
the,1854,2
was,1845,1
the,1805,1
year,1472,15
the,1808,1
to,1829,1
to,1654,1
the,1809,1
to,1846,1
the,1812,1
year,1878,1
to,1879,1
the,1854,1
the,1783,1
the,1829,1
the,1901,1
was,1776,1
the,2006,3
the,1852,1
that,1702,1
was,1843,1
the,1840,1
the,1826,1
the,1818,1
the,1807,1
the,1850,1
the,1865,1
to,1839,1
treaty,1832,2
the,1850,1
the,1820,1
the,1825,1
to,1824,1
the,1812,1
the,1845,1
videocassettes,1967,1
the,1834,1
the,1842,1
that,1809,1
to,1809,1
the,1852,1
the,1844,1
the,1809,1
user,2006,1
the,1812,1
to,1822,1
the,1809,2
user,1975,1
to,1853,1
the,1832,1
to,1811,1
weight,1886,1
to,1816,1
water,1804,1
the,1809,1
the,1831,1
the,1831,1
to,1867,1
was,1788,1
user,1994,3
the,1826,1
to,1810,1
to,1816,1
the,1829,1
to,1740,1
to,1844,1
the,1822,1
the,1814,1
the,1829,1
the,1816,1
to,1825,1
the,1801,1
the,1823,1
the,1807,1
the,1818,1
was,1837,1
the,1812,1
the,1826,1
the,1823,2
the,1820,1
the,1809,2
the,1951,5
wm,1634,1
that,1800,1
year,1910,3
the,1832,1
the,1814,1
the,1818,1
the,1834,1
to,1813,1
the,1852,1
the,1809,2
to,1808,2
to,1807,1
to,2008,2
to,1813,1
to,1801,1
to,1841,1
the,1875,1
the,1856,1
that,1722,1
that,1817,1
to,1851,1
the,1756,1
the,1788,1
the,1775,1
the,1814,1
the,1836,1
user,1986,7
the,1821,1
the,1825,1
to,1818,1
the,1827,1
the,1848,1
to,1907,3
the,1809,1
the,1804,1
the,1761,1
the,1782,1
to,1807,1
to,1650,1
the,1828,1
the,1817,1
the,1895,1
to,1834,1
the,1890,1
was,1812,1
the,1820,1
wnijdzie,2017,570
the,1906,1
to,1737,1
the,1781,1
that,1811,1
to,1836,1
the,1813,2
to,1818,1
that,1803,1
the,1820,1
the,1837,1
the,1832,2
to,1833,1
the,1863,1
the,1813,1
the,1840,1
to,1631,1
the,1816,1
the,1831,1
that,1863,1
the,1841,1
that,1814,1
the,1783,1
that,1806,1
the,1770,1
the,1815,1
the,1800,1
the,1820,1
the,1813,1
that,1780,1
to,1810,1
the,1826,1
to,1811,1
the,1626,1
the,1813,1
the,1855,1
the,1818,1
the,1809,1
to,1833,1
the,1822,1
the,1858,1
the,1833,1
to,1808,1
to,2001,3
the,1836,2
underreamer,1832,4
the,1854,1
to,1802,1
the,1816,1
the,1812,1
to,1834,1
to,1714,1
was,1823,1
wp,2008,3
was,1832,1
tokuls,1849,505
the,1762,1
user,1989,1
the,1994,1
the,1856,1
the,1857,1
the,1852,1
test,1984,1
weol,1814,2
the,1805,1
the,1804,1
the,1816,1
to,1866,1
the,1814,1
to,1825,1
the,1816,1
to,1828,1
the,1838,1
the,1845,1
the,1797,1
year,1804,1
the,1804,1
the,1834,1
to,1781,1
that,1851,1
to,1828,1
to,1820,1
the,1731,1
the,1820,1
to,1811,1
the,1866,1
the,1851,1
the,1825,1
the,1810,1
the,1807,1
to,1834,1
the,1874,1
to,1802,1
the,1819,1
user,2007,5
to,1816,1
the,1845,1
to,1825,1
was,1798,1
the,1863,1
to,1805,1
the,1745,1
the,1821,1
that,1472,325
the,1808,1
to,1874,1
the,1764,1
the,1814,1
the,1830,1
the,1839,1
to,1838,1
the,1939,1
the,1848,1
that,1806,1
the,1858,2
that,1810,1
the,1830,1
the,1841,1
the,1843,1
to,1853,1
year,1905,8
the,1856,1
user,1999,4
the,1850,1
the,1805,1
the,1797,1
territory,1833,1
to,1566,1
to,1726,1
the,1845,1
the,1737,1
the,1844,1
the,1833,1
to,1821,1
the,1789,1
the,1836,1
the,1848,1
the,1713,1
to,1803,1
the,1814,1
to,1856,1
to,1827,1
was,1817,1
water,1819,1
to,1914,3
to,1820,1
to,1720,1
the,1811,1
to,1840,1
the,1863,1
the,1851,1
to,1828,1
the,1852,1
the,1846,1
the,1855,1
the,1708,1
that,1478,1
that,1811,1
user,1996,2
user,1844,1
to,1831,1
the,1875,1
the,1820,1
to,1995,2
the,1801,1
to,1813,1
the,1691,1
user,1990,1
the,1850,1
the,1808,1
the,1819,1
the,1825,1
that,1868,1
year,1975,1
the,1775,1
was,1726,1
to,1816,1
was,1813,1
that,1828,1
the,1854,1
the,1808,1
that,1803,1
to,1811,1
the,1775,1
was,1819,1
to,1854,2
the,1688,1
the,1762,1
the,1828,1
the,1814,1
year,1906,2
the,1800,1
the,1886,2
the,1821,1
to,1818,1
to,1832,1
the,1851,1
to,1809,1
the,1824,1
the,1836,1
wm,1585,1
the,1803,2
the,1800,1
the,1806,2
the,1815,1
the,1834,1
the,1832,2
to,1862,1
the,1762,1
user,2007,2
the,1828,1
to,1829,1
the,1631,1
user,1997,1
that,1812,1
the,1795,1
year,1814,1
year,1893,1
to,1827,1
the,1805,1
to,1785,1
user,1987,1
the,1706,1
to,1796,1
the,1847,1
the,1850,1
water,1888,1
wileyblackwell,2008,1
to,1812,1
the,1803,1
yardmaster,1501,1869
was,1788,1
to,1805,1
to,1841,1
the,1798,1
the,1814,1
that,1806,1
that,1813,2
the,1807,1
the,1833,1
the,1789,2
the,1796,1
the,1812,1
the,1851,1
to,1861,1
to,1813,1
to,1822,1
user,1997,3
the,1709,1
to,1904,1
to,1812,1
the,1813,1
the,1771,1
the,1805,1
to,1819,1
the,1808,1
the,1811,1
the,1857,1
that,1836,1
was,1800,1
to,1849,1
to,1816,1
the,1844,1
the,1872,1
the,1728,1
was,1852,1
the,1824,1
the,1801,1
user,2002,11
to,1820,1
the,1825,1
the,1851,1
that,1650,1
the,1808,1
the,1822,1
the,1771,1
to,1816,1
the,1807,1
to,1813,2
the,1475,1
the,1815,1
was,1883,1
water,1804,1
the,1783,1
the,1829,1
the,1808,1
the,1834,1
the,1811,1
the,1811,2
the,1834,1
was,1810,1
the,1743,1
to,1824,1
the,1774,1
the,1798,1
the,1731,1
the,1737,1
year,1768,1
the,1809,1
to,1814,1
the,1850,1
the,1727,1
the,1815,1
test,1978,1
the,1837,1
the,1856,1
the,1829,1
to,1808,1
the,1869,2
the,1821,1
the,1823,1
that,1800,1
the,1850,1
user,1994,1
the,1838,1
to,1702,1
territory,1819,1
the,1813,1
the,1824,1
water,1834,1
the,1852,2
the,1820,1
the,1831,1
to,1803,1
the,1836,1
the,1828,1
the,1834,1
the,1797,1
the,1810,1
that,1718,1
the,1792,1
to,1852,1
the,1805,1
the,1856,1
to,1771,1
the,1810,1
test,1958,1
to,1802,1
the,1795,1
the,1851,1
the,1843,1
water,1829,1
year,1904,1
the,1708,1
the,1803,1
that,1810,2
the,1807,1
to,1688,1
the,1822,1
the,1866,1
to,1808,1
the,1812,1
thousandacres,1629,1
that,1813,1
the,1823,1
the,1836,1
the,1805,1
the,1822,1
the,1894,1
the,1854,1
to,1817,1
to,1742,1
that,1823,1
was,1829,1
the,1793,1
to,1816,1
the,1601,1
was,1717,1
the,1709,1
was,1817,1
to,1812,1
the,1842,1
that,1767,1
to,1805,1
to,1851,1
test,1993,1
the,1846,1
the,1868,1
the,1812,1
the,1814,1
the,1804,1
to,1813,1
to,1810,1
the,1807,1
the,1829,1
the,1820,1
the,1847,1
to,1816,1
the,1797,1
the,1828,1
the,1792,1
the,1832,1
the,1835,1
was,1816,1
the,1806,1
test,1472,1
the,1823,1
year,1829,1
the,1852,1
the,1735,1
the,1829,1
to,1764,1
to,1764,1
the,1744,1
to,1708,1
to,1818,1
the,1812,1
the,1808,1
water,1859,1
the,1746,1
the,1848,1
the,1847,1
the,1830,1
the,1874,1
that,1800,1
the,1734,1
the,1787,1
the,1844,1
the,2006,3
the,1819,1
to,1838,1
the,1811,1
the,1862,2
to,1860,1
thingus,1801,31
the,1791,1
wynijdzie,2017,101
to,1736,1
the,1857,1
the,1816,2
the,1840,1
the,1806,1
to,1797,1
the,1824,1
the,1834,1
the,1801,1
year,1905,1
to,1791,1
to,1812,1
that,1823,1
that,1814,1
the,1856,1
the,1815,1
the,1855,1
the,1860,1
the,1800,1
was,1814,1
the,1824,1
the,1805,1
weight,1787,1
water,1837,1
the,1813,1
the,1834,1
the,1880,1
the,1784,1
the,1854,1
the,1809,1
wp,1825,1
the,1816,1
the,1774,1
the,1803,1
the,1817,1
the,1821,1
the,1828,1
the,1831,1
that,1881,1
to,1808,1
to,1806,1
to,1804,1
the,1803,1
the,1793,1
the,1718,1
to,1805,1
to,1790,1
that,1813,1
the,1716,1
the,1813,1
xinhua,1905,1
the,1793,1
user,1835,1
to,1835,1
the,1792,1
the,1800,1
test,2006,24
the,1828,1
to,1851,1
the,1858,1
the,1805,1
the,2009,1
the,1821,1
to,1819,1
the,1817,1
to,1790,1
the,1812,1
the,1784,1
the,1850,1
to,1820,1
the,1837,2
was,1866,1
xinhua,1905,1
year,1857,1
to,1840,1
water,1797,1
the,1847,1
the,1755,1
the,1834,1
the,1823,1
the,1811,1
to,1956,1
to,1824,1
user,1986,1
wp,2010,43
to,1822,1
was,1811,1
the,1815,1
the,1848,1
that,1840,1
the,1810,1
the,1808,1
the,1837,1
the,1801,1
that,1827,1
to,1821,1
the,1811,1
the,1857,1
the,1829,1
the,1804,1
the,1880,1
the,1728,1
the,1807,1
to,1808,1
to,1849,1
the,1800,1
to,1680,1
the,1840,2
the,1786,1
the,1852,1
the,1818,1
the,1863,1
wp,1712,1
uscg,1821,1
the,1774,1
that,1897,1
the,1840,1
the,1819,1
was,1810,1
to,1810,1
to,1849,2
the,1668,1
the,1631,1
the,1859,1
the,1811,1
that,1832,1
the,1800,1
the,1808,1
the,1801,1
user,1986,3
the,1841,1
to,1818,1
the,1858,1
that,1809,1
year,1884,2
the,1789,1
the,1832,1
user,1995,2
to,1810,1
the,1852,1
to,1813,1
the,1751,1
the,1878,1
wp,2007,1
the,1791,1
the,1810,1
the,1774,1
the,1814,2
the,1807,1
the,1809,1
the,1827,1
the,1901,2
to,1809,1
the,1871,1
was,1834,1
the,1827,1
the,1827,2
to,1824,1
that,1678,1
to,1818,1
the,1849,1
the,1803,1
the,1826,1
to,2001,3
the,1854,1
water,1889,1
year,1884,3
the,1806,1
the,1797,1
urhanized,1952,800
the,1808,1
that,1808,1
the,1871,1
that,1832,1
to,1705,1
urhanized,1932,1
the,1807,1
the,1776,1
wp,1841,2
vanhurskauden,2017,602
the,1874,1
the,1801,1
the,1869,1
the,1807,1
wm,1660,1
that,1787,1
the,1831,1
the,1834,1
the,1813,1
the,1834,1
territory,1816,1
water,1822,2
that,1803,1
to,1821,1
year,1555,1
the,1838,1
the,1737,1
that,1839,1
to,1647,2
the,1832,2
the,1820,1
to,1823,1
the,1850,1
the,1731,1
to,1852,1
the,1750,1
the,1872,1
that,1809,1
to,1815,1
varayoq,1961,4
the,1831,1
was,1809,1
the,1876,1
to,1821,1
water,1803,1
to,1820,1
to,1478,1
the,1843,1
the,1771,1
the,1829,1
the,1851,1
to,1650,1
the,1821,1
the,1808,1
to,1811,1
the,1807,1
xinhua,1905,1695
to,1743,1
the,1814,1
telsegram,1926,501
to,1853,1
to,1795,1
the,1816,1
to,1819,1
telxon,1890,1
to,1792,1
the,1832,1
to,1812,1
that,1825,1
to,1719,1
the,1853,1
that,1759,1
that,1812,1
year,1905,1
to,1771,2
the,1864,1
the,1870,1
to,1810,1
to,1877,1
year,1749,1
the,1818,2
the,1855,1
the,1815,1
the,1782,1
the,1850,1
the,1816,1
to,1852,1
to,1830,1
user,1995,1
the,1822,1
to,1808,1
the,1854,1
the,1811,1
the,1822,1
the,1833,1
test,1993,2
to,1805,1
to,1831,1
the,1826,1
water,1910,1
the,1826,1
the,1813,1
the,1841,1
to,1857,1
to,1804,1
the,1795,1
the,1821,1
the,1854,1
the,1820,1
the,1852,2
the,1708,1
was,1791,1
to,1989,1
yoomy,1867,1
the,1823,1
the,1675,1
that,1825,1
was,1829,1
to,1834,1
the,1829,1
to,1816,1
the,1743,1
the,1879,1
to,1772,1
the,1864,1
to,1853,1
wm,1829,1
user,2003,1
the,1774,1
the,1813,1
the,1838,1
to,1805,1
the,1834,1
the,1807,1
test,2005,1
the,1796,1
in,1670,2
the,1812,1
the,1824,1
to,1823,1
to,1792,1
territory,1836,1
to,1849,1
to,1774,1
the,1815,1
the,1795,1
the,1816,1
the,1806,1
to,1805,1
the,1807,1
the,1817,1
was,1831,1
to,1815,1
the,1830,4
the,1845,1
to,1505,1
that,1604,1
to,1475,2
the,1812,1
user,2005,2
the,1802,1
the,1858,1
the,1803,1
the,1853,1
wzde,1692,1
to,1581,1
the,1700,1
to,1830,1
the,1760,1
to,1804,1
wp,2010,26
user,2007,22
the,1781,1
the,1819,1
the,1830,1
the,1809,1
to,1811,1
to,1765,1
was,1816,1
that,1829,1
to,1816,1
the,1812,1
that,1843,1
the,2012,1
tharlarion,2011,632
the,1818,1
wm,1934,1
user,1995,6
the,1837,1
to,1815,1
to,1800,1
the,1831,1
the,1726,1
the,1845,1
the,1881,2
the,1862,1
the,1809,1
to,1876,1
the,1825,1
the,1810,1
the,1856,1
the,1828,1
the,1797,1
to,1832,1
the,1705,1
the,1819,1
the,1812,1
the,1700,1
to,1745,1
the,1838,1
to,1816,1
the,1816,1
the,1832,2
to,1661,1
to,1831,1
to,1991,3
the,1832,1
to,1808,1
the,1877,1
the,1841,1
tel,1823,1
the,1863,1
the,1869,1
the,1810,1
videocassettes,1972,1
that,1767,1
the,1765,1
to,1641,1
the,1871,1
the,1808,1
the,1837,1
to,1813,1
that,1808,1
the,1855,1
that,1813,1
the,1854,1
the,1865,1
to,1812,1
that,1832,1
the,1808,1
to,1825,1
the,1771,1
user,1990,1
wp,2008,4
to,1819,1
to,1965,1
wp,2010,64
the,1826,1
was,1831,1
the,1854,1
the,1809,1
the,1781,1
the,1841,1
to,1851,1
the,1829,1
was,1812,1
to,1816,1
to,1822,1
the,1810,1
to,1809,1
the,1810,1
was,1854,1
the,1829,1
the,1811,1
the,1802,1
the,1803,1
the,1806,1
to,1810,1
tsarevich,1871,2
weight,1787,1
the,1885,2
the,1832,1
the,1832,1
the,1792,1
that,1745,1
the,1809,1
the,1812,2
the,1803,1
the,1765,1
the,1815,1
the,1794,1
the,1807,1
the,1787,1
the,1821,1
the,1894,1
the,1804,1
year,1776,1
was,1854,1
the,1797,1
the,1826,1
the,1811,1
the,1763,1
the,1807,1
the,1626,1
the,1809,1
the,1808,1
that,1812,1
to,1757,1
the,1820,1
to,1716,1
tel,1676,1
the,1810,1
the,1832,1
the,1804,1
to,1833,1
to,1812,1
the,1835,1
the,1812,1
year,1812,1
the,1887,1
that,1853,1
the,1814,1
to,1828,1
water,1870,2
the,1811,1
to,1909,3
the,1797,1
to,1832,1
the,1850,1
the,1801,1
was,1825,1
that,1804,1
to,1707,1
the,1854,1
the,1881,1
the,1825,1
the,1853,1
the,1815,1
the,1818,1
the,1810,1
the,1806,1
the,1837,1
the,1819,1
the,1819,1
to,1817,1
the,1849,1
the,1852,1
the,1854,1
water,1806,1
to,1819,1
the,1688,1
the,1844,1
the,1850,1
was,1834,1
the,1816,1
the,1814,1
to,1822,1
to,1809,1
was,1832,1
to,1812,1
the,1822,1
water,1472,1576
to,1776,1
the,1850,1
that,1814,1
to,1999,6
that,1830,1
the,1821,1
to,1830,1
to,1854,1
the,1822,1
user,1995,3
the,1943,1
the,1774,1
wjgnet,2013,720
the,1810,1
was,1801,1
the,1874,2
the,1805,1
the,1819,1
to,1816,1
to,1718,1
the,1824,1
the,1823,1
the,1771,1
the,1848,1
that,1850,1
the,1806,1
the,1853,1
user,1988,5
the,1834,1
year,1872,1
the,1825,1
the,1810,1
the,1790,1
the,1818,1
the,1889,5
to,1834,1
that,1860,1
to,1797,1
workcomp,1972,2
the,1854,1
the,1800,1
the,1825,1
wynijdzie,2017,430
to,1714,1
water,1477,1
the,1846,1
the,1811,1
the,1856,1
the,1806,1
the,1852,1
was,1803,1
the,1854,1
unops,1802,1
the,1865,1
the,1851,1
the,1824,1
the,1817,1
the,1826,1
year,1776,1
the,1800,1
to,1809,1
to,1817,1
test,1989,1
the,1757,1
the,1827,1
the,1863,2
the,1815,1
the,1760,1
the,1869,1
the,1833,1
the,1815,1
user,2002,8
that,1826,1
to,1776,1
that,1826,1
was,1804,1
to,1809,1
that,1809,1
the,1800,1
the,1822,1
the,1819,1
the,1825,1
the,1853,1
the,1850,1
to,1806,1
the,1828,1
weight,1819,3
test,2010,1
territory,1848,1
the,1812,1
the,1858,1
to,1811,1
to,1989,1
the,1805,1
the,1622,1
the,1823,1
to,1832,3
the,1807,1
the,1804,1
the,1809,1
that,1811,1
to,1845,1
was,1779,1
user,1986,2
was,1833,1
the,1816,1
to,1812,1
the,1774,1
user,2005,3
the,1819,2
to,1874,2
wp,2006,5
was,1839,1
that,1730,1
to,1824,1
themperours,1830,1252
the,1823,1
the,1645,1
the,1869,1
the,1862,1
the,1850,2
the,1884,1
the,1870,1
user,1862,2
the,1817,1
to,1782,1
to,1879,1
to,1939,1
the,1812,1
the,1853,1
the,1787,1
was,1806,1
to,1807,1
the,1814,1
the,1856,1
test,1880,12
to,1814,1
tympan,1805,1
the,1866,1
to,1812,1
the,1815,1
the,1801,1
that,1830,1
uttereme,1954,310
the,1817,1
the,1800,1
the,1851,1
to,1807,1
to,1818,1
wp,2006,9
the,1801,1
the,1837,1
the,1816,1
was,1810,1
the,1823,1
the,1808,1
was,1996,1
to,1772,1
to,1744,1
to,1820,1
the,1810,2
that,1788,1
the,1841,1
to,1847,1
the,1823,1
to,1839,1
to,1841,1
was,1852,1
the,1823,1
the,1801,1
to,1796,1
the,1816,1
to,1856,2
the,1890,1
the,1818,1
to,1812,1
the,1818,1
the,1832,1
the,1825,1
the,1825,1
the,1851,1
to,1851,1
the,1858,1
the,1851,1
water,1905,1
the,1811,1
the,1805,1
the,1853,1
to,1835,1
water,1807,1
videocassettes,1869,2
user,1980,4
the,1832,1
the,1834,2
was,1805,1
the,1816,1
that,1810,1
to,1822,1
user,1994,23
the,1809,1
the,1813,1
the,1820,1
to,1806,1
the,1828,1
year,1856,1
the,1855,1
to,1905,2
was,1851,1
the,1827,1
the,1822,1
the,1840,1
the,1848,1
the,1829,1
the,1816,1
the,1815,1
the,1820,1
the,1849,1
year,1860,1
the,1753,1
that,1782,1
that,1800,1
the,1824,1
the,1825,1
to,1802,1
the,1851,1
the,1783,1
water,1999,1
the,1815,1
the,1806,1
the,1873,1
the,1718,1
that,1764,1
the,1789,1
westlaw,1988,1
to,1825,1
the,1722,1
the,1798,1
the,1809,1
the,1743,1
to,1817,1
the,1813,1
the,1857,1
the,1870,1
to,1876,1
the,1809,1
tournay,1709,1
to,1845,1
the,1817,1
the,1850,1
the,1866,1
the,1829,1
the,1798,1
was,1855,1
the,1871,1
the,1807,1
to,1832,1
year,1858,1
the,1862,1
the,1807,1
westlaw,1952,2
the,1832,1
the,1812,1
the,1850,1
the,1832,1
the,1805,1
the,1804,1
water,1632,2
test,1999,1
to,1716,1
the,1818,1
wyden,1962,1
the,1757,1
the,1825,1
was,1819,1
year,1884,29
to,1827,1
was,1820,1
the,1800,1
the,1995,1
to,1835,1
the,1814,1
treaty,1982,1
to,1806,1
the,1812,1
the,1846,1
the,1844,1
the,1800,1
to,1860,1
the,1820,1
the,1911,1
the,1812,1
to,1840,1
the,1809,1
the,1817,1
the,1811,1
the,1809,1
the,1807,1
the,1845,1
the,1823,1
the,1803,1
to,1807,1
year,1862,1
to,1789,1
was,1801,1
the,1816,1
was,1852,1
was,1838,1
the,1849,1
to,1831,1
the,1824,1
that,1807,1
the,1743,1
the,1825,1
to,1802,1
the,1895,1
to,1812,1
the,1851,1
test,1983,1
was,1829,1
the,1815,1
wp,2007,1
to,1825,1
the,1830,1
the,1813,1
the,1675,1
user,1997,3
to,1840,1
the,1809,1
the,1819,1
the,1804,1
that,1836,1
the,1818,1
the,1886,1
the,1842,1
the,1835,1
the,1836,1
the,1834,1
to,1812,1
the,1844,1
the,1859,1
wm,1645,1
that,1823,1
the,1833,1
the,1787,1
the,1701,1
the,1797,1
the,1734,1
the,1857,1
to,1790,1
the,1820,1
the,1804,1
the,1827,1
the,1741,1
the,1781,1
to,1846,1
the,1815,1
to,1808,1
was,1794,1
transco,1873,1
to,1821,1
the,1907,1
the,1822,1
the,1824,3
to,1842,1
was,1781,1
the,1807,1
the,1804,1
the,1825,1
the,1737,1
the,1800,1
to,1824,1
to,1708,1
the,1821,1
the,1798,1
to,1824,1
to,1816,1
the,1815,1
was,1817,1
test,2006,11
the,1815,1
the,1824,1
that,1809,1
the,1815,1
wnijdzie,2017,251
to,1826,2
year,1863,1
the,1826,1
the,1847,1
the,1799,1
the,1821,1
the,1823,1
that,1817,1
the,1794,1
that,1825,1
that,1782,1
user,1872,1
user,1971,1
the,1813,1
the,1800,1
to,1812,1
to,1990,3
to,1834,1
the,1845,1
the,1806,1
the,1668,1
the,1807,1
the,1808,1
to,1821,2
the,1818,1
the,1829,1
the,1829,1
to,1856,1
the,1720,1
that,1818,1
to,1823,1
to,1817,1
the,1755,1
to,1793,1
the,1815,1
the,1797,2
the,1800,1
to,1818,1
user,1995,3
the,1838,1
the,1838,1
to,1860,1
the,1800,1
the,1823,1
test,1847,1
to,1846,2
the,1823,1
the,1881,1
the,1918,1
to,1822,2
the,1842,1
the,1808,1
to,1834,1
to,1806,1
to,1882,1
the,1846,1
to,1824,1
was,1794,1
to,1822,1
to,1813,1
to,1729,1
the,1829,1
to,1878,1
to,1833,1
to,1670,1
urlconnection,1998,7
the,1804,1
the,1847,1
to,1853,1
the,1833,1
the,1775,1
the,1761,1
the,1929,1
the,1812,2
user,1870,1
the,2006,19
was,1779,1
the,1833,1
the,1855,1
the,1826,1
to,1881,1
the,1755,1
to,1816,1
water,1824,1
to,1805,1
to,1850,1
the,1836,1
to,1793,2
the,1800,1
the,1801,1
that,1804,1
to,1841,1
to,1823,1
to,1804,1
the,1812,1
to,1809,1
the,1856,1
the,1812,1
that,1834,1
was,1863,1
to,1829,1
the,1854,3
test,1818,1
the,1808,1
that,1725,1
the,1828,1
the,1808,1
to,1748,1
to,1806,1
the,1857,1
the,1902,4
to,1710,1
to,1826,1
the,1803,1
the,1812,1
the,1805,1
the,1809,1
the,1852,1
the,1818,1
was,1850,1
the,1850,1
was,1779,1
vanhurskauden,2017,640
test,1993,1
the,1814,1
xinhua,1905,1685
the,1812,1
year,1768,1
to,1838,1
the,1819,1
to,1811,1
year,1832,1
the,1811,1
the,1878,1
the,1806,1
the,1807,1
the,1880,1
the,1800,1
user,1999,5
the,1827,1
the,1857,1
the,1819,1
was,1820,1
the,1855,1
the,1856,1
the,1708,1
the,1857,1
the,1866,1
to,1853,1
year,1857,1
wynijdzie,2017,917
to,1812,2
the,1815,1
the,1837,1
the,1803,1
the,1810,1
test,1983,3
the,1793,1
that,1800,1
the,1795,1
to,1817,1
year,1884,2
the,1806,1
the,1795,1
the,1826,1
the,1806,1
the,1821,1
vocimotor,1921,1308
the,1820,1
water,1803,1
the,1814,1
to,1840,1
the,1829,1
the,1807,1
the,1848,1
the,1860,1
the,1855,1
the,1843,1
the,1814,1
to,1814,2
the,1875,1
to,1852,1
the,1820,1
the,1820,1
to,1811,1
utterword,1919,108
the,1864,1
to,1829,1
the,1811,1
the,1806,1
to,1857,1
the,1827,1
year,1850,1
that,1810,1
the,1787,1
the,1857,1
the,1854,1
the,1821,1
to,1811,1
to,1818,1
the,1848,2
the,1870,1
year,1836,1
was,1856,1
the,1788,1
tel,1538,1
to,1824,2
to,1819,1
user,1979,1
the,1708,2
the,1851,1
the,1812,1
the,1858,1
the,1775,1
the,1865,1
the,1847,1
to,1904,1
to,1822,1
the,1716,1
the,1809,1
to,1822,1
was,1824,1
to,1857,1
year,1884,31
the,1848,1
was,1807,1
treaty,1808,1
user,1981,1
that,1811,1
the,1850,1
the,1834,1
the,1857,1
the,1846,1
the,1836,1
the,1800,2
the,1817,1
watchos,1808,1
the,1820,1
that,1798,1
to,1834,1
the,1815,1
the,1889,5
the,1814,1
the,1806,1
the,1851,1
the,1814,1
the,1855,1
the,1712,1
weight,1866,1
that,1819,1
the,1636,1
that,1870,1
the,1836,1
the,1810,1
the,1832,1
the,1852,1
user,1996,1
the,1867,1
the,1858,1
that,1767,1
to,1666,1
that,1999,2
the,1851,1
was,1804,1
to,1988,3
to,1822,1
that,1827,1
the,1814,1
the,1819,1
to,1849,1
that,1809,1
the,1869,2
to,1851,1
to,1816,1
the,1800,1
that,1710,1
to,1827,1
test,2010,7
the,1812,1
to,1810,1
the,1842,1
the,1866,1
to,1824,1
the,1855,1
the,1795,1
the,1815,1
to,1838,3
the,1828,1
the,1829,1
was,1803,1
to,1758,1
the,1872,1
to,1667,1
the,1744,1
to,1828,1
the,1805,1
was,1844,1
the,1822,1
user,1990,4
the,1793,1
the,1806,1
the,1814,1
was,1806,1
the,1815,1
the,1803,1
the,1814,1
the,1803,1
the,1801,1
test,2010,7
year,1826,1
was,1796,1
the,1806,1
the,1823,1
the,1803,1
the,1804,1
the,1820,1
to,1825,1
to,1728,1
the,1869,1
the,1825,1
the,1856,1
the,1791,1
user,1987,2
to,1816,1
the,1832,1
the,1840,1
to,1814,1
the,1775,1
the,1853,1
user,1994,1
user,1994,15
test,1898,1
user,1995,2
the,1904,1
the,1830,1
is,1663,1
was,1804,1
that,1481,1
to,1851,1
the,1825,1
tournay,1593,1
the,1951,2
the,1828,1
year,1825,1
to,1831,1
the,1810,1
to,1809,1
the,1804,1
the,1824,1
themperours,1816,2
the,1806,1
the,1778,1
that,1695,1
the,1829,1
that,1818,1
the,1793,1
the,1804,1
the,1841,1
wm,1800,1
the,1861,1
the,1860,1
to,1869,1
the,1819,1
the,1859,1
the,1791,1
to,1834,1
to,1874,1
the,1894,1
the,1848,1
the,1820,1
to,1707,1
the,1793,1
the,1722,1
the,1831,1
the,1821,1
the,1836,1
to,1825,1
the,1840,1
the,1743,1
user,1994,1
to,1822,1
the,1811,1
to,1776,1
the,1816,1
to,1851,1
the,1792,1
user,1844,1
the,1866,1
the,1812,1
the,1783,1
the,1782,1
the,1838,1
the,1842,2
test,1992,1
was,1816,1
weight,1804,1
to,1876,1
tympan,1800,1
the,1808,1
the,1828,1
to,1854,1
to,1817,1
to,1811,1
to,1840,1
the,1823,1
to,1863,1
the,1812,1
water,1888,1
the,1826,1
the,1834,2
to,1787,1
that,1839,1
the,1873,1
to,1800,1
to,1795,1
test,1992,2
the,1877,1
the,1804,1
the,1883,1
to,1727,1
the,2006,1
the,1764,1
to,1815,1
the,1478,1
that,1816,1
the,1860,1
the,1816,1
the,1827,1
was,1817,1
the,1855,1
the,1806,2
the,1811,1
the,1856,1
the,1814,1
the,1821,1
to,1816,1
the,1788,1
the,1715,1
the,1809,1
the,1849,1
the,1708,1
user,2000,6
that,1742,1
to,1803,1
the,1811,1
the,1828,1
to,1808,1
the,1811,1
to,1816,1
the,1863,1
to,1888,1
the,1809,1
the,1795,1
the,1833,1
was,1823,1
the,1806,1
the,1688,1
the,1807,1
westlaw,1952,2
the,1817,2
the,1856,1
wp,2009,14
the,1807,1
to,1838,1
water,1767,1
the,1814,1
the,1823,1
the,1856,1
to,1827,1
to,1851,1
that,1834,4
the,1847,1
the,1859,1
the,1809,1
to,1688,1
the,1813,1
water,2001,1
the,1849,1
was,1856,1
the,1803,1
the,1879,1
to,1824,1
to,1832,1
the,1816,1
the,1824,1
the,1810,1
the,1808,1
to,1833,1
to,1802,1
the,1478,1
the,1855,1
the,1805,1
the,1815,1
to,1808,1
that,1710,1
to,1853,1
the,1803,1
the,1807,1
uncrushed,1772,1
to,1791,1
wp,2010,5
the,1753,1
to,1832,1
the,1816,1
truvada,2005,2
that,1812,2
the,1750,1
year,1827,1
to,1869,1
to,1808,1
to,1705,1
to,1793,1
the,1904,1
the,1816,1
the,1894,1
the,1814,1
the,1837,1
the,1815,1
to,1846,1
was,1806,1
the,1859,1
the,1822,1
that,1807,1
to,1835,1
the,1840,1
the,1841,1
to,1813,1
the,1816,1
to,1780,1
the,1822,1
to,1985,3
the,1806,1
the,1816,1
the,1806,1
the,1837,1
the,1803,1
to,1832,1
was,1830,1
to,1800,1
the,1861,1
to,1813,2
the,1806,1
the,1832,1
the,1808,1
the,1777,1
to,1717,1
the,1837,1
the,1816,1
to,1852,1
the,1832,2
the,1824,1
that,1843,1
the,1820,1
the,1834,1
to,1807,1
the,1813,1
the,1825,1
to,1835,1
the,1836,1
to,1821,1
the,1820,1
the,1808,1
to,1834,1
the,1796,1
was,1880,1
to,1880,1
the,1824,1
the,1818,1
treaty,1750,1
was,1813,1
to,1872,1
the,1822,1
the,1791,1
the,1821,1
the,1806,2
the,1817,1
to,1833,1
the,1808,1
the,1824,1
the,1822,1
the,1837,1
the,1823,1
to,1764,1
wp,1683,2
the,1821,1
to,1853,1
to,1813,1
the,1807,1
the,1807,1
the,1831,1
to,1848,1
to,1833,1
to,1720,1
the,1806,1
the,1811,1
to,1829,1
the,1700,1
the,1863,1
the,1766,1
the,1839,1
the,1781,1
to,1807,1
to,1791,1
the,1734,1
was,1813,1
user,1987,1
the,1788,1
the,1813,1
uspq,1867,1
to,1820,1
the,1816,1
the,1793,1
the,1838,1
that,1816,1
uncrushed,1508,1
to,1826,1
the,1769,1
to,1815,1
to,1853,1
year,1832,1
the,1804,1
was,1853,1
the,1837,1
to,1808,1
that,1795,1
that,1811,1
the,1772,1
weight,1792,1
the,1798,1
the,1823,1
that,1852,1
the,1822,1
the,1828,1
to,1836,1
the,1830,1
the,1824,1
the,1794,1
the,1807,1
the,1547,1
the,1848,1
the,1829,1
to,1850,1
the,1828,1
to,1657,1
the,1756,1
the,1726,1
the,1825,1
the,1837,1
the,1850,1
to,1844,1
the,1803,1
to,2002,1
the,1829,1
the,1793,1
the,1809,1
the,1852,1
was,1779,1
to,1837,1
that,1832,1
the,1737,1
the,1824,1
the,1832,1
year,1845,1
that,1804,1
the,1807,1
to,1807,1
was,1810,2
wp,2013,8
to,1800,1
to,1741,1
the,1802,1
weight,1761,1
the,1814,1
to,1851,2
the,1839,1
the,1814,1
was,1850,2
to,1857,1
to,1801,1
the,1838,1
the,1835,1
the,1866,1
the,1800,1
the,1794,1
the,1827,1
to,1814,1
to,1808,1
to,1832,1
year,1983,1
to,1832,1
the,1869,1
that,1472,730
to,1910,1
the,1803,1
the,1807,1
the,1806,2
the,1826,1
to,1812,2
the,1852,1
was,1809,1
to,1979,1
the,1810,1
the,1824,1
to,1809,1
the,1832,1
was,1821,1
that,1820,2
the,1850,1
the,1819,1
the,1842,1
the,1822,1
user,1987,2
the,1823,1
to,1908,1
the,1804,1
the,1881,2
in,1707,1
the,1855,1
the,1852,1
the,1827,1
the,1821,2
year,1871,1
the,1863,3
the,1800,1
the,1810,1
the,1770,1
the,1824,1
to,1815,1
that,1845,1
the,1801,1
the,1800,1
year,1839,1
the,1849,1
to,1824,1
to,1810,1
to,1665,1
the,1850,1
the,1812,2
the,1825,1
the,1708,1
that,1762,1
the,1831,1
the,1820,1
the,1831,1
the,1851,1
the,1823,1
thune,1812,1
user,1999,4
the,1832,1
the,1849,1
the,1848,1
was,1804,1
the,1844,1
the,1900,1
to,1851,1
the,1810,1
the,1869,1
the,1808,1
the,1853,1
the,1871,1
the,1808,1
the,1816,1
was,1824,1
to,1802,1
the,1848,1
was,1847,1
to,1814,1
the,1819,1
the,1835,1
the,1803,1
the,1810,1
the,1857,1
the,1831,1
the,1821,1
wp,2009,9
the,1860,1
the,1831,1
to,1789,1
the,1832,2
the,1775,1
the,1836,2
the,1749,1
the,1819,1
the,1870,1
user,1975,1
the,1828,1
the,1848,1
that,1829,1
to,1817,1
the,1884,1
the,1803,1
whitefire,1690,1
the,1819,1
the,1840,1
the,1817,1
the,1825,1
to,1787,1
the,1854,1
watchos,1853,1
the,1742,1
the,1822,1
the,1845,1
the,1871,1
user,2000,5
the,1810,1
the,1743,1
to,1817,1
year,1883,1
westlaw,1967,2
treaty,1802,1
was,1813,1
the,1830,1
the,1869,1
to,1821,1
the,1819,1
the,1825,1
the,1809,1
the,1678,1
was,1742,1
the,1705,1
the,1855,1
the,1843,1
that,1823,1
was,1832,1
to,1820,1
the,1819,1
the,1803,1
to,1708,1
was,1827,1
the,1822,1
the,1809,1
the,1792,1
the,1718,1
the,1829,1
the,1850,1
the,1841,1
the,1857,1
yillah,1830,1
the,1832,1
to,1797,1
tsarevich,1871,1
that,1851,1
to,1880,1
the,1886,1
to,1806,1
the,1874,1
the,1832,1
to,1858,1
to,1820,1
the,1810,1
the,1812,1
to,1907,3
territory,1555,1
the,1834,1
vitter,1721,1
to,1817,1
the,1828,1
to,1822,1
the,1856,1
the,1689,1
the,1862,1
was,1806,1
the,1859,1
user,1742,1
the,1817,1
the,1828,1
the,1859,1
to,1818,1
the,1807,1
the,1812,1
the,1747,1
wm,1666,1
the,1824,1
the,1844,1
to,1853,1
the,1780,1
to,1809,1
to,1814,1
the,1837,1
to,1721,1
the,1812,1
user,1981,2
the,1762,1
treaty,1832,2
test,1992,1
the,1861,1
water,1477,1
year,1839,2
to,1827,1
the,1868,2
the,1776,2
the,1869,1
the,1815,1
to,1826,1
the,1845,1
the,1805,1
the,1782,1
the,1808,1
the,1900,2
the,1835,1
the,1837,1
to,1818,2
that,1808,1
to,1870,1
to,1805,1
the,1834,1
themperours,1730,2
to,1831,1
to,1830,1
the,1856,1
that,1823,1
to,1843,1
yardmaster,1501,2
year,1906,2
the,1832,1
the,1879,1
the,1831,1
the,1798,1
the,1866,2
the,1760,1
wp,2010,118
the,1803,1
the,1816,1
user,1994,1
the,1862,1
the,1819,1
to,1834,1
waswaswaswaswas,2002,661
to,1909,1
that,1800,1
the,1827,1
to,1858,1
the,1813,1
year,1847,1
the,1793,1
the,1812,1
the,1728,1
the,1828,1
the,1820,1
the,1859,1
the,1851,1
the,1806,1
the,1816,1
wp,1565,1
to,1848,1
the,1825,1
the,1883,1
the,1812,1
to,1756,1
the,1821,1
the,1840,1
to,1825,2
the,1884,1
the,1808,1
the,1822,1
was,1855,1
the,1796,1
the,1819,1
the,1800,1
the,1808,1
the,1846,1
tsarevich,1871,1352
the,1801,1
to,1812,1
weight,1830,2
the,1757,1
the,1833,1
the,1830,4
that,1696,1
the,1878,1
tidsskriftartikler,1955,8
the,1825,1
to,1809,1
user,2005,1
the,1708,1
the,1815,1
the,1797,1
the,1800,1
to,1752,1
the,1785,1
the,1834,1
the,1800,1
watchos,2015,701
the,1857,1
the,1810,1
year,1971,4
to,1809,1
user,1986,3
the,1859,1
the,1818,1
to,1816,1
to,1834,1
the,1850,1
wp,1533,1
was,1830,1
the,1907,1
the,1801,1
the,1933,1
the,1816,2
to,1813,1
to,1784,1
to,1908,2
to,1816,1
to,1788,1
the,1881,1
to,1819,1
the,1771,1
that,1855,2
the,1804,1
the,1792,1
the,1755,1
yardmaster,1601,3
the,1831,1
the,1855,1
wp,1694,1
the,1815,1
the,1834,1
the,1846,1
wp,1711,1
the,1843,1
that,1916,1
the,1999,4
to,1911,1
the,1839,1
the,1774,1
the,1688,1
the,1782,1
the,1813,1
the,1918,1
the,1819,1
that,1813,1
the,1815,1
the,1996,1
the,1808,1
wp,2009,15
to,1844,1
was,1817,1
the,1843,1
the,1853,1
to,1816,1
to,1812,1
to,1826,1
the,1822,1
to,1601,1
the,1826,1
the,1855,1
to,1786,1
tharlarion,2011,128
the,1854,1
the,1787,1
to,1821,1
the,1810,1
the,1805,1
to,1814,1
the,1956,1
the,1858,1
the,1725,1
the,1834,1
that,1604,1
the,1812,1
test,1987,1
the,1814,1
year,1859,1
to,1813,1
tournay,1517,1
the,1812,1
the,1820,1
is,1641,1
the,1801,1
the,1823,1
the,1809,1
the,1841,1
the,1803,1
the,1851,1
the,1636,1
wp,2010,2
was,1821,1
that,1839,1
the,1822,1
the,1816,1
the,1849,1
the,1827,1
the,1806,1
visarjaniya,1862,476
the,1846,1
to,1824,1
the,1834,1
the,1788,1
the,1808,1
the,1801,1
to,1800,1
the,1819,1
to,1882,1
the,1880,1
the,1802,1
the,1850,1
year,1899,1
that,1837,1
was,1855,1
to,1829,1
the,1824,1
the,1812,1
test,1472,1
the,1812,1
the,1805,1
to,1809,1
wp,2010,31
unitemized,1805,1
the,1857,1
the,1823,1
user,1921,1
the,1806,1
wp,1527,1
the,1829,1
the,1846,1
the,1812,1
the,1813,1
year,1854,1
the,1892,1
to,1814,1
that,1798,1
to,1835,1
to,1807,1
user,1999,1
the,1825,1
the,1835,1
was,1845,1
the,1850,1
the,1859,1
the,1841,1
the,1831,1
the,1802,1
the,1824,1
the,1812,1
to,1867,1
was,1768,1
to,1938,1
the,1797,1
the,1845,1
to,1821,1
the,1811,1
the,1745,1
to,1736,1
water,1810,1
the,1824,1
that,1832,1
the,1728,1
the,1697,1
year,1812,1
the,1816,1
the,1841,1
to,1815,1
that,1814,1
wp,2006,5
the,1728,1
the,1810,1
to,1826,1
to,1812,1
the,1810,1
the,1828,1
that,1804,1
themperours,1814,4
was,1823,1
the,1839,1
the,1812,1
year,1853,1
the,1851,1
was,1794,1
the,1835,1
was,1500,1
the,1851,1
the,1768,1
the,1885,1
the,1808,2
to,1806,1
that,1713,1
the,1812,1
the,1806,1
wellstone,1993,2
the,1820,1
year,1884,1
the,1803,1
the,1871,1
to,1809,1
the,1854,1
was,1812,1
the,1808,1
the,1806,1
transco,1703,1
videocassettes,1972,1
the,1817,1
the,1808,1
to,1839,1
to,1842,1
the,1832,1
the,1792,1
the,1806,1
the,1726,1
was,1819,1
to,1824,1
water,1810,1
the,1858,1
the,1809,1
the,1826,1
the,1866,1
the,1863,1
the,1601,1
test,1919,1
the,1829,1
the,1796,1
weol,1661,1
the,1815,1
that,1832,1
the,1823,1
that,1838,1
the,1830,1
that,1819,1
the,1853,1
the,1701,1
wp,1992,2
the,1806,1
was,1816,1
the,1614,1
to,1838,1
the,1829,2
was,1843,1
to,1810,1
the,1805,1
to,1816,1
wp,2007,6
the,1824,1
the,1879,1
the,1833,1
the,1887,1
was,1811,1
to,1802,1
the,1855,1
the,1827,1
the,1823,1
to,1781,1
the,1836,1
the,1808,1
the,1850,1
the,1807,1
the,1818,1
to,1832,2
to,1794,1
to,1824,1
to,1847,1
to,1822,1
the,1820,1
the,1884,1
was,1838,1
the,1816,1
year,1812,1
the,1821,1
the,1892,1
wm,1862,1
that,1807,1
wp,2010,15
the,1822,1
the,1845,1
year,1871,1
the,1844,1
to,1800,1
the,1867,1
the,1833,1
user,2004,4
the,1864,1
the,1837,1
the,2010,4
the,1806,1
the,1838,1
tympan,1725,1
to,1829,1
the,1855,1
to,1861,1
the,1806,1
the,1800,1
to,1865,1
the,1796,1
to,1806,1
the,1822,1
to,1802,1
workcomp,1972,1
the,1812,1
the,1827,1
to,1834,1
year,1853,1
test,2006,20
tharlarion,2011,854
the,1870,2
was,1812,2
to,1795,1
the,1808,1
to,1804,1
westlaw,1949,1
the,1824,1
the,1797,1
that,1783,1
uranic,1885,3
to,1702,1
the,1822,2
the,1816,1
weight,1761,1
the,1885,1
the,1791,1
the,1871,1
the,1776,1
the,1834,1
to,1802,1
the,1828,1
user,2003,2
the,1809,1
the,1817,1
to,1812,1
to,1815,1
the,1835,1
the,1853,1
the,1815,1
the,1815,1
to,1824,1
the,1815,1
teungku,1906,1608
was,1809,2
treaty,1802,1
to,1821,1
the,1838,1
the,1823,1
to,1867,1
the,1828,1
the,1851,1
the,1814,1
the,1875,1
was,1835,1
to,1822,1
the,1896,2
the,1871,1
the,1806,1
was,1869,1
the,1807,1
tokuls,1849,496
the,1834,1
the,1840,1
the,1861,1
to,1886,1
the,2006,5
year,1804,1
to,1743,1
water,1910,1
the,1835,1
the,1832,1
urechitoxin,1878,1114
test,1661,1
wiktorski,1957,17
to,1819,1
year,1745,1
the,1812,1
the,1828,1
the,1890,1
the,1808,1
the,1921,1
the,1802,1
to,1808,1
the,1827,1
the,1832,1
the,1807,1
to,1824,1
to,1809,1
to,1700,1
the,1835,1
the,1892,1
to,1810,1
the,1601,1
the,1847,1
to,1823,1
to,1743,1
the,1834,1
the,1861,1
to,1812,1
water,1871,1
the,1728,1
to,1816,1
the,1866,1
the,1854,1
to,2001,3
the,1837,1
wstawszy,2002,3
to,1850,1
the,1865,1
the,1936,1
the,1819,1
the,1841,1
the,1837,1
the,1860,2
the,1851,2
the,1806,1
wm,1656,1
that,1891,1
to,1831,1
the,1813,1
the,1815,1
the,1817,1
the,1879,1
the,1777,1
to,1828,1
was,1809,1
the,1853,1
that,1804,1
year,1871,1
wm,1802,1
the,1832,1
to,1824,1
user,1879,1
the,1830,1
the,1812,1
the,1849,1
to,1803,1
the,1791,1
the,1843,2
year,1805,1
the,1837,1
to,1800,2
the,1997,1
to,1825,1
to,1772,1
the,1800,1
the,1818,1
to,1812,1
the,1848,1
the,1829,1
the,1807,1
to,1905,1
the,1816,1
the,1805,1
to,1830,1
the,1852,1
the,1812,2
the,1823,1
the,1812,1
the,1822,1
to,1829,1
was,1881,1
the,1812,1
to,1819,1
the,1810,1
to,1819,1
that,1810,1
the,1810,1
to,1827,1
the,1841,1
the,1850,1
to,1803,1
that,1811,2
to,1828,1
the,1810,1
was,1780,1
to,1919,1
the,1831,1
the,1822,1
the,1811,1
the,1788,1
wp,2006,5
to,1852,1
the,2010,7
yardmasters,1501,989
the,1771,1
user,2006,1
to,1816,1
test,1990,1
the,1866,1
the,1878,1
to,1767,1
the,1808,1
user,1988,5
the,1808,1
the,1823,1
the,1832,1
the,1819,1
the,1808,1
the,1873,1
the,1802,1
the,1867,1
the,1802,1
that,1829,1
water,1767,1
to,1812,1
the,1861,1
was,1814,1
that,1822,1
to,1824,1
the,1862,1
the,1757,1
the,1712,1
the,1813,1
the,1837,1
was,1846,1
to,1827,1
the,1803,1
the,1874,1
the,1771,1
the,1801,1
the,1806,1
the,1842,1
the,1816,1
the,1837,1
the,1852,1
to,1903,1
the,1807,1
that,1789,1
to,1814,1
the,1853,1
the,1826,1
the,1903,1
the,1812,1
was,1812,1
to,1809,1
to,1824,1
to,1683,1
the,1874,1
the,1835,1
the,1812,1
the,1641,1
the,1852,1
the,1688,2
the,1900,1
the,1809,1
was,1825,1
was,1806,1
was,1825,1
the,1840,1
the,1823,1
the,1830,1
the,1801,1
the,1822,1
the,1824,1
the,1846,1
the,1805,1
the,1826,1
the,1801,1
wp,2010,15
the,1823,1
the,1813,1
year,1888,1
to,1819,1
to,1907,2
to,1805,1
to,1791,1
the,1838,1
test,1500,1
to,1820,1
the,1839,1
the,1816,2
to,1816,1
the,1777,1
the,1793,1
the,1846,1
the,1813,1
the,1811,1
the,1823,1
to,1819,1
to,1812,1
to,1845,1
the,1849,2
the,1838,1
to,1780,1
tryckt,1728,3
to,1823,1
the,1839,1
the,1828,3
to,1819,1
the,1830,1
the,1860,1
to,1815,1
to,1940,1
the,1822,1
to,1824,1
the,1830,1
the,1852,2
the,1649,1
the,1854,1
the,1874,1
to,1830,1
the,1716,1
the,1825,1
the,1810,1
the,1869,1
the,1823,1
the,1856,2
to,1852,1
to,1902,1
to,1806,1
the,1810,1
the,1807,1
the,1803,1
the,1790,1
the,1726,1
the,1818,1
to,1812,1
the,1814,1
treaty,1813,1
the,1809,1
the,1830,1
wm,1689,1
the,1824,1
the,1800,1
the,1861,1
the,1809,1
the,1816,1
to,1808,1
to,1832,3
the,1813,1
to,1822,1
the,1823,1
to,1807,1
to,1803,1
the,1800,1
the,1807,1
the,1800,1
yoomy,1922,2
the,1819,1
the,1855,1
the,1830,1
was,1856,1
the,1822,1
the,1815,1
user,1971,7
to,1743,1
the,1832,1
was,1823,1
year,2017,11
the,1846,1
was,1847,1
the,1831,1
the,1854,1
the,1815,1
to,1857,1
the,1813,1
to,1836,1
the,1849,1
that,1713,1
that,1859,1
to,1815,1
year,1831,1
to,1810,1
the,1824,1
the,1875,1
to,1824,1
the,1829,1
to,1819,1
to,1817,1
the,1868,1
to,1819,1
wp,2010,17
underreamer,1832,543
the,1816,1
water,1912,1
user,1986,2
water,1835,1
the,1814,1
user,1994,1
to,1716,1
year,1862,1
the,1825,1
the,1753,1
the,2010,4
the,1805,1
the,1731,1
to,1812,1
the,1808,1
the,1813,2
that,1812,1
the,1832,1
water,1875,1
the,1804,1
test,2006,12
the,1757,1
the,1683,1
the,1866,1
to,1850,1
the,1820,1
the,1872,2
the,1844,1
the,1814,1
to,1701,1
the,1820,1
the,1832,1
the,1797,1
the,1817,1
the,1831,1
the,1834,2
water,1491,1
that,1804,1
the,1816,1
the,1802,1
that,1730,1
the,2009,9
the,1790,1
the,1819,1
the,1806,1
the,1810,1
year,1872,1
to,1810,1
the,1823,1
the,1820,1
toolco,1864,1
the,1830,1
to,1910,1
the,1855,1
the,1813,1
the,1713,1
to,1919,1
was,1809,1
the,1849,1
the,1856,1
to,1829,1
to,1815,1
to,1814,1
the,1794,1
the,1851,1
the,1834,1
the,1815,1
was,1829,1
the,1820,1
to,1825,1
the,1773,1
to,1853,1
the,1826,1
the,1817,1
the,1850,1
the,1814,1
the,1841,1
the,1860,1
the,1816,1
urechitoxin,1878,1114
the,1855,1
to,1923,1
user,1905,1
the,1855,1
the,1807,1
user,1994,3
the,1835,1
the,1815,1
the,1853,1
user,1990,15
the,1805,1
the,1842,1
the,1854,1
zimnis,1885,1
to,1814,1
the,1828,1
the,1846,1
user,1995,3
user,2003,1
wp,2008,1
to,1827,1
that,1846,1
the,1931,1
was,1671,1
the,1814,1
the,1818,1
the,1852,1
the,1848,1
user,1841,1
user,1983,2
the,1808,1
the,1842,1
the,1832,2
to,2017,66
the,1792,1
the,1771,1
the,1755,1
to,1866,2
the,1776,1
to,1812,1
user,1996,2
year,1838,1
wm,1902,1
the,1832,4
to,1814,1
the,1829,1
the,1792,1
the,1827,1
the,1804,1
to,1813,1
the,1850,1
year,1819,1
the,1850,1
test,1919,1
the,1814,1
to,1772,1
the,1824,1
the,1812,1
was,1804,1
the,1806,1
the,1847,1
treaty,1813,1
the,1855,1
to,1805,1
to,1810,1
to,1897,1
the,1697,1
wyden,1844,1
year,1843,1
was,1838,1
the,1826,1
the,1861,1
user,1988,2
to,1857,1
the,1812,1
the,1799,1
the,1851,1
the,1807,1
year,1861,1
the,1804,1
wp,1871,1
watchos,1808,1
the,1891,1
the,1833,1
the,1475,4
year,1983,1
to,1850,1
the,1837,1
the,1776,2
the,1808,2
the,1770,1
the,1824,1
to,1848,1
the,1815,1
the,1816,1
to,1839,1
the,1788,1
the,1859,1
to,1699,1
the,1823,1
was,1817,1
the,1815,1
the,1716,1
to,1669,1
to,1799,1
to,1816,1
to,1911,1
the,1824,1
to,1852,1
the,1762,1
to,1853,1
user,2008,3
the,1832,1
to,1815,1
the,1814,1
water,1892,1
the,1832,1
the,1817,1
to,1647,2
to,1579,2
the,1811,1
to,1811,1
the,1813,1
the,1808,1
the,1857,1
the,1828,1
the,1805,1
that,1800,1
the,1822,1
the,1800,1
that,1848,1
was,1820,1
the,1835,1
the,1823,1
to,1834,2
the,1812,2
the,1800,1
to,1688,1
that,1695,1
the,1829,1
to,1807,1
the,1851,1
the,1867,1
the,1860,1
to,1907,1
the,1838,1
to,1751,1
the,1812,1
the,1812,1
to,1840,1
year,1702,2
the,1851,1
the,1819,1
was,1816,1
that,1816,1
the,1832,1
was,1805,1
to,1791,1
the,1808,1
zimnis,1910,3
vyvolil,2017,761
the,1808,1
the,1806,1
the,1821,1
the,1840,1
the,1805,1
to,1680,1
that,1767,1
the,1834,1
the,1857,1
the,1837,1
the,1835,1
the,1826,2
the,1816,1
was,1847,1
the,1832,1
the,1772,1
the,1796,1
the,1834,1
to,1742,1
user,1995,2
test,1831,1
the,1808,1
to,1789,1
was,1807,1
the,1820,1
the,1837,1
the,1845,2
year,1884,2
the,1861,1
the,1825,1
the,1812,1
the,1863,1
the,1817,1
the,1850,1
to,1814,1
year,1858,1
the,1812,1
that,1781,1
the,1806,1
the,1833,1
to,1900,1
the,1845,2
user,1970,3
the,1853,1
the,1800,1
the,1807,1
the,1820,1
to,1805,1
to,1852,1
the,1688,1
test,1823,1
the,1830,1
the,1812,1
to,1814,1
the,1771,1
that,1824,1
that,1806,1
the,1821,1
the,1827,1
wileyblackwell,2008,2
that,1815,1
to,1852,1
the,1819,1
to,1710,1
that,1829,1
the,1637,1
to,1871,1
the,1827,1
to,1819,1
the,1690,1
the,1822,1
the,1852,1
to,1826,1
to,1826,1
to,1815,1
to,1834,1
the,1816,1
the,1821,1
to,1857,1
the,1777,1
the,1781,1
the,1851,1
to,1708,1
the,1842,1
wp,2010,36
the,1822,1
the,1814,1
the,1840,1
the,1824,1
wp,2007,3
the,1866,1
the,1845,1
the,1809,1
the,1833,1
to,1809,1
to,1811,1
the,1884,1
user,1982,1
the,1813,1
the,1787,1
to,1792,1
that,1807,1
the,1856,1
wyden,1963,1
in,1707,1
to,1832,1
the,1854,1
that,1854,1
the,1817,1
year,1885,1
the,1832,1
thune,1620,1
the,1809,2
to,1832,1
to,1832,1
was,1776,1
the,1833,1
visarjaniya,1862,14
the,1831,1
the,1859,1
the,1834,1
the,1804,1
to,1800,1
to,1815,1
the,1788,1
wixom,1839,1
the,1800,2
test,2010,21
the,1820,1
to,1824,1
the,1850,1
the,1827,1
to,1802,3
the,1880,1
to,1836,1
the,1812,1
the,1811,1
to,1770,1
the,1780,1
the,1801,1
the,1860,1
the,1822,1
to,1742,1
tympan,1683,36
the,1813,1
the,1713,1
the,1856,1
to,1810,1
water,1850,2
the,1822,1
the,1803,1
the,1819,1
the,1810,1
was,1821,1
the,1778,1
the,1811,1
the,1826,1
the,1762,1
the,1884,1
the,1979,1
the,1644,1
to,1818,1
the,1809,1
was,1831,1
to,1908,1
to,1815,1
the,1861,1
to,1826,1
the,1825,1
the,1581,3
the,1874,3
the,1831,1
to,1800,1
the,1821,1
the,1819,1
the,1490,1
to,1890,1
the,1799,1
the,1867,1
the,1871,1
the,1819,1
the,1838,1
to,1815,1
the,1840,1
wnijdzie,2017,223
year,1867,1
to,1816,1
to,1824,2
the,1832,2
to,1815,1
the,1770,1
the,1875,1
was,1794,1
the,1798,1
the,1789,1
the,1802,1
to,1813,1
that,1669,1
the,1856,1
weight,1850,1
the,1804,1
the,1705,1
the,1812,1
the,1827,1
to,1800,1
the,1815,1
was,1817,1
the,1811,1
the,1812,1
the,2008,8
to,1755,1
the,1808,1
to,1800,1
the,1800,1
to,1811,1
the,1819,1
the,1834,1
water,1960,1
to,1816,1
the,1806,1
the,1835,1
was,1773,1
westlaw,1903,1
the,1820,1
to,1803,1
user,1995,1
the,1814,1
was,1840,1
the,1806,1
to,1839,1
the,1808,1
was,1881,1
the,1857,1
the,1852,1
to,1837,1
the,1813,1
the,1812,1
the,1821,1
the,1819,1
was,1809,1
to,1801,6
that,1832,1
to,1845,1
the,1811,1
the,1828,1
the,1807,1
the,1834,1
user,2003,1
to,1817,1
the,1818,1
that,1810,2
the,1850,1
year,1780,2
the,1803,1
the,1811,1
was,1854,1
the,1818,1
to,1832,1
to,1793,1
the,1806,1
the,1812,1
the,1852,1
to,1876,1
the,1825,1
to,1802,1
was,1825,2
to,1822,1
to,1813,2
the,1848,1
the,1841,1
that,1852,1
the,1825,1
tricare,1880,2
the,1808,1
the,1852,1
wp,2006,7
to,1824,1
tel,1801,1
the,1874,1
that,1821,1
the,1847,1
the,1829,1
the,1566,1
the,1776,1
valko,1878,1
to,1821,1
to,1866,1
the,1832,4
to,2006,1
water,1836,1
upround,1663,1
the,1842,1
to,1832,1
to,1849,1
the,1809,1
the,1854,1
the,1772,1
to,1854,2
the,1800,1
the,1823,1
user,1900,8
wp,2009,7
the,1614,1
the,1871,1
the,1804,1
the,1812,1
the,1777,1
the,1837,1
to,1838,2
the,1785,1
treaty,1886,1
user,1904,1
the,1824,1
the,1716,1
the,1812,1
to,1823,1
the,1824,1
the,1860,2
the,1854,1
warranteeism,1854,379
water,1755,1
the,1787,1
thingus,1801,511
the,1817,1
that,1733,1
the,1830,1
water,2005,4
the,1814,1
the,1852,1
underreamer,1832,3519
the,1846,1
to,1812,1
the,1812,1
the,1863,1
the,1825,1
the,1836,1
to,1849,1
the,1851,1
the,1845,1
year,1954,1
the,1850,1
was,1853,1
uranic,1773,581
the,1745,1
the,1813,1
the,1832,1
the,1800,1
to,1796,1
the,1470,46
to,1834,1
the,1608,1
to,1815,1
the,1826,1
the,1809,1
to,1813,1
the,1796,1
the,1811,1
the,1810,2
was,1857,1
the,1855,1
the,1834,1
test,1909,1
the,1810,1
to,1660,1
test,1701,1
the,1832,2
tydenis,1858,156
videocassettes,1975,1
the,1852,1
to,1850,1
was,1839,1
the,1832,2
the,1800,1
to,1897,1
to,1819,1
the,1867,1
to,1821,1
year,1850,1
the,1631,1
to,1816,2
the,1840,1
the,1807,1
to,1812,1
user,1995,6
the,1855,1
to,1806,1
to,1830,1
test,1947,1
the,1832,1
the,1797,1
the,1832,1
the,1472,1
was,1820,1
that,1792,1
the,1688,1
the,1834,1
the,1472,12
unitemized,1879,4
wp,2006,19
to,1806,1
the,1853,1
the,1821,1
the,1857,1
year,1832,1
to,1785,1
the,1834,1
the,1831,1
the,1795,1
the,1832,1
the,1853,1
to,1810,1
water,1956,1
the,1896,1
user,1988,2
the,1818,1
the,1693,1
user,2004,1
the,1827,1
the,1837,1
the,1840,1
to,1833,1
the,1698,1
user,2002,1
the,1825,1
the,1858,1
to,1840,1
user,1982,2
the,1820,1
that,1809,1
to,1828,1
to,1819,1
the,1850,1
wnijdzie,2017,84
the,1875,1
to,1803,1
the,1816,1
the,1812,1
the,1846,1
to,1816,1
to,1848,1
the,1811,1
to,1814,1
the,1825,1
to,1857,1
that,1813,1
the,1782,1
the,1823,1
the,1827,1
the,1665,1
test,2003,11
that,1715,1
the,1847,1
the,1790,1
that,1829,1
the,1791,1
to,1810,1
the,1813,1
the,1805,1
water,1801,1
water,2006,1
to,1852,1
the,1811,1
that,1857,1
the,1824,1
the,1835,1
the,1817,2
user,1989,1
the,1865,1
the,1807,1
the,1822,1
the,1820,1
to,1841,1
user,1983,8
the,1867,1
to,1848,1
to,1812,1
the,1803,1
the,1832,3
to,1852,1
the,1841,1
wm,1835,1
termscommonsofthe,2012,938
the,1815,1
the,1862,1
the,1826,1
the,1817,1
the,1735,1
to,1807,1
the,1821,1
the,1800,1
underreamer,1832,39
the,1852,1
the,1819,1
to,1833,1
the,1811,1
to,1805,1
uncrushed,1804,1
to,1823,1
to,1818,1
uranic,1773,21
the,1856,1
the,1820,1
was,1853,1
the,1783,1
the,1837,1
the,1808,1
that,1563,1
the,1851,1
the,1807,1
the,1808,1
the,1812,1
the,1833,1
test,2010,1
the,1822,1
the,1750,1
to,1731,1
the,1827,1
tricare,1751,1
the,1817,1
that,1587,1
was,1737,1
to,1809,1
test,1983,3
the,1857,1
the,1816,2
the,1851,1
the,1824,1
the,1842,1
the,1857,1
tydenis,1858,197
that,1823,1
the,1824,1
the,1854,1
to,1815,1
to,1819,1
the,1839,1
to,1829,1
was,1876,1
the,1851,1
the,1839,1
the,1810,1
the,1810,2
the,1770,1
the,1818,1
to,1803,1
the,1810,1
year,1836,1
weight,1819,3
year,1895,1
year,1850,1
the,1807,1
uleebalang,1906,20
to,1819,1
that,1806,1
valko,1906,1
that,1818,1
the,1819,1
the,1814,1
the,1801,2
was,1880,1
to,1839,1
the,1816,1
the,1824,1
wm,1585,1
the,1812,1
the,1807,1
the,1840,1
the,1884,1
the,1832,1
to,1815,1
to,1808,1
to,1692,1
the,1844,1
the,1846,1
the,1809,1
to,1913,1
the,1862,1
the,1827,1
videocassettes,1869,2
the,1797,1
the,1854,1
to,1812,1
to,1841,1
the,1802,1
the,1826,1
the,1811,1
to,1818,1
the,1834,1
was,1848,1
the,1855,1
weight,1856,1
to,1814,1
the,1832,1
that,1811,1
the,1854,1
the,1801,1
the,1823,1
weight,1883,1
was,1834,1
the,1827,1
the,1828,1
the,1806,1
tel,1481,1
the,1805,1
the,1871,1
water,1843,2
the,1831,1
to,1818,1
the,1859,1
to,1802,1
to,1834,2
the,1846,1
year,1999,1
the,1821,2
the,1816,1
the,1818,1
that,1795,1
that,1731,1
to,1815,1
to,1804,1
the,1806,1
that,1812,1
user,2011,31
the,1814,1
the,1809,1
the,1840,1
user,1990,1
the,1815,1
the,1824,1
water,1956,1
unlaureate,1860,509
was,1820,1
the,1832,4
the,1825,1
was,1817,1
the,1840,1
to,1815,1
the,1843,1
the,1766,1
the,1889,1
the,1797,1
that,1810,1
tredjelande,1971,3
the,1879,1
year,1880,1
the,1776,1
the,1770,1
the,1797,1
wellstone,1789,1
yardmaster,1501,48
to,1812,1
to,1803,1
the,1809,1
the,1812,1
to,1937,1
the,1853,1
user,1997,3
to,2002,4
user,1995,2
the,1830,1
the,1842,1
to,1824,1
to,1824,1
the,1807,1
the,1877,1
to,1803,1
to,1834,1
to,1579,1
user,1900,1
was,1786,1
to,1832,1
to,1579,1
the,1810,2
the,1868,1
to,1821,1
the,1811,1
the,1750,1
the,1810,2
tournay,1517,1
the,1858,1
that,1812,1
to,1814,1
water,1856,1
to,1787,1
water,1823,1
the,1798,1
the,1826,1
to,1821,1
the,1764,1
the,1823,1
to,1852,1
to,2007,3
the,1819,1
the,1859,1
test,1992,2
the,1814,1
the,1886,1
the,1820,1
was,1809,1
that,1812,1
the,1735,1
to,1808,1
the,1853,1
wp,2006,1
the,1812,1
territory,1828,1
that,1842,1
to,1835,1
test,1988,1
that,1690,1
the,1804,1
the,1828,1
the,1832,1
the,1845,1
the,1808,1
the,1821,1
the,1800,1
the,1884,1
the,1770,1
the,1847,1
the,1807,1
the,1869,2
that,1812,1
the,1828,1
to,1805,1
test,1475,3
the,1805,2
the,1745,1
the,1817,1
the,1881,1
the,1758,1
the,1854,1
to,1787,1
the,1858,1
uleebalangs,1906,704
to,1809,1
the,1804,1
the,1807,1
to,1809,1
themperours,1830,43
the,1793,1
the,1807,1
the,1805,1
the,1854,1
to,1809,2
the,1828,1
the,1806,1
that,1817,1
the,1840,1
to,1803,1
the,1806,1
the,1798,1
to,1811,1
the,1851,1
the,1814,1
was,1845,1
to,1834,1
the,1870,1
the,1842,1
to,1814,1
the,1819,1
to,1840,2
the,1806,1
that,1850,1
the,1819,1
the,1832,1
the,1846,1
year,1875,1
the,1800,1
the,1852,2
to,1800,1
the,1837,1
the,1825,1
to,1899,1
the,1847,1
the,1812,1
to,1665,1
to,1810,1
the,1702,1
year,1881,1
the,1675,1
the,1807,1
the,1851,1
to,1801,1
the,1833,1
transco,1821,1
to,1815,1
the,1837,1
test,1992,1
to,1812,1
the,1812,1
to,1817,1
the,1796,1
the,1805,1
to,1820,1
the,1834,1
user,1996,6
the,1821,1
the,1804,1
the,1811,1
the,1804,1
that,1820,1
wm,1685,1
the,1810,1
to,1835,1
the,1811,1
the,1873,1
that,1809,1
to,1847,1
the,1856,1
the,1835,1
the,1847,1
was,1816,2
was,1816,1
the,1840,1
the,1794,1
to,1809,1
the,1812,1
to,1811,1
to,1808,1
to,1812,1
the,1841,1
to,1854,1
the,1808,1
tel,1774,1
the,1829,1
to,1819,1
the,1791,1
was,1830,1
the,1814,1
the,1812,1
to,1813,1
the,1838,1
the,1810,1
to,1716,1
the,1777,1
the,1853,1
was,1816,1
to,1835,1
the,1866,1
user,1971,1
the,1821,1
the,1775,1
the,1872,2
was,1820,1
the,1881,1
the,1845,1
the,1832,1
year,1871,1
to,1805,1
the,1829,1
water,1811,1
the,1807,1
the,1843,1
to,1819,1
the,1547,1
the,1872,1
to,1815,1
the,1863,1
that,1690,1
weight,1825,1
the,1845,2
the,1792,1
the,1890,1
was,1809,1
the,1822,1
the,1855,1
the,1867,1
to,1842,1
user,1988,1
that,1678,1
underreamer,1832,2817
to,1851,1
the,1807,1
the,1828,1
the,1826,1
the,1884,1
the,1829,1
the,1834,1
was,1651,1
user,1996,1
that,1807,1
the,1891,1
was,1812,1
the,1838,1
the,1830,1
to,1803,1
the,1802,1
the,1843,1
the,1858,1
the,1834,1
the,1840,1
the,1795,1
the,1817,1
the,1822,1
the,1830,1
to,1803,1
the,1864,1
the,1849,1
to,1937,1
the,1871,1
the,1870,1
the,1812,1
to,1803,1
the,1820,1
test,1981,3
the,1811,1
the,1820,1
xinhua,1979,6
test,1989,9
to,1825,1
the,1820,1
that,1749,1
the,1828,1
the,1847,1
the,1827,2
the,1786,1
the,1813,2
the,1814,1
the,1810,1
the,1819,1
underreamer,1832,93
tel,1481,1
to,1816,1
the,1852,2
varayoq,1961,556
year,1847,1
the,1807,1
the,1813,2
to,2006,1
wp,2010,15
the,1866,1
the,1828,1
to,1820,1
the,1809,1
the,1832,1
tel,1816,1
to,1857,1
to,1708,1
the,1851,1
year,1817,1
the,1812,1
the,1802,1
that,1828,1
the,1817,1
the,1723,1
the,1831,1
the,1855,1
the,1812,1
the,1803,1
the,1818,1
the,1865,1
the,1781,1
to,1691,1
the,1777,1
the,1874,1
the,1807,1
year,1861,1
to,1834,1
to,1809,1
user,2000,6
is,1632,1
the,1875,3
the,1839,1
the,1801,1
to,1844,1
to,1806,1
test,1995,8
the,1818,1
to,1816,1
the,1820,1
the,1841,1
user,1742,1
the,1814,1
the,1787,1
the,1865,1
that,1813,1
to,1996,1
the,1837,1
the,1854,1
to,1780,1
the,1816,1
to,1770,1
to,1849,1
to,1807,1
the,1819,1
to,1905,1
was,1838,1
the,1846,1
wongai,1900,1
the,1834,13
the,1831,1
the,1831,1
the,1839,1
the,1831,1
wm,1500,1
that,1810,1
the,1832,1
the,1771,1
test,1985,1
the,1822,1
that,1828,1
the,1804,1
the,1843,1
was,1814,1
that,1854,1
the,1828,1
the,1816,1
the,1782,1
the,1842,1
the,1781,1
the,1822,1
year,1856,1
the,1831,1
to,1832,1
was,1830,1
the,1825,1
the,1812,1
the,1804,1
the,1821,1
the,1863,1
the,1765,1
the,1819,2
the,1840,1
that,1822,1
test,1823,1
was,1809,1
the,1831,1
the,1835,1
to,1702,1
to,1817,1
the,1795,1
the,1818,1
the,1818,1
the,1812,1
the,1802,1
that,1813,1
the,1842,1
test,1992,4
the,1826,1
the,1853,1
was,1819,1
the,1855,2
the,1835,1
user,1980,4
the,1793,1
the,1831,1
to,1820,1
the,1797,1
was,1869,2
the,1825,1
the,1831,1
the,1820,1
wp,1527,2
the,1812,1
the,1808,2
to,1990,3
test,2006,21
the,1813,1
to,1827,1
weol,1806,1
the,1802,1
vitter,1819,1
the,1819,1
the,1799,1
wixom,1586,1
to,1800,1
the,1855,1
the,1812,1
the,1850,1
the,1631,1
the,1903,1
the,1826,1
the,1892,1
the,1832,1
to,1815,1
the,1850,1
the,1827,1
the,1834,2
the,1868,1
that,1804,1
the,1844,2
the,1801,1
the,1810,1
the,1797,1
the,1854,1
the,1718,1
the,1848,1
the,1767,1
to,1851,2
the,1819,1
to,1806,1
the,1852,2
to,1858,1
to,1985,2
to,1563,1
the,1800,1
to,1816,1
the,1813,1
to,1806,1
the,1830,1
to,1699,1
user,2008,2
the,1903,2
the,1649,1
the,1821,1
the,1850,4
user,1900,2
to,1986,1
the,1854,1
that,1824,1
to,1811,1
the,1805,1
the,1808,1
to,1816,1
the,1916,1
user,1997,2
the,1812,2
the,1848,1
the,1851,1
the,1851,1
to,1799,1
that,1800,1
to,2006,12
the,1850,1
the,1765,1
the,1857,1
the,1803,1
the,1788,1
the,1736,1
to,1661,1
to,1856,1
i,1547,3
to,1821,1
to,1743,1
the,1868,1
was,1759,1
the,1835,1
the,1832,1
zayran,1989,1035
the,1811,1
the,1813,1
that,1715,1
to,1827,1
the,1794,1
year,1891,1
treaty,1553,1
the,1809,1
the,1787,1
the,1837,1
the,1808,1
the,1810,1
the,1809,1
the,1775,1
the,1824,1
to,1802,1
to,1804,1
to,1835,1
to,1808,1
the,1834,1
the,1728,1
to,1808,1
year,1478,1
the,1856,1
to,1832,1
the,1853,1
year,1848,1
test,1907,1
to,1631,1
the,1826,1
the,1807,1
was,1828,1
the,1832,2
the,1764,1
that,1829,1
to,1818,1
to,1900,1
water,1908,2
to,1817,1
the,1805,1
the,1842,1
that,1620,1
the,1842,1
to,1827,1
to,1817,1
the,1825,1
the,1847,1
the,1852,1
wp,2009,2
the,1803,1
the,1820,1
water,1992,1
the,1831,1
the,1818,1
to,1793,1
the,1842,2
the,1827,1
the,1825,1
the,1817,1
was,1830,1
thune,1602,2
the,1708,1
the,1849,1
the,1834,1
wyden,1962,1
that,1805,1
was,1824,1
to,1726,1
to,1827,1
water,1844,1
the,1809,1
the,1809,1
the,1811,1
to,1859,1
to,2006,1
the,1831,1
the,1811,1
to,1815,1
the,1806,1
the,1802,1
to,1916,1
was,1801,1
to,1857,1
user,1975,1
the,1841,1
to,1856,1
the,1689,1
to,1815,1
the,1802,1
the,1824,1
the,1852,1
the,1813,1
the,1813,1
the,1807,1
was,1889,1
to,1820,1
the,1870,1
to,1816,1
to,1816,1
to,1840,1
to,1805,1
year,1614,1
user,1995,4
the,1807,1
the,1800,1
the,1844,1
the,1836,1
the,1867,1
the,1830,1
the,1807,1
the,1813,1
to,1834,1
to,1808,1
the,1812,1
to,1839,1
the,1831,2
to,1800,1
the,1819,1
the,1844,1
to,1828,1
water,1803,1
to,1801,1
was,1866,1
user,1981,1
year,1614,1
the,1803,1
was,1806,1
the,1815,1
user,1971,1
water,1472,11
the,1860,2
that,1725,1
test,1958,1
information,1720,1
weight,1480,1
was,1801,1
the,1834,1
to,1667,1
the,1823,1
to,1825,1
to,1819,2
the,1890,1
the,1778,1
to,1828,1
the,1799,2
the,1803,1
year,1875,1
to,1813,1
the,1879,1
to,1821,1
water,1806,1
to,1807,1
was,1806,1
the,1862,1
the,1857,1
to,1636,1
water,1875,1
the,1811,1
the,1729,1
the,1837,1
the,1813,1
the,1777,1
the,1850,1
the,1855,1
to,1846,1
the,1813,1
the,1852,2
wixom,1586,1
to,1822,1
the,1822,1
was,1807,1
the,1816,1
to,1853,1
to,1832,1
the,1805,1
the,1806,1
the,1834,1
the,1821,1
the,1874,1
year,1848,1
to,1709,1
year,1902,1
the,1956,2
the,1833,1
to,1883,1
the,1802,1
the,1838,1
wp,2010,6
is,1641,1
the,1805,2
to,1716,1
the,1888,1
the,1862,1
the,1806,1
to,2000,1
to,1833,1
to,1834,1
to,1706,1
to,1863,1
to,1829,1
was,1810,1
the,1819,1
the,1814,1
to,1896,1
to,1866,1
the,1824,1
the,1832,1
the,1885,1
the,1823,1
the,1806,1
the,1842,1
the,1834,1
to,1826,1
the,1771,1
the,1723,1
the,1802,1
the,1812,1
the,1840,1
to,1844,1
that,1807,1
year,1829,1
was,1816,1
that,1809,1
to,1867,2
was,1802,1
the,1822,2
the,1826,2
to,1818,1
the,1806,1
that,1788,1
to,1824,2
the,1851,1
upround,1917,1
the,1810,1
user,1994,2
year,1871,1
that,1789,1
that,1802,1
user,1985,1
the,1847,1
wp,2006,1
to,1823,1
the,1873,1
the,1818,1
test,1995,22
the,1831,1
the,1815,1
the,1698,1
the,1821,1
year,1884,1
the,1800,1
the,1855,1
the,1835,1
user,1989,1
the,1851,1
the,1813,2
to,1812,1
was,1596,1
to,1812,2
the,1824,1
the,1787,1
was,1830,1
to,1830,1
the,1882,1
to,1848,2
the,1836,1
the,1810,1
the,1806,1
to,1813,1
to,1832,1
water,1907,2
to,1816,1
was,1772,1
the,1810,1
was,1477,1
to,1601,1
the,1832,1
the,1859,1
the,1850,1
the,1799,1
the,1814,1
the,1871,1
the,1815,1
the,1823,1
to,1831,1
user,1995,4
the,1805,1
the,1833,1
the,1807,1
yakus,1861,1
that,1793,1
the,1830,1
the,1810,1
user,1996,1
the,1804,1
the,1832,1
to,1803,1
the,1821,1
the,1737,1
to,1825,1
to,1789,1
vitter,1942,1
the,1810,1
the,1566,1
the,1824,1
the,1864,1
to,1520,1
the,2000,1
to,1794,1
to,1797,1
the,1561,1
the,1819,1
the,1812,1
the,1850,1
the,1832,1
year,1832,1
test,1992,6
treaty,1808,1
to,1812,1
the,1815,1
to,1749,1
the,1818,1
the,1879,2
the,1846,1
to,1820,1
the,1833,1
the,1851,1
the,1817,1
the,1869,1
the,1609,1
user,1995,2
that,1818,2
the,1817,1
the,1863,1
the,1833,1
wp,2006,1
was,1814,1
to,1827,1
the,1641,1
to,1827,1
to,1855,2
to,1808,1
to,1840,1
the,1832,2
to,1727,1
that,1812,1
the,1838,1
to,1715,1
water,1954,1
the,1855,1
the,1813,1
the,1851,1
the,1827,1
to,1822,1
to,1824,1
the,1819,1
test,2002,7
the,1822,1
the,1824,1
the,1833,1
the,1807,1
the,1850,1
the,1826,1
the,1823,1
to,1831,1
the,1837,1
to,1820,1
the,1832,1
the,1734,1
the,1809,1
to,1731,1
the,1804,1
to,1830,1
to,1715,1
to,1831,1
the,1803,1
the,1831,1
the,1869,1
the,1824,1
the,1744,1
the,1759,1
to,1856,1
the,1818,2
to,1814,1
to,1802,1
the,1801,1
the,1834,1
unlaureate,1860,507
to,1804,1
the,1753,1
the,1802,1
the,1852,1
the,1831,1
was,1781,1
the,1824,1
to,1831,1
the,1848,1
to,1812,1
the,1849,1
the,1845,1
to,1867,1
to,1822,1
the,1788,1
the,1820,1
the,1813,1
to,1807,1
to,1706,1
wm,1737,1
the,1823,1
user,2006,1
to,1991,2
the,1890,1
the,1853,1
year,1904,1
the,1826,1
the,1819,1
the,1778,1
to,1760,1
the,1755,1
the,1814,1
the,1822,1
to,1812,1
to,1823,1
the,1818,1
wp,2006,5
the,1806,1
the,1830,1
was,1792,1
the,1843,1
the,1825,1
the,1811,1
year,1831,1
to,1835,1
the,1830,1
the,1817,2
the,1811,1
the,1828,1
the,1870,2
the,1810,1
the,1686,1
the,1824,1
westlaw,1903,1
the,1810,1
the,1810,1
the,1819,1
user,1971,1
test,1853,1
the,1765,1
to,1765,1
the,1867,1
to,1865,1
to,1818,1
the,1832,1
to,1866,2
the,1843,1
the,1874,1
the,1814,1
that,1823,1
the,1860,1
to,1839,1
the,1812,1
the,1874,1
the,1820,1
the,1774,1
wp,1690,1
the,1802,1
to,1816,1
was,1845,1
the,1820,1
the,1846,1
the,1840,1
to,1808,1
the,1846,1
the,1829,1
was,1832,1
the,1787,1
the,1821,1
the,1851,1
the,1864,1
the,1825,1
to,1767,1
the,1818,1
the,1883,1
the,1601,1
the,1892,1
was,1805,1
the,1814,1
that,1823,1
the,1808,1
to,1784,1
the,1921,1
the,1867,1
user,1986,4
to,1834,1
that,1781,1
the,1825,1
the,1855,1
to,1806,1
transco,1821,1
to,1815,1
the,1806,1
the,1799,1
the,1867,1
the,1816,1
the,1878,1
the,1829,1
the,1831,1
the,1814,2
test,1900,1
to,1853,1
the,1820,1
treaty,1477,3
the,1834,2
the,1882,1
vitter,1721,1
the,1823,1
year,1999,1
to,1811,1
was,1827,1
to,1839,1
that,1745,1
the,1860,1
the,1813,1
to,1856,1
the,1805,1
the,1795,1
to,1908,1
to,1743,1
to,1829,1
water,1873,1
that,1795,1
to,1819,1
the,1832,1
to,1858,1
the,1805,1
the,1880,1
to,1820,1
to,1838,1
the,1800,1
the,1832,1
the,1801,1
user,2004,1
the,1829,1
that,1802,1
the,1807,1
the,1871,1
the,1846,1
to,1849,1
to,1753,1
the,1816,1
the,1826,4
the,1832,1
water,1836,1
the,1843,1
to,1804,1
the,1829,1
the,1886,1
to,1827,1
to,1850,1
the,1812,2
the,1802,1
the,1843,1
to,1814,1
the,1874,1
to,1852,1
the,1808,1
the,1809,1
was,1829,1
the,1826,1
thingus,1801,387
the,1832,1
the,1811,1
test,1993,1
the,1823,1
the,1826,1
year,1843,1
that,1832,1
the,1844,1
the,1823,1
the,1808,1
the,1834,1
the,1836,1
tredjelande,1971,3
the,1832,1
to,1836,1
the,2008,8
to,1812,1
the,1814,1
the,1815,1
to,1819,1
the,1843,1
the,1803,1
the,1860,1
to,1893,1
was,1786,1
the,1804,1
the,1822,1
user,1997,3
to,1808,1
the,1845,1
yillah,1830,1
that,1813,1
the,1844,1
the,1820,1
to,1891,1
year,1832,1
the,1823,1
user,2003,3
yardmaster,1501,2037
the,1819,1
to,1804,1
the,1796,1
to,1811,1
to,1715,1
the,1823,1
to,1803,1
to,1853,1
the,1815,1
the,1817,1
the,1842,1
the,1825,1
the,1854,1
that,1811,1
was,1856,1
to,1808,1
the,1751,1
the,1805,1
to,1827,1
the,1820,1
the,1851,1
was,1801,1
the,1815,1
to,1874,1
the,1816,1
the,1864,1
to,1808,1
the,1959,17
to,1830,1
the,1859,1
the,1819,1
the,1859,1
year,1904,1
the,1852,1
that,1821,1
the,1758,1
the,1855,2
the,1826,1
the,1830,1
to,1813,1
the,1838,1
was,1809,1
the,1789,1
year,1809,1
the,1832,1
the,1813,1
to,1859,2
was,1806,1
the,1820,1
the,1850,1
the,1812,1
the,1834,1
the,1834,1
to,1803,1
that,1800,1
was,1810,1
the,1811,1
the,1807,1
the,1819,1
xinhua,1962,1
the,1809,1
year,1839,2
to,1822,1
the,1820,1
the,1809,1
the,1862,1
the,1875,1
the,1820,1
the,1815,1
the,1778,1
the,1832,1
test,2005,1
the,1821,1
the,1829,1
to,1832,1
the,1834,1
the,1867,2
the,1834,1
the,1822,1
to,1854,1
the,1855,1
to,1790,1
unitemized,1805,1
the,1819,1
to,1829,1
to,1815,1
to,1828,1
the,1809,1
the,1824,2
the,1831,1
year,1908,3
the,1808,1
the,1645,1
that,1842,1
to,1853,2
the,1807,1
was,1699,1
the,1726,1
the,1779,1
weight,1850,1
the,1900,1
the,1832,1
the,1842,1
was,1472,281
the,1815,1
water,1847,1
was,1759,1
was,1820,1
the,1804,1
the,1810,1
the,1775,1
the,1867,1
the,1816,1
the,1780,1
to,1845,1
the,1818,1
year,1771,1
the,1819,1
to,1805,1
tympan,1683,36
to,1830,1
to,1813,1
the,1921,1
test,1995,1
the,1834,1
the,1804,1
the,1853,1
to,1834,2
the,1834,1
usamhi,1981,505
was,1847,1
the,1719,1
to,1799,1
the,1761,1
the,1858,1
to,1813,1
the,1813,1
that,1834,1
the,1854,1
the,1801,1
the,1816,1
user,1870,1
the,1800,1
user,1783,1
the,1826,1
the,1807,1
was,1834,1
the,1796,1
warranteeism,1854,371
teungku,1906,167
to,1688,1
the,1850,2
to,1797,1
wp,1757,1
to,1815,1
to,1810,1
the,1808,1
the,1783,1
the,1819,1
the,1824,1
to,1830,1
the,1861,1
the,1834,1
to,1820,1
the,1819,1
the,1867,1
wm,1657,1
to,1666,1
the,1881,1
toolco,1874,1
the,1825,1
the,1831,1
year,1832,1
the,1843,1
to,1855,1
to,1820,1
the,1830,1
the,1748,1
vyvolil,2017,660
the,1796,1
the,1861,1
the,1853,1
to,1807,1
the,1866,1
the,1810,1
the,1778,1
to,1804,1
that,1832,1
the,1813,1
the,1851,1
the,1805,1
the,1869,1
the,1863,1
was,1787,1
was,1850,1
to,1832,1
to,1862,1
to,1806,1
to,1979,1
wm,1620,1
the,1832,1
the,1832,1
wp,2006,1
the,1814,1
the,1845,1
the,1877,1
to,1822,1
the,1741,1
to,1872,1
to,1801,1
to,1854,1
tryckt,1868,1
to,1861,1
that,1821,1
the,1808,1
the,1851,1
the,1826,1
the,1810,2
the,1811,1
to,1806,1
to,1812,1
the,1793,1
the,1775,1
to,1816,1
the,1800,1
the,1870,1
the,1815,1
that,1823,1
to,1836,1
the,1807,1
the,1819,1
the,1846,1
the,1820,1
the,1832,1
the,1823,1
the,1870,1
the,1850,3
test,1916,1
was,1832,1
tsarevich,1871,1387
unverbal,1854,1012
the,1834,1
the,1846,1
the,1770,1
to,1815,1
to,1810,1
the,1834,1
wp,1712,1
the,1828,1
to,1830,1
the,1827,1
the,1763,1
to,1787,1
the,1802,1
the,1800,1
the,1895,1
the,1851,1
the,1791,1
the,1824,1
to,1802,4
the,1807,1
the,1793,1
the,1816,1
that,1793,1
the,1809,1
the,1837,1
weight,1795,1
user,1991,3
to,1843,1
the,1808,1
was,1816,1
to,1816,1
the,1834,1
to,1855,1
the,1809,1
the,1812,1
the,1877,1
the,1854,1
the,1869,1
the,1832,1
the,1823,1
was,1801,1
the,1853,1
the,1807,1
the,1825,1
the,1795,1
the,1816,1
the,1825,1
the,1825,1
the,1786,1
the,1741,1
to,1943,1
to,1769,1
the,1888,1
the,1865,2
the,1641,1
the,1866,1
weight,1480,1
to,1812,2
to,1700,1
tidsskriftartikler,1955,4
to,1812,1
to,1839,1
was,1812,2
to,1816,1
the,1881,1
the,1819,1
the,1869,1
test,1984,3
the,1811,1
the,1808,1
the,1853,1
to,1833,1
thune,1594,1
user,1995,14
that,1817,1
to,1829,2
the,1864,1
the,1802,1
to,1773,1
test,2010,2
the,1720,1
the,1853,1
the,1809,1
to,1834,1
was,1802,1
the,1822,1
the,1832,1
user,1986,6
the,1821,1
the,1808,1
the,1811,1
the,1878,1
the,1821,1
the,1812,1
the,1849,1
the,1875,1
tsarevich,1871,30
to,1803,1
the,1820,1
the,1810,1
to,1824,1
the,1862,1
the,1855,2
the,1825,1
was,1818,1
was,1815,1
to,1824,1
the,1826,1
the,1852,2
the,1732,1
that,1667,1
user,1968,8
to,1860,1
to,1801,1
the,1814,1
the,1825,1
year,2016,1
the,1849,1
to,1810,1
the,1846,2
the,1852,1
the,1824,1
user,1968,4
to,1866,1
the,1833,1
that,1817,1
that,1634,1
the,1863,1
tel,1793,1
the,1769,1
the,1838,1
to,1832,2
test,1938,1
to,1811,1
water,1807,1
the,1887,1
to,1819,1
the,1802,1
the,1819,1
the,1810,1
to,1790,1
the,1823,1
was,1804,1
to,1825,1
the,1817,1
the,1880,1
the,1810,1
twentifold,1818,4
the,1838,1
that,1810,1
the,1748,1
to,1848,1
to,1751,1
user,1900,2
to,1805,1
the,1869,1
that,1817,1
the,1719,1
user,1995,10
that,1835,1
wongai,1900,1
wp,2006,19
the,1777,1
the,1851,1
the,1707,1
that,1817,1
to,1815,1
the,1835,1
the,1892,1
the,1860,1
the,1800,1
to,1821,1
the,1817,1
the,1800,1
the,1813,1
to,1811,1
that,1871,1
the,1816,1
the,1806,1
to,1811,1
tyope,1826,4
year,1818,1
the,1809,1
the,1830,1
to,1832,1
the,1814,1
the,1796,1
was,1832,1
to,1868,1
was,1735,1
the,1836,2
the,1866,2
the,1825,1
the,1839,1
that,1836,1
user,1999,5
to,1853,1
the,1614,1
the,1708,1
the,1823,1
the,1849,1
to,1808,1
to,1832,4
to,1877,1
the,1811,2
wp,1481,1
the,1822,1
the,1781,1
the,1631,1
to,1860,1
the,1825,1
to,1636,1
the,1793,2
the,1813,1
the,1835,1
the,1811,1
unops,1802,1
the,1820,1
the,1894,1
the,1807,1
that,1819,1
the,1827,1
the,1816,1
the,1852,1
that,1815,1
user,1987,2
the,1801,1
the,1864,1
that,1801,1
the,1823,1
that,1806,1
the,1882,1
the,1819,1
the,1807,1
to,1852,1
the,1820,1
to,1691,1
to,1816,1
to,1841,1
the,1835,1
the,1708,1
the,1804,2
to,1788,1
the,1825,1
the,1815,1
that,1804,1
to,1805,1
to,1852,1
the,1851,1
the,1861,1
to,1803,1
the,1816,1
to,1791,1
the,1816,1
to,1831,1
the,1880,1
to,1801,1
to,1832,1
user,1990,2
to,1856,1
the,1847,1
the,1797,1
the,1830,1
the,1868,1
the,1834,1
the,1735,1
the,1870,2
that,1832,1
the,1813,2
to,1860,1
to,1823,1
the,1808,1
to,1847,1
to,1824,1
the,1832,1
to,1876,1
the,1813,1
to,1828,1
the,1844,1
that,1742,1
the,1822,1
the,1805,1
to,1795,1
to,1823,1
to,1806,1
the,1805,1
the,1856,1
to,1807,1
the,1814,1
the,1838,1
the,1793,1
was,1789,1
to,1780,1
was,1810,1
the,1810,1
test,1854,2
to,1827,1
to,2006,22
the,1825,1
the,1803,1
the,1811,1
was,1768,1
water,1870,2
was,1837,1
was,1851,1
the,1873,1
the,1848,1
the,1853,1
that,1851,2
the,1832,1
that,1805,1
the,1806,1
to,1841,1
the,1805,1
to,1805,1
to,1712,1
the,1827,1
the,1787,1
to,1804,1
the,1852,1
the,1814,1
the,1813,1
to,1841,1
the,1831,1
the,1822,1
year,1870,1
the,1809,1
the,1830,2
the,1729,1
the,1814,1
to,1820,1
user,1994,15
the,1801,2
the,1625,1
the,1501,1
to,1843,1
the,1825,1
to,1769,1
the,1787,1
the,1805,1
the,1805,1
was,1826,1
the,1832,2
the,1821,2
that,1846,1
the,1866,1
thune,1594,1
wongai,1896,1
to,1804,1
the,1833,1
the,1821,1
the,1851,1
the,1811,1
the,1804,1
year,1827,1
to,1995,2
the,1823,1
the,1802,1
was,1859,1
to,1810,1
that,1849,1
the,1807,1
to,1907,2
that,1721,1
to,1812,1
the,1832,1
water,1803,1
the,1809,1
the,1810,1
was,1810,1
the,1810,1
the,1819,1
wm,1776,1
the,1871,1
was,1737,1
the,1830,1
the,1816,1
the,1771,1
to,1831,1
the,1811,1
the,1805,1
to,1849,1
the,1815,1
wp,2006,5
test,1821,1
thune,1602,3
the,1807,1
to,1825,1
to,1841,1
the,1812,1
the,1796,1
to,1803,2
weight,1873,1
the,1854,1
wellstone,1991,9
the,1822,1
to,1855,1
the,1894,1
the,1812,1
the,1804,1
to,1810,1
the,1816,1
the,1772,1
the,1845,1
the,1808,1
ugruk,1902,1
the,1850,1
that,1829,1
water,1870,1
to,1665,1
the,1843,1
the,1828,1
the,1831,1
wm,1501,1
the,1848,1
the,1816,1
the,1810,1
uranic,1856,1
to,1806,1
the,1812,1
to,1832,1
the,1864,1
to,1908,1
the,1807,1
the,1805,1
the,1829,2
the,1815,1
the,1809,1
the,1851,1
the,1786,1
that,1730,1
the,1828,1
the,1835,1
tsarevich,1871,1
the,1821,1
to,1812,1
to,1807,2
the,1840,1
that,1707,1
the,1825,1
year,1848,1
the,1812,1
the,1831,1
the,1830,1
user,1872,1
the,1812,1
the,1852,1
the,1855,2
that,1760,1
to,1985,3
uscg,1945,1
the,1812,1
the,1853,1
to,1833,1
to,1837,1
that,1843,1
the,1820,1
the,1877,1
the,1851,1
the,1817,1
the,1698,1
the,1775,1
the,1743,1
to,1812,1
to,1824,1
to,1809,1
to,1823,1
to,1834,1
to,1810,1
to,1838,1
the,1867,1
the,1808,1
was,1801,1
the,1713,1
the,1821,1
the,1821,1
weol,1661,1
to,1706,1
to,1837,1
the,1867,1
ugruk,1947,4
test,1985,1
water,1992,1
the,1816,1
the,1773,1
the,1702,1
the,1806,1
the,1857,1
the,1817,1
the,1812,1
to,1801,1
the,1878,1
to,1815,1
was,1472,281
to,1867,1
the,1823,1
that,1768,1
the,1818,1
the,1816,1
user,1994,1
the,1841,1
the,1816,1
the,1809,1
was,1809,1
weight,1883,1
the,1834,1
the,1824,1
the,1826,2
the,1860,1
the,1812,2
the,1886,1
to,1805,1
to,1802,1
uscg,1884,2
the,1858,1
the,1799,1
the,1823,1
the,1831,1
the,1854,1
the,1814,1
the,1807,1
the,1753,1
to,1852,1
water,2001,1
the,1827,1
the,1823,1
the,1771,1
tydenis,1858,683
the,1862,1
to,1843,1
was,1816,1
the,1851,1
the,1808,1
the,1815,1
the,1761,1
the,1864,1
the,1828,1
the,1851,1
the,1801,1
the,1851,1
the,1816,1
to,1858,1
the,1807,1
uleebalangs,1906,716
the,1787,1
the,1810,1
the,1819,1
year,1771,1
to,1734,1
to,1812,2
the,1814,1
user,1984,1
the,1850,1
the,1837,1
the,1814,1
to,1855,1
the,1848,1
westlaw,1950,2
the,1829,2
the,1881,1
year,2016,1
user,1900,6
was,1856,1
the,1813,1
to,1847,1
the,1809,1
the,1854,1
the,1821,1
that,1787,1
the,1823,1
the,1816,1
that,1897,1
information,1720,1
to,1774,1
the,1809,1
was,1809,1
the,1832,1
test,1972,1
wp,2010,33
year,1831,1
the,1837,1
to,1823,1
that,1814,1
wstawszy,2003,2
to,1808,1
test,1992,4
the,1822,1
the,1826,2
the,1817,1
to,1855,2
the,1881,1
to,1815,1
the,1816,1
the,1797,1
user,2003,1
the,1783,1
the,1809,1
the,1833,1
the,1891,1
the,1760,1
to,1823,1
the,1819,1
to,1827,1
the,1801,1
test,1977,1
the,1814,1
to,1821,1
the,1841,1
the,1808,1
the,1810,1
the,1801,1
the,1843,1
to,1828,1
the,1808,1
water,1814,1
the,1800,1
test,1831,1
the,1866,2
the,1834,1
the,1883,1
to,1839,1
to,1807,1
to,1805,1
the,1725,1
to,1807,1
the,1829,1
the,1802,1
the,1776,1
yardmasters,1501,995
the,1828,1
the,1761,1
to,1815,1
the,1808,1
was,1824,1
the,1832,1
to,1852,1
user,2000,15
the,1767,1
the,1820,1
the,1824,1
the,1808,1
user,1994,1
that,1818,1
the,1841,1
the,1832,4
to,1825,1
the,1807,1
that,1855,1
to,1831,1
test,1972,1
the,1718,1
to,1745,1
the,1804,2
that,1832,1
the,1816,1
the,1688,1
the,1801,1
the,1849,1
the,1765,1
to,1872,2
the,1864,1
to,1784,1
the,1824,1
the,1820,1
the,1837,1
the,1816,1
the,1815,1
to,1818,1
the,1848,1
the,1833,1
the,1805,1
that,1784,1
the,1845,1
that,1817,1
the,1834,1
water,1797,1
to,1818,2
to,1830,1
the,1787,1
that,1775,1
to,1755,1
the,1832,1
the,1880,1
the,1816,1
user,1991,1
to,1843,1
the,1832,2
to,1806,1
the,1803,1
the,1840,1
to,1795,1
that,1702,1
the,1849,1
to,1806,1
to,1814,1
the,1806,1
the,1812,1
the,1826,2
the,1830,1
to,1817,1
to,1805,1
the,1814,1
to,1803,1
the,1841,1
tharlarion,2011,71
the,1890,1
user,1995,1
the,1800,1
to,1802,1
to,1805,1
the,1726,1
the,1810,1
the,1829,1
year,1817,1
to,1772,1
the,1793,1
the,1808,1
was,1758,1
the,1851,1
the,1823,1
to,1830,1
the,1805,1
the,1867,1
was,1820,1
to,1815,1
to,1819,2
to,1773,2
the,1712,1
territory,1895,1
water,1814,1
to,1824,1
the,1816,1
the,1819,1
the,1827,1
the,1835,1
the,1854,1
the,1893,1
the,1860,1
to,1849,1
the,1810,1
the,1786,1
the,1814,1
was,1803,1
the,1829,1
the,1810,1
user,2011,28
to,1520,1
the,1801,1
the,1839,1
westlaw,1949,1
that,1813,1
the,1810,1
wp,1870,1
that,1793,1
the,1829,1
the,1836,1
to,1802,1
water,1818,1
the,1803,1
the,1821,1
was,1921,1
year,1829,1
the,1846,1
the,1747,1
the,1852,1
the,1898,1
the,1856,1
that,1810,1
the,1878,1
the,1824,1
the,1807,1
that,1718,1
was,1750,1
the,1812,1
the,1834,1
territory,1848,1
the,1812,1
the,1834,1
the,1847,1
year,1857,1
the,1808,1
the,1795,1
the,1859,1
the,1824,1
the,1819,1
the,1841,1
the,1803,1
was,1779,1
the,1888,1
the,1815,1
was,1808,1
the,1815,1
to,1814,1
was,1477,1
that,1816,1
to,1802,1
the,1827,1
to,1763,1
territory,1472,1
visarjaniya,1862,583
the,1840,1
ugruk,1945,1
the,1827,1
the,1803,1
test,1993,3
wyden,1674,1
the,1819,1
the,1796,1
to,1824,1
the,1771,1
the,1803,1
the,1804,1
to,1812,1
to,1785,1
the,1846,1
was,1820,1
treaty,1477,3
the,1843,1
to,1780,1
to,1803,1
the,1813,1
the,1809,1
the,1800,1
to,1693,1
was,1793,1
was,1830,1
was,1817,1
to,1808,1
to,1814,1
that,1818,1
to,1844,1
to,1824,1
to,1816,1
the,1833,1
the,1811,1
the,1561,1
the,1862,1
the,1816,2
the,1815,1
to,1795,1
the,1859,1
the,1800,1
the,1880,1
the,1830,1
the,1835,1
to,1824,1
the,1817,1
the,1808,1
the,1848,1
to,1911,1
year,1884,1
the,1807,1
the,1865,1
the,1789,1
the,1809,1
the,1847,1
the,1812,1
the,1840,1
the,1836,1
that,1821,1
weight,1795,1
waswaswaswaswas,2000,7
the,1795,1
the,1826,1
to,1809,1
the,1762,1
the,1777,1
the,1813,1
the,1816,1
to,1851,1
to,1854,1
the,1848,1
the,1827,1
was,1841,1
the,1846,1
to,1805,1
the,1708,1
to,1847,1
the,1818,1
to,1820,1
to,1754,1
year,1813,1
to,1808,1
the,1863,1
the,1830,1
to,1803,1
the,1855,1
year,1831,1
the,1959,15
the,1834,1
to,1922,1
the,1823,1
the,1875,1
that,1778,1
the,1887,1
the,1880,1
the,1765,1
the,1808,1
the,1601,1
the,1693,1
the,1796,1
the,1795,1
the,1845,1
to,1840,1
the,1857,1
to,1816,1
was,1807,1
the,1802,1
the,1823,1
to,1794,1
to,1837,1
the,1812,1
the,1859,1
the,1848,1
the,1833,1
the,1842,1
the,1811,1
that,1638,1
the,1807,1
the,1823,1
water,1820,1
the,1811,1
to,1850,1
to,1866,1
the,1865,1
the,1844,1
the,1832,1
to,1809,1
themperours,1724,1
that,1829,2
to,1830,1
the,1855,1
to,1825,1
that,1783,1
to,1772,1
the,1826,1
that,1819,1
to,1470,14
the,1772,1
the,1820,1
to,1808,1
the,1848,1
to,1803,1
the,1818,1
the,1866,1
the,1795,1
the,1814,1
year,1884,2
wxur,1957,2
was,1816,1
weight,1873,1
the,1827,1
the,1821,1
videocassettes,1934,4
the,1856,1
the,1801,1
the,1825,1
user,1862,2
the,1803,1
the,1815,1
the,1797,1
to,1836,1
the,1826,1
that,1764,1
the,1835,1
to,1995,1
that,1825,1
user,1999,2
the,1845,1
user,1997,2
the,1622,2
the,1828,1
to,1856,1
to,1763,1
the,1694,1
to,1876,1
the,1815,1
to,1845,1
unverbal,1854,973
wp,2007,3
whitefire,1845,8
the,1838,1
to,1806,1
water,1848,1
the,1821,1
wm,1656,1
the,1828,1
the,1866,2
to,1855,1
that,1837,1
weight,1500,2
uleebalang,1906,1054
the,1832,1
the,1813,1
the,1829,1
the,1819,1
to,1808,1
the,1832,1
to,1759,1
user,2000,4
the,1837,1
the,1801,1
user,1997,4
to,1699,1
the,1824,1
the,1812,1
year,1848,1
the,1767,1
the,1797,1
that,1857,1
year,1817,1
that,1823,1
to,1822,1
the,1830,1
was,1804,1
the,1833,1
to,1910,1
the,1800,1
water,1876,1
that,1501,2
the,1836,1
user,1472,18
the,1806,1
to,1850,1
that,1808,1
the,1850,1
to,1801,1
to,1669,1
the,1749,1
to,1852,1
the,1804,1
vitter,1906,104
the,1833,1
the,1832,1
water,1834,1
the,1808,1
to,1854,1
to,1802,2
the,1850,1
the,1789,1
the,1756,1
to,1808,1
the,1826,1
the,1804,1
the,1812,1
was,1798,1
to,1812,1
the,1834,1
to,1809,2
the,1809,1
was,1500,1
the,1838,1
the,1813,1
that,1787,1
to,1776,1
the,1860,1
the,1964,1
the,1812,1
the,1811,1
the,1805,1
the,1881,1
the,1850,1
the,1807,1
to,1816,1
the,1838,1
the,1810,1
the,1817,1
that,1783,1
to,1822,1
the,1741,1
to,1911,2
the,1830,1
vendice,1803,1
urlacher,1848,3
to,1813,1
the,1808,1
the,1881,2
to,1859,1
the,1816,1
the,1816,1
the,1858,1
the,1819,1
to,1909,1
the,1644,1
the,1818,1
to,1836,1
to,1811,1
the,1832,1
the,1874,1
to,1804,1
the,1774,1
was,1822,1
was,1816,1
the,1851,3
the,1821,1
wyden,1674,1
yardmaster,1501,16
the,1854,1
water,1834,1
the,1819,1
telsegram,1926,499
the,1826,2
the,1799,1
that,1809,2
to,1756,1
the,1810,2
that,1795,1
the,1826,1
the,1822,1
the,1809,1
the,1817,1
year,1829,1
the,1819,1
to,1855,1
that,1820,1
to,1835,1
the,1851,1
that,1850,1
that,1810,1
the,1821,1
that,1766,1
to,1499,1
was,1810,1
vitter,1757,1
the,1848,1
to,1989,1
the,1808,1
the,1805,1
test,1867,1
that,1634,1
to,1817,1
year,1848,3
the,1806,1
the,1804,1
the,1823,1
to,1769,1
the,1813,1
vocimotor,1915,5
to,1472,2
the,1843,1
the,1814,1
the,1715,1
the,1793,1
the,1823,1
the,1816,1
was,1643,1
to,1893,4
weight,1812,2
the,1803,1
was,1800,1
the,1815,1
to,1813,1
the,1823,1
to,1818,1
the,1802,1
the,1819,1
the,1860,1
the,1833,1
the,1805,1
to,1853,1
water,2005,3
the,1804,1
the,1834,1
the,1815,1
to,1830,1
the,1601,1
voinovich,1874,1
the,1856,1
the,1831,1
was,1883,1
to,1716,1
the,1831,1
was,1810,1
the,1614,1
the,1838,1
the,1728,1
the,1839,1
the,1728,1
the,1815,1
the,1872,1
the,1837,1
the,1835,1
the,1844,1
the,1811,1
the,1830,1
the,1820,1
the,1823,1
the,1819,1
the,1826,1
the,1737,1
the,1800,1
user,1994,24
to,1816,2
the,1803,1
the,1855,2
the,1791,1
was,1820,1
to,1829,1
the,1797,1
the,1818,1
to,2006,1
the,1766,1
to,1709,1
to,1811,1
the,1835,1
to,1800,1
the,1854,1
the,1820,1
the,1992,1
the,1821,1
the,1827,1
whichpermitsunrestricteduse,2012,1165
to,1812,1
treaty,1802,1
to,1855,1
the,1824,1
whitefire,1690,1
the,1797,1
the,1815,1
the,1856,1
to,1848,1
the,1823,1
the,1883,1
the,1743,1
that,1799,1
user,2009,5
that,1826,1
to,1824,1
the,1832,1
that,1791,1
the,1836,1
the,1863,1
the,1854,1
that,1807,1
the,1822,1
the,1826,1
the,1816,1
the,1856,1
test,1874,1
the,1807,1
to,1833,1
to,1867,1
the,1850,4
themperours,1810,8
the,1823,1
the,1810,1
to,2007,3
to,1801,1
the,1824,1
user,1995,1
that,1714,1
the,1749,1
was,1831,1
was,1821,1
the,1827,1
the,1808,1
the,1728,1
uttereme,1954,205
the,1830,1
the,1856,1
the,1810,1
to,1793,1
to,1824,1
that,1806,1
the,1826,1
to,1883,3
the,1561,1
wp,2010,14
the,1807,1
the,1836,2
the,1720,1
the,1830,1
to,1820,2
to,1804,1
to,1811,1
user,1996,2
the,1809,1
the,1819,1
the,1691,1
to,1765,1
the,1799,1
wp,2009,7
the,1826,1
to,1831,1
the,1900,1
to,1801,1
the,1838,1
the,1809,1
to,1807,1
the,1851,1
to,1796,1
the,1813,1
the,1839,1
the,1805,1
the,1815,1
to,1908,1
the,1834,1
the,1808,1
to,1854,1
user,2001,1
was,1800,1
was,1794,1
the,1829,1
the,1788,1
to,1740,1
the,1809,1
to,1824,1
the,1808,1
the,1844,2
the,1830,1
the,1831,1
the,1965,1
the,1824,1
the,1869,1
the,1794,1
videocassettes,1967,1
the,1852,1
the,1810,1
the,1847,1
the,1866,1
to,1820,1
that,1851,1
the,1818,1
the,1852,1
the,1728,1
test,1988,2
the,1812,1
to,1737,1
the,1832,1
the,1840,1
to,1800,1
to,1814,1
to,1813,1
was,1813,1
to,1882,1
to,1819,1
year,1854,1
the,1835,1
the,1718,1
the,1844,1
that,1807,1
the,1807,1
the,1809,1
to,1829,1
the,1852,1
the,1581,3
the,1873,1
to,1714,1
the,1841,1
the,1817,1
that,1825,1
to,1826,1
to,1829,1
to,1818,1
the,1845,1
to,1813,1
the,1810,1
the,1843,1
that,1675,1
the,1806,1
the,1745,1
to,1820,1
that,1800,1
the,1806,2
the,1804,1
to,1867,1
that,1808,1
the,2006,11
year,1815,1
the,1808,1
the,1851,1
the,1823,1
the,1814,1
the,1828,1
the,1863,3
to,1472,7
wm,1539,1
the,1818,1
the,1814,1
to,1815,1
to,1811,1
the,1825,1
year,1863,1
the,1817,1
was,1643,1
the,1803,1
the,1793,1
the,1805,1
that,1717,1
the,1843,2
that,1802,1
to,1813,1
to,1833,1
the,1829,1
was,1834,1
the,1856,1
the,1831,1
the,1817,1
the,1846,1
to,1836,1
was,1831,1
the,1830,1
user,2006,8
that,1742,1
the,1828,1
the,1818,1
the,1846,1
the,1840,1
the,1838,1
the,1834,1
that,1832,1
to,1825,1
weight,1886,1
the,1810,1
to,1789,1
to,1844,1
tel,1793,1
the,1806,1
that,1808,1
the,1859,1
the,1845,1
user,1991,2
the,1864,1
was,1830,1
the,1813,1
the,1857,2
that,1760,1
the,1804,1
the,1825,1
water,2005,1
the,1795,1
the,1822,1
urhanized,1932,1
the,1827,1
the,1834,1
to,1809,1
that,1847,1
the,1768,1
the,1870,1
the,1844,1
was,1840,1
was,1832,1
to,1788,1
the,1831,1
the,1812,2
the,1815,1
the,1807,1
the,1872,1
user,1971,5
the,1812,1
to,1808,1
the,1813,1
the,1735,1
the,1796,1
the,1866,1
the,1811,1
the,1800,1
was,1809,1
was,1819,1
the,1854,3
the,1809,1
the,1770,1
to,1870,1
to,1809,1
to,1888,1
the,1763,1
was,1820,1
the,1812,1
was,1830,1
to,1815,1
the,1817,1
the,1791,1
the,1808,1
to,1849,1
the,1918,1
that,1750,1
test,1801,1
to,1812,1
wp,2010,12
the,1846,1
to,1841,1
the,1848,1
the,1824,1
was,1810,1
year,1859,1
the,1815,1
the,1815,1
that,1765,1
the,1855,1
the,1825,1
the,1829,2
user,1989,1
to,1811,1
the,1815,2
the,1821,1
the,1844,1
the,1992,1
tsarevich,1871,1
the,2009,8
the,1816,1
the,1825,1
water,1824,1
the,1815,1
to,1896,1
to,1878,1
the,1849,1
the,1812,1
to,1820,1
was,1808,1
that,1692,1
to,1828,1
to,1810,1
the,1809,1
to,1832,2
was,1803,1
the,1844,1
vwip,1814,1
vitter,1942,1
the,1797,1
to,1840,1
the,1561,1
the,1807,1
to,1470,14
the,1770,1
the,1796,1
the,1811,1
to,1812,1
to,1804,1
year,1501,2
the,1810,1
to,1807,1
the,1812,1
the,1780,1
that,1819,1
the,1856,2
the,1871,1
to,1820,1
was,1819,1
the,1810,1
the,1834,1
the,1855,1
water,1810,1
the,1816,2
the,1786,1
wm,1776,1
wp,1727,1
the,1819,1
the,1761,1
the,1803,1
test,1850,1
to,1812,1
the,1801,2
to,1834,1
the,1831,1
the,1815,1
the,1850,3
the,1813,1
i,1547,4
the,1813,1
the,1803,1
to,1810,2
the,1811,1
the,1814,1
the,1819,1
the,1852,1
the,1808,1
the,1771,1
the,1812,1
that,1800,1
the,1716,1
the,1844,1
user,2000,17
the,1898,1
to,1825,1
the,1788,1
to,1831,1
the,1845,1
the,1832,1
the,1793,1
wellstone,1917,1
to,1832,1
the,1812,2
the,1596,1
the,1836,1
to,1848,1
the,1809,1
to,1914,3
the,1892,1
the,1825,1
to,1823,1
the,1805,1
that,1851,1
the,1813,1
the,1825,1
the,1901,1
the,1817,1
the,1807,1
year,1871,1
the,1808,1
the,1808,1
to,1846,1
the,1846,1
the,2004,1
was,1726,1
user,1980,2
that,1836,1
that,1798,1
the,1801,1
to,1836,1
was,1853,1
the,1811,1
to,1818,1
the,1836,1
to,1765,1
the,1844,1
the,1832,2
the,1829,1
user,1990,7
to,1807,1
that,1692,1
the,1828,1
to,1806,1
the,1839,1
the,1846,1
the,1825,1
to,1923,1
to,1858,1
weight,1500,1
to,1849,1
weight,1804,1
to,1705,1
the,1834,1
to,1804,1
was,1851,1
the,1807,1
to,1895,1
the,1825,1
that,1638,1
the,1820,1
user,1997,1
the,1815,1
the,1799,1
to,1811,1
the,1749,1
test,1889,1
the,1853,1
the,1820,1
thune,1597,1
to,1802,1
the,1812,1
the,1797,1
the,1490,1
the,1812,1
the,1846,1
year,1891,1
the,1806,1
to,1816,1
the,1824,1
wp,2006,5
to,1843,1
the,1727,1
to,1830,1
the,1859,1
test,1984,4
to,1851,1
the,1911,1
the,1843,1
to,1814,1
the,1806,1
the,1829,1
the,1832,1
to,1860,1
to,1819,1
the,1810,1
the,1782,1
test,2014,8
to,1823,1
urlconnection,1998,7
to,1837,1
to,1807,1
the,1832,1
to,1864,1
to,1823,1
the,1809,1
the,1808,1
the,1898,1
the,1822,1
was,1829,1
termscommonsofthe,2012,938
the,1800,1
to,1810,1
the,1851,1
the,1824,1
year,1806,1
the,1773,1
was,1814,1
the,1822,1
the,1838,1
the,1846,1
the,1829,1
user,2004,2
was,1810,1
the,1825,1
visarjaniya,1862,70
the,1800,1
to,1802,1
the,1797,1
the,1788,1
the,1829,1
to,1867,1
the,1809,1
the,1859,1
was,1852,1
the,1793,1
the,1808,1
the,1863,1
the,1850,1
to,1864,1
wp,2010,48
the,1812,1
uttereme,1954,522
the,1931,1
the,1755,1
the,1832,1
the,1827,1
the,1819,1
user,1995,2
the,1844,1
the,1856,2
the,1800,1
the,1807,1
the,1811,1
to,1818,1
the,1826,1
to,1817,1
the,1866,1
that,1715,1
the,1826,1
the,1801,1
the,1837,1
the,1908,1
the,1808,1
water,1892,1
the,1822,1
to,1818,1
that,1472,1058
to,1687,1
the,1837,1
water,1913,1
the,1855,1
the,1869,1
to,1844,1
the,1806,1
to,1821,1
user,1986,1
the,1813,1
to,1791,1
the,1803,1
the,1832,1
the,1870,1
that,1782,1
the,1834,1
was,1804,1
the,1802,1
was,1830,1
the,1850,1
to,1795,1
the,1853,1
the,1808,1
the,1869,1
test,1984,1
that,1800,1
the,1823,1
the,1823,1
the,1665,1
the,1812,1
the,1892,1
water,1586,1
the,1833,1
the,1853,1
to,1857,1
to,1853,1
the,1808,1
was,1817,1
the,1801,1
the,1837,1
wileyblackwell,2008,1
to,1809,1
the,1774,1
the,1824,1
to,1809,1
the,1844,1
the,1808,1
that,1809,1
to,1827,1
to,1743,1
the,1757,1
to,1805,1
the,1829,1
user,1900,4
to,1810,1
the,1811,1
the,1883,1
the,1829,1
the,1816,1
the,1810,1
the,1815,1
vendice,1777,3
the,1858,1
to,1820,1
the,1736,1
the,1919,1
the,1829,1
to,1688,1
the,1737,1
the,1854,1
to,1839,1
to,1815,2
the,1834,1
the,1832,1
that,1999,1
to,1832,1
the,1688,1
the,1812,1
the,1780,1
user,1997,5
that,1683,1
the,1802,1
the,1901,1
to,1818,1
the,1829,1
the,1908,1
the,1825,1
the,1853,1
to,1819,1
the,1800,1
to,1858,2
was,1858,2
the,2009,18
the,1812,1
the,1875,2
the,1819,1
to,1815,1
the,1821,1
the,1817,1
that,1869,1
the,1813,1
the,1845,1
the,1824,1
the,1765,1
the,2007,1
to,1816,1
the,1823,1
the,1829,1
the,1812,1
the,1827,1
to,1845,1
the,1815,1
westlaw,1967,2
the,1854,1
the,1805,1
water,1472,19
the,1850,1
the,1866,1
the,1800,1
the,1817,2
the,1832,1
the,1801,1
to,1805,1
the,1825,1
to,1816,1
the,1807,1
that,1725,1
the,1841,1
the,1819,1
the,1808,1
the,1881,1
the,1834,1
wyden,1963,1
underreamers,1832,781
the,1873,1
the,1707,1
to,1985,3
to,1832,1
the,1842,1
the,1814,1
the,1806,1
the,1771,1
to,1814,1
territory,1828,1
to,1908,1
the,1711,1
the,1765,1
to,1812,1
water,1472,1606
test,1988,1
the,1814,1
the,1812,1
the,1816,1
the,1836,1
to,1823,1
was,1802,1
the,1836,1
the,1692,1
was,1671,1
the,1688,2
the,1803,1
the,1815,1
was,1834,2
the,1812,1
the,1825,1
the,1815,1
the,1801,1
to,1834,1
the,1852,1
the,1831,1
the,1823,1
that,1702,1
to,1803,1
the,1789,1
the,1833,1
year,1906,1
the,1819,1
the,1815,1
to,1813,1
the,1818,1
the,1900,2
test,1981,3
the,1857,1
the,1855,1
was,1742,1
the,1802,1
the,1849,1
to,1805,1
the,1824,1
the,1821,2
the,1815,1
the,1876,1
the,1832,1
the,1812,1
to,1812,1
to,1805,1
to,1810,1
the,1810,1
the,1800,1
the,1889,1
the,1675,1
to,1802,1
the,1700,1
that,1759,1
to,1823,1
to,1811,1
the,1825,1
the,1748,1
the,1816,1
the,1859,1
to,1809,1
the,1824,1
was,1824,1
the,1814,1
the,1829,1
the,1902,4
the,1845,2
that,1827,1
the,1891,1
was,1854,1
the,1814,1
the,1888,1
the,1851,1
that,1808,1
weight,1855,1
was,1947,1
the,1762,1
to,1829,1
was,1827,1
to,1824,1
that,1809,1
i,1803,1
the,1820,1
the,1816,1
the,1808,1
to,1852,1
the,1804,1
the,1777,1
user,2002,1
the,1817,1
the,1817,1
test,1947,1
the,1811,1
the,1807,1
the,1793,1
the,1722,1
to,1816,1
the,1817,1
was,1809,1
to,1997,6
to,1817,1
that,1817,1
to,1852,1
wm,1991,1
user,1991,6
the,1850,1
to,1758,1
to,1850,1
the,1819,1
to,1839,1
to,1815,1
to,1813,1
the,1840,1
the,1717,1
the,1840,1
the,1806,1
the,1783,1
the,1823,1
the,1899,1
to,1799,1
the,1822,1
the,1933,1
the,1833,1
that,1832,1
uscg,1945,1
the,1825,1
the,1824,1
to,1734,1
waswaswaswaswas,2000,7
to,1817,1
to,1817,1
tryckt,1728,1
the,1798,1
the,1916,1
weight,1500,19
to,1894,1
the,1596,1
the,1810,1
that,1814,1
the,1834,1
treaty,1972,1
was,1800,1
to,1814,1
wiktorski,1957,15
the,1787,1
the,1823,1
the,1870,1
was,1822,1
was,1816,1
to,1884,1
uncrushed,1508,1
the,1783,1
the,1859,1
to,1831,1
the,1859,1
the,1845,1
the,1853,1
the,1833,1
the,1850,1
to,1725,1
urfc,1734,1
the,1806,1
to,1825,1
that,1782,1
the,1851,1
user,1900,1
to,1811,1
the,1816,1
water,1954,1
the,1812,1
the,1811,1
the,1818,1
the,1795,1
the,1820,1
the,1832,1
the,1833,1
the,1813,1
the,1864,1
the,1802,1
to,1832,2
the,1805,1
to,1810,1
the,1835,1
test,1900,1
the,1822,1
the,1822,1
that,1809,1
to,1858,1
the,1817,1
the,1861,1
the,1795,1
the,1782,1
the,1823,1
was,1850,1
the,1811,1
the,1830,1
that,1820,1
the,1809,1
the,1814,1
to,1711,1
to,1902,1
thousandacres,1629,1
the,1817,1
the,1805,1
to,1809,1
user,1887,1
the,1806,1
the,1792,1
the,1817,1
was,1762,1
to,1697,1
the,1832,1
to,1808,1
the,1815,1
to,1699,1
the,1874,1
to,1826,1
the,1776,1
the,1810,1
the,1763,1
to,1837,1
to,1654,1
the,1808,1
to,1851,1
the,1804,1
the,1806,1
the,1816,1
that,1774,2
that,1797,1
to,1870,2
the,1852,1
the,1854,1
the,1825,1
to,1817,1
to,1846,1
the,1803,1
that,1815,2
the,1818,1
videocassettes,1977,993
wstawszy,2002,3
the,1813,1
wp,2013,7
the,1808,1
the,1812,1
watchos,2015,702
the,1806,1
the,1804,1
the,1824,1
to,1812,1
to,1818,1
the,1802,1
to,1810,2
to,1821,1
to,1922,1
the,1827,1
the,1791,1
user,1995,15
the,1805,1
the,1808,1
the,1852,1
to,1817,1
user,1985,1
that,1741,1
the,1787,1
the,1743,1
the,1801,1
that,1814,1
to,1815,1
the,1819,1
the,1804,1
water,1811,1
the,1853,1
the,1830,1
the,1849,1
the,1826,1
that,1775,1
the,1817,1
the,1808,1
the,1815,1
the,1825,1
to,1819,1
the,1808,1
to,1832,1
that,1801,1
the,1814,1
the,1818,1
the,1833,1
the,1795,1
the,1825,1
was,1819,1
the,1812,1
the,1810,1
to,1812,1
to,1810,1
the,1832,1
to,1813,1
the,1835,1
year,1813,1
user,1994,1
to,1743,1
the,1809,1
the,1842,1
the,1819,1
the,1860,1
the,1805,1
the,1863,1
the,1867,1
the,1858,1
the,1831,1
westlaw,1967,8
test,1983,1
to,1831,1
the,1808,1
water,1586,1
the,1798,1
the,1810,1
the,1805,1
the,1824,1
wp,2006,1
year,1472,303
the,1811,1
the,1847,1
the,1785,1
that,1891,1
to,1853,1
to,1826,1
that,1908,1
the,1737,1
to,1830,1
to,1793,1
the,1815,1
the,1768,1
the,1838,1
the,1831,1
the,1818,1
the,1821,1
the,1727,1
the,1810,1
the,1888,1
that,1811,1
year,1863,1
that,1808,1
was,1807,1
the,1821,1
the,1848,1
the,1796,1
the,1789,1
that,1820,1
treaty,1757,1
to,1824,1
the,1878,1
test,1990,1
the,1805,1
the,1819,1
to,1803,1
to,1824,1
the,1825,1
the,1838,1
wp,2006,7
to,1889,1
was,1822,1
the,1865,1
the,1806,1
the,1812,1
to,1842,1
the,1852,1
the,1851,1
the,1850,1
the,1785,1
to,1815,1
that,1846,1
the,1810,1
the,1852,1
to,1830,2
the,1853,1
the,1830,1
user,1995,1
